image_path,label
C:\Users\nihar\Documents\ML Projects\Deep Learning Projects\Dog Emotion Detection\Final dog dataset\Final dog dataset\sad\xwujwWRPeNhQRU8eKC81SMvBDsLquG839.jpg,sad
C:\Users\nihar\Documents\ML Projects\Deep Learning Projects\Dog Emotion Detection\Final dog dataset\Final dog dataset\sad\vJzTcQ21bEU9XSKuG8DHzDl3JZRsZo919.jpg,sad
C:\Users\nihar\Documents\ML Projects\Deep Learning Projects\Dog Emotion Detection\Final dog dataset\Final dog dataset\relaxed\48126890461_8d18c7c120_b.jpg,relaxed
C:\Users\nihar\Documents\ML Projects\Deep Learning Projects\Dog Emotion Detection\Final dog dataset\Final dog dataset\relaxed\6186600378_b32c96818c_b.jpg,relaxed
C:\Users\nihar\Documents\ML Projects\Deep Learning Projects\Dog Emotion Detection\Final dog dataset\Final dog dataset\relaxed\4582932335_6ede1e76a4_b.jpg,relaxed
C:\Users\nihar\Documents\ML Projects\Deep Learning Projects\Dog Emotion Detection\Final dog dataset\Final dog dataset\relaxed\8313259080_5e556b6ea8_b.jpg,relaxed
C:\Users\nihar\Documents\ML Projects\Deep Learning Projects\Dog Emotion Detection\Final dog dataset\Final dog dataset\relaxed\8234822994_fe4794afa0_b.jpg,relaxed
C:\Users\nihar\Documents\ML Projects\Deep Learning Projects\Dog Emotion Detection\Final dog dataset\Final dog dataset\happy\20Slftr3hH9t9UsVIqRCWAoaURsdps595.jpg,happy
C:\Users\nihar\Documents\ML Projects\Deep Learning Projects\Dog Emotion Detection\Final dog dataset\Final dog dataset\relaxed\39530267740_4f36b5d8ef_b.jpg,relaxed
C:\Users\nihar\Documents\ML Projects\Deep Learning Projects\Dog Emotion Detection\Final dog dataset\Final dog dataset\sad\a4DjN9mT8BCRhgJNfqQaHE9Brjt64T185.jpg,sad
C:\Users\nihar\Documents\ML Projects\Deep Learning Projects\Dog Emotion Detection\Final dog dataset\Final dog dataset\sad\PFMTJJ167iDGl2yRuhLEOp5Cl8eUYz776.jpg,sad
C:\Users\nihar\Documents\ML Projects\Deep Learning Projects\Dog Emotion Detection\Final dog dataset\Final dog dataset\angry\sUTnduonEbXtE9mrhJeQdqP7rF2Rs0187.jpg,angry
C:\Users\nihar\Documents\ML Projects\Deep Learning Projects\Dog Emotion Detection\Final dog dataset\Final dog dataset\angry\GeSJFWrpvC4wNmZYwfHqxsnmScapIs698.jpg,angry
C:\Users\nihar\Documents\ML Projects\Deep Learning Projects\Dog Emotion Detection\Final dog dataset\Final dog dataset\relaxed\38526667352_afc22bd8aa_b.jpg,relaxed
C:\Users\nihar\Documents\ML Projects\Deep Learning Projects\Dog Emotion Detection\Final dog dataset\Final dog dataset\happy\JIoiqIH0ZCKtuWnqZPtzm80pEybWM831.jpg,happy
C:\Users\nihar\Documents\ML Projects\Deep Learning Projects\Dog Emotion Detection\Final dog dataset\Final dog dataset\happy\7827786636_fc0e414cc2_b.jpg,happy
C:\Users\nihar\Documents\ML Projects\Deep Learning Projects\Dog Emotion Detection\Final dog dataset\Final dog dataset\happy\A9TnvG95dmcTR3twhaF5MDw3tzwD89507.jpg,happy
C:\Users\nihar\Documents\ML Projects\Deep Learning Projects\Dog Emotion Detection\Final dog dataset\Final dog dataset\happy\5582484160_76ce3681c2_b.jpg,happy
C:\Users\nihar\Documents\ML Projects\Deep Learning Projects\Dog Emotion Detection\Final dog dataset\Final dog dataset\angry\1XO0BbeilTxjEAu7L1u8rdaJfi280V401.jpg,angry
C:\Users\nihar\Documents\ML Projects\Deep Learning Projects\Dog Emotion Detection\Final dog dataset\Final dog dataset\happy\jTmqUHz9vbTH4UxDr2B8WYoCH5r8PO592.jpg,happy
C:\Users\nihar\Documents\ML Projects\Deep Learning Projects\Dog Emotion Detection\Final dog dataset\Final dog dataset\sad\hXCuU8Ho1LXQNUOktZWMK7h28pDiiz104.jpg,sad
C:\Users\nihar\Documents\ML Projects\Deep Learning Projects\Dog Emotion Detection\Final dog dataset\Final dog dataset\relaxed\8482998416_b358e5984c_b.jpg,relaxed
C:\Users\nihar\Documents\ML Projects\Deep Learning Projects\Dog Emotion Detection\Final dog dataset\Final dog dataset\relaxed\7360457472_9a98f38e40_b.jpg,relaxed
C:\Users\nihar\Documents\ML Projects\Deep Learning Projects\Dog Emotion Detection\Final dog dataset\Final dog dataset\relaxed\5498165444_f18efed7e3_b.jpg,relaxed
C:\Users\nihar\Documents\ML Projects\Deep Learning Projects\Dog Emotion Detection\Final dog dataset\Final dog dataset\sad\NFK7D26SVEk86WcA05fh5R73bSA0rC752.jpg,sad
C:\Users\nihar\Documents\ML Projects\Deep Learning Projects\Dog Emotion Detection\Final dog dataset\Final dog dataset\angry\1168400090_e19b74f670_b.jpg,angry
C:\Users\nihar\Documents\ML Projects\Deep Learning Projects\Dog Emotion Detection\Final dog dataset\Final dog dataset\happy\eJJFRDb9EamO50JNWB8ZJYIPjNbFnn274.jpg,happy
C:\Users\nihar\Documents\ML Projects\Deep Learning Projects\Dog Emotion Detection\Final dog dataset\Final dog dataset\sad\mec0FXzqUnwz4kjxE1q2FUpLOen2fF686.jpg,sad
C:\Users\nihar\Documents\ML Projects\Deep Learning Projects\Dog Emotion Detection\Final dog dataset\Final dog dataset\angry\G4mh7ehkxmWhMlQS6T7dNyuEEyBR1p762.jpg,angry
C:\Users\nihar\Documents\ML Projects\Deep Learning Projects\Dog Emotion Detection\Final dog dataset\Final dog dataset\sad\UTT8lisNKypK8nKJJnQyGZhK3iCx7Z658.jpg,sad
C:\Users\nihar\Documents\ML Projects\Deep Learning Projects\Dog Emotion Detection\Final dog dataset\Final dog dataset\angry\RkMXTiAXwYbCrFtaLdK9zbVEDkwLPe285.jpg,angry
C:\Users\nihar\Documents\ML Projects\Deep Learning Projects\Dog Emotion Detection\Final dog dataset\Final dog dataset\relaxed\8385304001_3dfbf9338d_b.jpg,relaxed
C:\Users\nihar\Documents\ML Projects\Deep Learning Projects\Dog Emotion Detection\Final dog dataset\Final dog dataset\angry\LXEPBx3YzB2IJA3GJZTN9jBzwKESLq288.jpg,angry
C:\Users\nihar\Documents\ML Projects\Deep Learning Projects\Dog Emotion Detection\Final dog dataset\Final dog dataset\sad\KdKAvRoogVUvOZ6eo80T3WYEJZWbMr942.jpg,sad
C:\Users\nihar\Documents\ML Projects\Deep Learning Projects\Dog Emotion Detection\Final dog dataset\Final dog dataset\relaxed\9364803929_02c4cf4685_b.jpg,relaxed
C:\Users\nihar\Documents\ML Projects\Deep Learning Projects\Dog Emotion Detection\Final dog dataset\Final dog dataset\sad\v34NwzMUNoqeiXrOkebgBGaAd8S5Sn866.jpg,sad
C:\Users\nihar\Documents\ML Projects\Deep Learning Projects\Dog Emotion Detection\Final dog dataset\Final dog dataset\relaxed\42621876281_c08b58a6ba_b.jpg,relaxed
C:\Users\nihar\Documents\ML Projects\Deep Learning Projects\Dog Emotion Detection\Final dog dataset\Final dog dataset\sad\UpbbYFlBck3Nm18zJpG8qqd5YKQI6d50.jpg,sad
C:\Users\nihar\Documents\ML Projects\Deep Learning Projects\Dog Emotion Detection\Final dog dataset\Final dog dataset\angry\GAzOMCGrmx33IkGP76TlsjrFLYtmWw213.jpg,angry
C:\Users\nihar\Documents\ML Projects\Deep Learning Projects\Dog Emotion Detection\Final dog dataset\Final dog dataset\sad\3AeYzIVsWqZu5UfGmWWLxhkAZ7Kclg812.jpg,sad
C:\Users\nihar\Documents\ML Projects\Deep Learning Projects\Dog Emotion Detection\Final dog dataset\Final dog dataset\relaxed\4701573281_c03d973d5f_b.jpg,relaxed
C:\Users\nihar\Documents\ML Projects\Deep Learning Projects\Dog Emotion Detection\Final dog dataset\Final dog dataset\angry\gb03b66gOZOnzCn0GqYBbpN7CVKfkd995.jpg,angry
C:\Users\nihar\Documents\ML Projects\Deep Learning Projects\Dog Emotion Detection\Final dog dataset\Final dog dataset\happy\8DVSkAuaHR1FfaSA8wEijm9DnzPJyp993.jpg,happy
C:\Users\nihar\Documents\ML Projects\Deep Learning Projects\Dog Emotion Detection\Final dog dataset\Final dog dataset\sad\h4fUPHyslyWjuBHfBMRwkPM8vbBvDp881.jpg,sad
C:\Users\nihar\Documents\ML Projects\Deep Learning Projects\Dog Emotion Detection\Final dog dataset\Final dog dataset\happy\eU5i4dqYOxsGV5Ehej8qHMrSpUvq0L558.jpg,happy
C:\Users\nihar\Documents\ML Projects\Deep Learning Projects\Dog Emotion Detection\Final dog dataset\Final dog dataset\angry\CJYDFL04AyIR5OwaeoPU23qtjvncmn920.jpg,angry
C:\Users\nihar\Documents\ML Projects\Deep Learning Projects\Dog Emotion Detection\Final dog dataset\Final dog dataset\sad\D8tn1ksgiZ6UsrgKUENO8wtQorupE6408.jpg,sad
C:\Users\nihar\Documents\ML Projects\Deep Learning Projects\Dog Emotion Detection\Final dog dataset\Final dog dataset\happy\5nMSUMty8mCwORidzn9cEwmeKJ6UPD825.jpg,happy
C:\Users\nihar\Documents\ML Projects\Deep Learning Projects\Dog Emotion Detection\Final dog dataset\Final dog dataset\sad\YuoaS3p08qCnaAiL2d1SHbuiXJAutI456.jpg,sad
C:\Users\nihar\Documents\ML Projects\Deep Learning Projects\Dog Emotion Detection\Final dog dataset\Final dog dataset\angry\VA49rWLO0IRAzRvHjqJRVy7CVSfJ2Y313.jpg,angry
C:\Users\nihar\Documents\ML Projects\Deep Learning Projects\Dog Emotion Detection\Final dog dataset\Final dog dataset\sad\EVYEp6d7NH0q1exCVanRG4Shrv5KQH527.jpg,sad
C:\Users\nihar\Documents\ML Projects\Deep Learning Projects\Dog Emotion Detection\Final dog dataset\Final dog dataset\angry\VSPGvXzamkfSrwdtjMJEjbx9H7gpfp449.jpg,angry
C:\Users\nihar\Documents\ML Projects\Deep Learning Projects\Dog Emotion Detection\Final dog dataset\Final dog dataset\angry\RxJvo8ZI7lkNFyfNeo4kYcp91GE1pX461.jpg,angry
C:\Users\nihar\Documents\ML Projects\Deep Learning Projects\Dog Emotion Detection\Final dog dataset\Final dog dataset\sad\TKP5tcnBQVwKpSMyTKD9E4B0pxIcmV711.jpg,sad
C:\Users\nihar\Documents\ML Projects\Deep Learning Projects\Dog Emotion Detection\Final dog dataset\Final dog dataset\relaxed\51369694311_8073fac021_b.jpg,relaxed
C:\Users\nihar\Documents\ML Projects\Deep Learning Projects\Dog Emotion Detection\Final dog dataset\Final dog dataset\angry\bFcv2Ai52jnrgfzz4goSegjxufJ3LS845.jpg,angry
C:\Users\nihar\Documents\ML Projects\Deep Learning Projects\Dog Emotion Detection\Final dog dataset\Final dog dataset\happy\7625897830_cb938759fe_b.jpg,happy
C:\Users\nihar\Documents\ML Projects\Deep Learning Projects\Dog Emotion Detection\Final dog dataset\Final dog dataset\relaxed\7886236606_af25ed1a87_b.jpg,relaxed
C:\Users\nihar\Documents\ML Projects\Deep Learning Projects\Dog Emotion Detection\Final dog dataset\Final dog dataset\happy\8290341281_efd9583131_b.jpg,happy
C:\Users\nihar\Documents\ML Projects\Deep Learning Projects\Dog Emotion Detection\Final dog dataset\Final dog dataset\angry\NRIssVhCiRj93Qz8n4UiDaZrtzvKZF657.jpg,angry
C:\Users\nihar\Documents\ML Projects\Deep Learning Projects\Dog Emotion Detection\Final dog dataset\Final dog dataset\angry\MS8AGnvmV7ZF3ZZrIm4c1ENpqGRXlv330.jpg,angry
C:\Users\nihar\Documents\ML Projects\Deep Learning Projects\Dog Emotion Detection\Final dog dataset\Final dog dataset\angry\IVoT25UAubT3CDYYRsL3N9TCjPSo32556.jpg,angry
C:\Users\nihar\Documents\ML Projects\Deep Learning Projects\Dog Emotion Detection\Final dog dataset\Final dog dataset\happy\8RhpzoTUq4duwaOSYeVU6QEXhy440t134.jpg,happy
C:\Users\nihar\Documents\ML Projects\Deep Learning Projects\Dog Emotion Detection\Final dog dataset\Final dog dataset\happy\jNoopHchLqeUTWOEofH1XnSFmZTKtS241.jpg,happy
C:\Users\nihar\Documents\ML Projects\Deep Learning Projects\Dog Emotion Detection\Final dog dataset\Final dog dataset\happy\7746478918_dd372edd4b_b.jpg,happy
C:\Users\nihar\Documents\ML Projects\Deep Learning Projects\Dog Emotion Detection\Final dog dataset\Final dog dataset\happy\JGAVjliiDoWKk9JnNGW4kDPxjrBXwY234.jpg,happy
C:\Users\nihar\Documents\ML Projects\Deep Learning Projects\Dog Emotion Detection\Final dog dataset\Final dog dataset\sad\MjMMwFN8I8R0NC5uWXkisLgHm9slL7773.jpg,sad
C:\Users\nihar\Documents\ML Projects\Deep Learning Projects\Dog Emotion Detection\Final dog dataset\Final dog dataset\relaxed\3759163564_f000024baa_b.jpg,relaxed
C:\Users\nihar\Documents\ML Projects\Deep Learning Projects\Dog Emotion Detection\Final dog dataset\Final dog dataset\happy\8329836567_2dc3fc6f30_b.jpg,happy
C:\Users\nihar\Documents\ML Projects\Deep Learning Projects\Dog Emotion Detection\Final dog dataset\Final dog dataset\angry\XiL5OnGXaN7icBLe7Y3GTIecOMKy8z566.jpg,angry
C:\Users\nihar\Documents\ML Projects\Deep Learning Projects\Dog Emotion Detection\Final dog dataset\Final dog dataset\sad\cHgZDhJbGeC4mcs9Cd5gHFDs9bRaqa653.jpg,sad
C:\Users\nihar\Documents\ML Projects\Deep Learning Projects\Dog Emotion Detection\Final dog dataset\Final dog dataset\sad\zWQdoup3YMKIdqfwc2XM8BXde1M67k5.jpg,sad
C:\Users\nihar\Documents\ML Projects\Deep Learning Projects\Dog Emotion Detection\Final dog dataset\Final dog dataset\sad\j2ZvDsgPT36cPO4PZNazjipfEF211K500.jpg,sad
C:\Users\nihar\Documents\ML Projects\Deep Learning Projects\Dog Emotion Detection\Final dog dataset\Final dog dataset\happy\6453413397_1d756b7cd5_b.jpg,happy
C:\Users\nihar\Documents\ML Projects\Deep Learning Projects\Dog Emotion Detection\Final dog dataset\Final dog dataset\sad\lBoz3o6S9GI3JnjPgiTzlkjRtThvrD726.jpg,sad
C:\Users\nihar\Documents\ML Projects\Deep Learning Projects\Dog Emotion Detection\Final dog dataset\Final dog dataset\sad\eWHdUCh9nZTueMYKIq2QZD65qWkp9C826.jpg,sad
C:\Users\nihar\Documents\ML Projects\Deep Learning Projects\Dog Emotion Detection\Final dog dataset\Final dog dataset\relaxed\9582390898_ecc8535775_b.jpg,relaxed
C:\Users\nihar\Documents\ML Projects\Deep Learning Projects\Dog Emotion Detection\Final dog dataset\Final dog dataset\happy\36Kug5qOS5wBNeQeMTTboN7Bc2QZKm829.jpg,happy
C:\Users\nihar\Documents\ML Projects\Deep Learning Projects\Dog Emotion Detection\Final dog dataset\Final dog dataset\angry\yb8BFChHuXb4Tb9YAy8FhXuK0CcBy6706.jpg,angry
C:\Users\nihar\Documents\ML Projects\Deep Learning Projects\Dog Emotion Detection\Final dog dataset\Final dog dataset\relaxed\4649282497_e77e8940c8_b.jpg,relaxed
C:\Users\nihar\Documents\ML Projects\Deep Learning Projects\Dog Emotion Detection\Final dog dataset\Final dog dataset\happy\AOfuZwdyH0sJEkPDPtfDem6XZmK5nm912.jpg,happy
C:\Users\nihar\Documents\ML Projects\Deep Learning Projects\Dog Emotion Detection\Final dog dataset\Final dog dataset\sad\JPbHd2hwdZMoUXEMS8tFJF2zYqqL1b707.jpg,sad
C:\Users\nihar\Documents\ML Projects\Deep Learning Projects\Dog Emotion Detection\Final dog dataset\Final dog dataset\relaxed\47786943062_e3132f1924_b.jpg,relaxed
C:\Users\nihar\Documents\ML Projects\Deep Learning Projects\Dog Emotion Detection\Final dog dataset\Final dog dataset\sad\7DWm1TsDoPnVymGH8H6TmwrZAv77A4300.jpg,sad
C:\Users\nihar\Documents\ML Projects\Deep Learning Projects\Dog Emotion Detection\Final dog dataset\Final dog dataset\angry\n9EScxm5J8iVCAVctD0n8mOU6XDJl4622.jpg,angry
C:\Users\nihar\Documents\ML Projects\Deep Learning Projects\Dog Emotion Detection\Final dog dataset\Final dog dataset\happy\6009566946_3416811caa_b.jpg,happy
C:\Users\nihar\Documents\ML Projects\Deep Learning Projects\Dog Emotion Detection\Final dog dataset\Final dog dataset\happy\a6pNYdUUDBDHKgUTJoEZf2kx5MU29s564.jpg,happy
C:\Users\nihar\Documents\ML Projects\Deep Learning Projects\Dog Emotion Detection\Final dog dataset\Final dog dataset\relaxed\7691361016_816bbe12e6_b.jpg,relaxed
C:\Users\nihar\Documents\ML Projects\Deep Learning Projects\Dog Emotion Detection\Final dog dataset\Final dog dataset\sad\lN90tVPGkwXXjjrENJgCY4G4JvsXbM32.jpg,sad
C:\Users\nihar\Documents\ML Projects\Deep Learning Projects\Dog Emotion Detection\Final dog dataset\Final dog dataset\sad\fghX4cldO3C9jai9doQa1ZS7KRz5vK258.jpg,sad
C:\Users\nihar\Documents\ML Projects\Deep Learning Projects\Dog Emotion Detection\Final dog dataset\Final dog dataset\happy\5214b6Cu7FT610cVHlk7qVXGnRGqZ0727.jpg,happy
C:\Users\nihar\Documents\ML Projects\Deep Learning Projects\Dog Emotion Detection\Final dog dataset\Final dog dataset\sad\8E6fBbm0Na9WYiMUmZhTc2G29z28qA229.jpg,sad
C:\Users\nihar\Documents\ML Projects\Deep Learning Projects\Dog Emotion Detection\Final dog dataset\Final dog dataset\angry\bpimj0asziIi8AtjSCxbI4tdwL16Dz173.jpg,angry
C:\Users\nihar\Documents\ML Projects\Deep Learning Projects\Dog Emotion Detection\Final dog dataset\Final dog dataset\sad\Ae3OyM6ZsrPJWUYZk6ui9dXcw0G5pu493.jpg,sad
C:\Users\nihar\Documents\ML Projects\Deep Learning Projects\Dog Emotion Detection\Final dog dataset\Final dog dataset\angry\HmZcnkYJf7MfXntezjfNAnp3FshJoa605.jpg,angry
C:\Users\nihar\Documents\ML Projects\Deep Learning Projects\Dog Emotion Detection\Final dog dataset\Final dog dataset\angry\MwObpB2V6ua63Srao6FjT7RFpCRCrN287.jpg,angry
C:\Users\nihar\Documents\ML Projects\Deep Learning Projects\Dog Emotion Detection\Final dog dataset\Final dog dataset\sad\yRiD49Vu65X12yU1cJYmzW8vENU8LI677.jpg,sad
C:\Users\nihar\Documents\ML Projects\Deep Learning Projects\Dog Emotion Detection\Final dog dataset\Final dog dataset\happy\Db7nCgo8dPM70sJZpmthagWzTdcKHQ724.jpg,happy
C:\Users\nihar\Documents\ML Projects\Deep Learning Projects\Dog Emotion Detection\Final dog dataset\Final dog dataset\sad\zq3lfQmQ0uVWzfl6yymBDVftU5Vqq5680.jpg,sad
C:\Users\nihar\Documents\ML Projects\Deep Learning Projects\Dog Emotion Detection\Final dog dataset\Final dog dataset\happy\6387463257_745cb4fd09_b.jpg,happy
C:\Users\nihar\Documents\ML Projects\Deep Learning Projects\Dog Emotion Detection\Final dog dataset\Final dog dataset\happy\8179852699_b5c040de0c_b.jpg,happy
C:\Users\nihar\Documents\ML Projects\Deep Learning Projects\Dog Emotion Detection\Final dog dataset\Final dog dataset\happy\bTrbzu9OUMGVkOkJp6guarL6X6yd8L9.jpg,happy
C:\Users\nihar\Documents\ML Projects\Deep Learning Projects\Dog Emotion Detection\Final dog dataset\Final dog dataset\relaxed\3433981584_24024eec41_b.jpg,relaxed
C:\Users\nihar\Documents\ML Projects\Deep Learning Projects\Dog Emotion Detection\Final dog dataset\Final dog dataset\happy\742903801_afa8c58401_b.jpg,happy
C:\Users\nihar\Documents\ML Projects\Deep Learning Projects\Dog Emotion Detection\Final dog dataset\Final dog dataset\angry\9zCJwj46EZ8c1MTuY1jZr9qxJWuSva482.jpg,angry
C:\Users\nihar\Documents\ML Projects\Deep Learning Projects\Dog Emotion Detection\Final dog dataset\Final dog dataset\angry\Thh4REs98b36rEq6BNIw9DF2yJ5Gyy874.jpg,angry
C:\Users\nihar\Documents\ML Projects\Deep Learning Projects\Dog Emotion Detection\Final dog dataset\Final dog dataset\angry\4dNopnqIhIBr9atZ2tUCxB1TN456nv219.jpg,angry
C:\Users\nihar\Documents\ML Projects\Deep Learning Projects\Dog Emotion Detection\Final dog dataset\Final dog dataset\sad\AG5OTKkgKpT5r7I2GMWyqeEcJNzokE451.jpg,sad
C:\Users\nihar\Documents\ML Projects\Deep Learning Projects\Dog Emotion Detection\Final dog dataset\Final dog dataset\sad\njofyOLNDDAC4NyRDBXUH0EGuuf4MN176.jpg,sad
C:\Users\nihar\Documents\ML Projects\Deep Learning Projects\Dog Emotion Detection\Final dog dataset\Final dog dataset\relaxed\4148416968_929c21620d_b.jpg,relaxed
C:\Users\nihar\Documents\ML Projects\Deep Learning Projects\Dog Emotion Detection\Final dog dataset\Final dog dataset\happy\aIiHEQkqIFNDYy87FraBbZxfM0Hx7p480.jpg,happy
C:\Users\nihar\Documents\ML Projects\Deep Learning Projects\Dog Emotion Detection\Final dog dataset\Final dog dataset\happy\2Iz5eQQQQJjcLiEKmOwMrigGdH0Vbx419.jpg,happy
C:\Users\nihar\Documents\ML Projects\Deep Learning Projects\Dog Emotion Detection\Final dog dataset\Final dog dataset\happy\H51A1OeLEhLCrhVYbhLzqlR8a12DeP34.jpg,happy
C:\Users\nihar\Documents\ML Projects\Deep Learning Projects\Dog Emotion Detection\Final dog dataset\Final dog dataset\sad\vINPaKKMEKPJcsGRZpCZCbQBDWFJWx441.jpg,sad
C:\Users\nihar\Documents\ML Projects\Deep Learning Projects\Dog Emotion Detection\Final dog dataset\Final dog dataset\relaxed\3259704974_088c1994de_b.jpg,relaxed
C:\Users\nihar\Documents\ML Projects\Deep Learning Projects\Dog Emotion Detection\Final dog dataset\Final dog dataset\relaxed\7957967684_39870d2663_b.jpg,relaxed
C:\Users\nihar\Documents\ML Projects\Deep Learning Projects\Dog Emotion Detection\Final dog dataset\Final dog dataset\sad\kS1R32bIqTO2QOFbzNJ72UL6Vj8zJx85.jpg,sad
C:\Users\nihar\Documents\ML Projects\Deep Learning Projects\Dog Emotion Detection\Final dog dataset\Final dog dataset\relaxed\42901946401_b357f2120c_b.jpg,relaxed
C:\Users\nihar\Documents\ML Projects\Deep Learning Projects\Dog Emotion Detection\Final dog dataset\Final dog dataset\sad\3Pa08LER8WiVBZY63Ul6ZI21gM8xAw207.jpg,sad
C:\Users\nihar\Documents\ML Projects\Deep Learning Projects\Dog Emotion Detection\Final dog dataset\Final dog dataset\relaxed\7026915089_d596c33219_b.jpg,relaxed
C:\Users\nihar\Documents\ML Projects\Deep Learning Projects\Dog Emotion Detection\Final dog dataset\Final dog dataset\sad\jatEaJhmgMZYLhEKLqKpKP8UzX7RzJ639.jpg,sad
C:\Users\nihar\Documents\ML Projects\Deep Learning Projects\Dog Emotion Detection\Final dog dataset\Final dog dataset\happy\8717597144_0c12449bfa_b.jpg,happy
C:\Users\nihar\Documents\ML Projects\Deep Learning Projects\Dog Emotion Detection\Final dog dataset\Final dog dataset\angry\U0BHCmrRSlgBgHYJd8HgBzVaaWAwle1000.jpg,angry
C:\Users\nihar\Documents\ML Projects\Deep Learning Projects\Dog Emotion Detection\Final dog dataset\Final dog dataset\happy\8367003794_d312267ec4_b.jpg,happy
C:\Users\nihar\Documents\ML Projects\Deep Learning Projects\Dog Emotion Detection\Final dog dataset\Final dog dataset\angry\BbqBihMePpZnhEuLpPhvgMN94ZficP826.jpeg,angry
C:\Users\nihar\Documents\ML Projects\Deep Learning Projects\Dog Emotion Detection\Final dog dataset\Final dog dataset\happy\H8OJVlG4VlmwUClITGOflZ7gxgmmm5259.jpg,happy
C:\Users\nihar\Documents\ML Projects\Deep Learning Projects\Dog Emotion Detection\Final dog dataset\Final dog dataset\relaxed\5720608885_12bf101206_b.jpg,relaxed
C:\Users\nihar\Documents\ML Projects\Deep Learning Projects\Dog Emotion Detection\Final dog dataset\Final dog dataset\happy\6316538173_4729caa553_b.jpg,happy
C:\Users\nihar\Documents\ML Projects\Deep Learning Projects\Dog Emotion Detection\Final dog dataset\Final dog dataset\relaxed\5399597431_857270dfc7_b.jpg,relaxed
C:\Users\nihar\Documents\ML Projects\Deep Learning Projects\Dog Emotion Detection\Final dog dataset\Final dog dataset\angry\5lt2pkq5md94mjcXn0QYSkMsJERoiX512.jpeg,angry
C:\Users\nihar\Documents\ML Projects\Deep Learning Projects\Dog Emotion Detection\Final dog dataset\Final dog dataset\angry\ybtj8aSe13qhTS7ATS2WDSdxcsX6Sr980.jpg,angry
C:\Users\nihar\Documents\ML Projects\Deep Learning Projects\Dog Emotion Detection\Final dog dataset\Final dog dataset\relaxed\49198996256_fa893aa9ab_b.jpg,relaxed
C:\Users\nihar\Documents\ML Projects\Deep Learning Projects\Dog Emotion Detection\Final dog dataset\Final dog dataset\relaxed\4805618918_2c2258f202_b.jpg,relaxed
C:\Users\nihar\Documents\ML Projects\Deep Learning Projects\Dog Emotion Detection\Final dog dataset\Final dog dataset\sad\GtdSevkf3Kkm19uvEwDFSCYenUc6Hx598.jpg,sad
C:\Users\nihar\Documents\ML Projects\Deep Learning Projects\Dog Emotion Detection\Final dog dataset\Final dog dataset\relaxed\6822644064_1f93728836_b.jpg,relaxed
C:\Users\nihar\Documents\ML Projects\Deep Learning Projects\Dog Emotion Detection\Final dog dataset\Final dog dataset\angry\wRm0AK3fIvPgtOi36LBAVJKX5LdaMU917.jpg,angry
C:\Users\nihar\Documents\ML Projects\Deep Learning Projects\Dog Emotion Detection\Final dog dataset\Final dog dataset\angry\CEtqt5EfBxm8bzf1yo1yCGYqtq7I7N186.jpg,angry
C:\Users\nihar\Documents\ML Projects\Deep Learning Projects\Dog Emotion Detection\Final dog dataset\Final dog dataset\relaxed\7041615445_c7131b0f7b_b.jpg,relaxed
C:\Users\nihar\Documents\ML Projects\Deep Learning Projects\Dog Emotion Detection\Final dog dataset\Final dog dataset\sad\8yWjALqSY1D3jzrvLjeX6dG8NbzuWE770.jpg,sad
C:\Users\nihar\Documents\ML Projects\Deep Learning Projects\Dog Emotion Detection\Final dog dataset\Final dog dataset\sad\jpczfPFE0bdSCWALD1aeWV5aiH2l7F654.jpg,sad
C:\Users\nihar\Documents\ML Projects\Deep Learning Projects\Dog Emotion Detection\Final dog dataset\Final dog dataset\happy\5xHKSS47dhEN4zBo8oHG3mQQ7XkjBI427.jpg,happy
C:\Users\nihar\Documents\ML Projects\Deep Learning Projects\Dog Emotion Detection\Final dog dataset\Final dog dataset\happy\6784947424_168aa3cdc0_b.jpg,happy
C:\Users\nihar\Documents\ML Projects\Deep Learning Projects\Dog Emotion Detection\Final dog dataset\Final dog dataset\relaxed\484253914_2ef8e6be76_b.jpg,relaxed
C:\Users\nihar\Documents\ML Projects\Deep Learning Projects\Dog Emotion Detection\Final dog dataset\Final dog dataset\sad\zmAi6ZjC6ParXdqeN27YV8sAeRVWyj586.jpg,sad
C:\Users\nihar\Documents\ML Projects\Deep Learning Projects\Dog Emotion Detection\Final dog dataset\Final dog dataset\angry\KYXA8NIcqN2UtgaOgoS92R5XzuC61g67.jpg,angry
C:\Users\nihar\Documents\ML Projects\Deep Learning Projects\Dog Emotion Detection\Final dog dataset\Final dog dataset\happy\6300056676_2a62f131fd_b.jpg,happy
C:\Users\nihar\Documents\ML Projects\Deep Learning Projects\Dog Emotion Detection\Final dog dataset\Final dog dataset\angry\tUTwULjZiS8CR3eZD8qIzP9q22B1OU104.jpg,angry
C:\Users\nihar\Documents\ML Projects\Deep Learning Projects\Dog Emotion Detection\Final dog dataset\Final dog dataset\happy\6271397892_3f5209d655_b.jpg,happy
C:\Users\nihar\Documents\ML Projects\Deep Learning Projects\Dog Emotion Detection\Final dog dataset\Final dog dataset\sad\U4BummGxDcZW1gdLbe63lgszDy4We9100.jpg,sad
C:\Users\nihar\Documents\ML Projects\Deep Learning Projects\Dog Emotion Detection\Final dog dataset\Final dog dataset\sad\A6pBz1vp2NkqD9x2NNxITtbcOjowOr788.jpg,sad
C:\Users\nihar\Documents\ML Projects\Deep Learning Projects\Dog Emotion Detection\Final dog dataset\Final dog dataset\angry\mylidJsSlyOsdiR3bEILn0t0e75bjC1.jpg,angry
C:\Users\nihar\Documents\ML Projects\Deep Learning Projects\Dog Emotion Detection\Final dog dataset\Final dog dataset\sad\5opbz8tuQGfHlZpSxtGZlAg4cUW4Ur340.jpg,sad
C:\Users\nihar\Documents\ML Projects\Deep Learning Projects\Dog Emotion Detection\Final dog dataset\Final dog dataset\happy\7311559336_d30d432487_b.jpg,happy
C:\Users\nihar\Documents\ML Projects\Deep Learning Projects\Dog Emotion Detection\Final dog dataset\Final dog dataset\angry\oRcHe2Gas6rzewd2yq0LKoBS6dl7Xt202.jpg,angry
C:\Users\nihar\Documents\ML Projects\Deep Learning Projects\Dog Emotion Detection\Final dog dataset\Final dog dataset\happy\6033075112_a99c749d0d_b.jpg,happy
C:\Users\nihar\Documents\ML Projects\Deep Learning Projects\Dog Emotion Detection\Final dog dataset\Final dog dataset\happy\7958804654_852da03015_b.jpg,happy
C:\Users\nihar\Documents\ML Projects\Deep Learning Projects\Dog Emotion Detection\Final dog dataset\Final dog dataset\sad\8W0XgDUGyKIGYsGYT9IMtS2OMCSoGn512.jpg,sad
C:\Users\nihar\Documents\ML Projects\Deep Learning Projects\Dog Emotion Detection\Final dog dataset\Final dog dataset\angry\8666743672_096b22ff1a_b.jpg,angry
C:\Users\nihar\Documents\ML Projects\Deep Learning Projects\Dog Emotion Detection\Final dog dataset\Final dog dataset\relaxed\8412765508_8b139eac53_b.jpg,relaxed
C:\Users\nihar\Documents\ML Projects\Deep Learning Projects\Dog Emotion Detection\Final dog dataset\Final dog dataset\happy\6050405025_66d211b3a6_b.jpg,happy
C:\Users\nihar\Documents\ML Projects\Deep Learning Projects\Dog Emotion Detection\Final dog dataset\Final dog dataset\angry\mnefcucfkWdOJsgcsAAEpBlUAhmAAl813.jpg,angry
C:\Users\nihar\Documents\ML Projects\Deep Learning Projects\Dog Emotion Detection\Final dog dataset\Final dog dataset\happy\BjtyvOAQj5z7ly4hNDN2i4ZrvjQUcl995.jpg,happy
C:\Users\nihar\Documents\ML Projects\Deep Learning Projects\Dog Emotion Detection\Final dog dataset\Final dog dataset\happy\6281761514_dcd6f39fe3_b.jpg,happy
C:\Users\nihar\Documents\ML Projects\Deep Learning Projects\Dog Emotion Detection\Final dog dataset\Final dog dataset\happy\JiZmtfVSvueSvEkkfD0AtAzz0fSlpv64.jpg,happy
C:\Users\nihar\Documents\ML Projects\Deep Learning Projects\Dog Emotion Detection\Final dog dataset\Final dog dataset\happy\6062817004_296b0d35fb_b.jpg,happy
C:\Users\nihar\Documents\ML Projects\Deep Learning Projects\Dog Emotion Detection\Final dog dataset\Final dog dataset\sad\TvTL5jji9USB3ezTJZ1JKpfY7KCRPH780.jpg,sad
C:\Users\nihar\Documents\ML Projects\Deep Learning Projects\Dog Emotion Detection\Final dog dataset\Final dog dataset\angry\16709186862_0197f8eee7_b.jpg,angry
C:\Users\nihar\Documents\ML Projects\Deep Learning Projects\Dog Emotion Detection\Final dog dataset\Final dog dataset\happy\6781989769_f8b12277e5_b.jpg,happy
C:\Users\nihar\Documents\ML Projects\Deep Learning Projects\Dog Emotion Detection\Final dog dataset\Final dog dataset\angry\oyAgWL38BKlMj3v9yYpQVPR7Kcwf2K897.jpg,angry
C:\Users\nihar\Documents\ML Projects\Deep Learning Projects\Dog Emotion Detection\Final dog dataset\Final dog dataset\relaxed\7142352353_ec0b21bc71_b.jpg,relaxed
C:\Users\nihar\Documents\ML Projects\Deep Learning Projects\Dog Emotion Detection\Final dog dataset\Final dog dataset\happy\C0N2D9DH1JIuUJIhQT2Cb8m0GCuiL9445.jpg,happy
C:\Users\nihar\Documents\ML Projects\Deep Learning Projects\Dog Emotion Detection\Final dog dataset\Final dog dataset\sad\p0PPFNAls8vn8yhXRicmhVz3w0g5mK73.jpg,sad
C:\Users\nihar\Documents\ML Projects\Deep Learning Projects\Dog Emotion Detection\Final dog dataset\Final dog dataset\relaxed\8162338481_a7c8e8247c_b.jpg,relaxed
C:\Users\nihar\Documents\ML Projects\Deep Learning Projects\Dog Emotion Detection\Final dog dataset\Final dog dataset\sad\CJPEKInDGiUuV5cXJ5csDhFFAHLjgX941.jpg,sad
C:\Users\nihar\Documents\ML Projects\Deep Learning Projects\Dog Emotion Detection\Final dog dataset\Final dog dataset\sad\iwQXJ6SehUmLuFvR8KhkdPpOf7HG3c651.jpg,sad
C:\Users\nihar\Documents\ML Projects\Deep Learning Projects\Dog Emotion Detection\Final dog dataset\Final dog dataset\sad\rTz4rQqjm4rYTMRwd6XsyXszXtO0JI473.jpg,sad
C:\Users\nihar\Documents\ML Projects\Deep Learning Projects\Dog Emotion Detection\Final dog dataset\Final dog dataset\sad\K1UbZpQgw5pNZHRXYL88qsqj445Rau394.jpg,sad
C:\Users\nihar\Documents\ML Projects\Deep Learning Projects\Dog Emotion Detection\Final dog dataset\Final dog dataset\angry\CtgbhgWZDdrtLEtz3miq1WafD773PE317.jpg,angry
C:\Users\nihar\Documents\ML Projects\Deep Learning Projects\Dog Emotion Detection\Final dog dataset\Final dog dataset\happy\6855237750_598dd9c038_b.jpg,happy
C:\Users\nihar\Documents\ML Projects\Deep Learning Projects\Dog Emotion Detection\Final dog dataset\Final dog dataset\happy\cBKrlyZUJDi1tPSld7Wrzz7JWMBAVz37.jpg,happy
C:\Users\nihar\Documents\ML Projects\Deep Learning Projects\Dog Emotion Detection\Final dog dataset\Final dog dataset\angry\J62TVnJEHFeU1FADIVTt4X1qMIrdkh509.jpg,angry
C:\Users\nihar\Documents\ML Projects\Deep Learning Projects\Dog Emotion Detection\Final dog dataset\Final dog dataset\happy\6207572805_5574d4c04a_b.jpg,happy
C:\Users\nihar\Documents\ML Projects\Deep Learning Projects\Dog Emotion Detection\Final dog dataset\Final dog dataset\sad\ERxhmZRr0VGRmRGuhgGTM5lqSYKUET618.jpg,sad
C:\Users\nihar\Documents\ML Projects\Deep Learning Projects\Dog Emotion Detection\Final dog dataset\Final dog dataset\happy\IdSOSdMmeHOa8kQsKYqcx386M6h8d9854.jpg,happy
C:\Users\nihar\Documents\ML Projects\Deep Learning Projects\Dog Emotion Detection\Final dog dataset\Final dog dataset\relaxed\49352557758_e5b2174a85_b.jpg,relaxed
C:\Users\nihar\Documents\ML Projects\Deep Learning Projects\Dog Emotion Detection\Final dog dataset\Final dog dataset\angry\yTB3SAzCfmEykiMRH5T8U9N3EfX0pv661.jpg,angry
C:\Users\nihar\Documents\ML Projects\Deep Learning Projects\Dog Emotion Detection\Final dog dataset\Final dog dataset\happy\KVJpcj8xM7xkWLBmvqz8QpO2LfiF2T235.jpg,happy
C:\Users\nihar\Documents\ML Projects\Deep Learning Projects\Dog Emotion Detection\Final dog dataset\Final dog dataset\happy\6192789397_ac1ef2ba29_b.jpg,happy
C:\Users\nihar\Documents\ML Projects\Deep Learning Projects\Dog Emotion Detection\Final dog dataset\Final dog dataset\angry\6tWUQOIhTOP3Bnd0P6uBLatPi9taY3794.jpg,angry
C:\Users\nihar\Documents\ML Projects\Deep Learning Projects\Dog Emotion Detection\Final dog dataset\Final dog dataset\angry\LRo8n5yljUbgl1eyzmFVQOncZmURZf510.jpeg,angry
C:\Users\nihar\Documents\ML Projects\Deep Learning Projects\Dog Emotion Detection\Final dog dataset\Final dog dataset\sad\w2Fv3fFWLLDrjoLNqBPzdixo1qs4as838.jpg,sad
C:\Users\nihar\Documents\ML Projects\Deep Learning Projects\Dog Emotion Detection\Final dog dataset\Final dog dataset\relaxed\6880570612_6bbdd7bea2_b.jpg,relaxed
C:\Users\nihar\Documents\ML Projects\Deep Learning Projects\Dog Emotion Detection\Final dog dataset\Final dog dataset\sad\N23pxrqpznDVviXXLvpXCHyKkAlwXM619.jpg,sad
C:\Users\nihar\Documents\ML Projects\Deep Learning Projects\Dog Emotion Detection\Final dog dataset\Final dog dataset\sad\BYEpicjNNIIvPRRKwxkw5Kswpm22s6532.jpg,sad
C:\Users\nihar\Documents\ML Projects\Deep Learning Projects\Dog Emotion Detection\Final dog dataset\Final dog dataset\happy\L5H8UxOEZuSt749VZwlRuaDIJtGe6t844.jpg,happy
C:\Users\nihar\Documents\ML Projects\Deep Learning Projects\Dog Emotion Detection\Final dog dataset\Final dog dataset\angry\33745660078_2108bd5c9f_b.jpg,angry
C:\Users\nihar\Documents\ML Projects\Deep Learning Projects\Dog Emotion Detection\Final dog dataset\Final dog dataset\relaxed\5965798920_7de5698a6a_b.jpg,relaxed
C:\Users\nihar\Documents\ML Projects\Deep Learning Projects\Dog Emotion Detection\Final dog dataset\Final dog dataset\happy\AO5TLT1TPQCndr0dS4N46MqM7lfuWf430.jpg,happy
C:\Users\nihar\Documents\ML Projects\Deep Learning Projects\Dog Emotion Detection\Final dog dataset\Final dog dataset\angry\4fjNxozcTnE8uSUYHyJRbVG1jAh8q9789.jpg,angry
C:\Users\nihar\Documents\ML Projects\Deep Learning Projects\Dog Emotion Detection\Final dog dataset\Final dog dataset\sad\tF8CgAhwWiGim1kDHj6sqwmRRmECMP999.jpg,sad
C:\Users\nihar\Documents\ML Projects\Deep Learning Projects\Dog Emotion Detection\Final dog dataset\Final dog dataset\sad\XPAh2IIVdCqYf8yaaIuO0r6yrXODSk80.jpg,sad
C:\Users\nihar\Documents\ML Projects\Deep Learning Projects\Dog Emotion Detection\Final dog dataset\Final dog dataset\relaxed\39409250392_5d7559799f_b.jpg,relaxed
C:\Users\nihar\Documents\ML Projects\Deep Learning Projects\Dog Emotion Detection\Final dog dataset\Final dog dataset\angry\N44c3WdzjlkBjRYCaGdlrp0hhAAULk651.jpg,angry
C:\Users\nihar\Documents\ML Projects\Deep Learning Projects\Dog Emotion Detection\Final dog dataset\Final dog dataset\happy\8525619448_c657970bf1_b.jpg,happy
C:\Users\nihar\Documents\ML Projects\Deep Learning Projects\Dog Emotion Detection\Final dog dataset\Final dog dataset\angry\WInhBa6dKKqby5aOxZwZXOH7mvEasa125.jpg,angry
C:\Users\nihar\Documents\ML Projects\Deep Learning Projects\Dog Emotion Detection\Final dog dataset\Final dog dataset\angry\lTQyak161Cj3Egbt2lJbx8MS5cGxMv55.jpg,angry
C:\Users\nihar\Documents\ML Projects\Deep Learning Projects\Dog Emotion Detection\Final dog dataset\Final dog dataset\sad\HQwkA8ZprX08LXa8CVpLR6owb7UuZI605.jpg,sad
C:\Users\nihar\Documents\ML Projects\Deep Learning Projects\Dog Emotion Detection\Final dog dataset\Final dog dataset\happy\IJx9QPZmIaPE2TsgEgu2cd5TT6iBlh142.jpg,happy
C:\Users\nihar\Documents\ML Projects\Deep Learning Projects\Dog Emotion Detection\Final dog dataset\Final dog dataset\angry\DBNk2pmKvj6vLfHYWMMY3yUogC04g6456.jpg,angry
C:\Users\nihar\Documents\ML Projects\Deep Learning Projects\Dog Emotion Detection\Final dog dataset\Final dog dataset\relaxed\7255001744_65011b90a4_b.jpg,relaxed
C:\Users\nihar\Documents\ML Projects\Deep Learning Projects\Dog Emotion Detection\Final dog dataset\Final dog dataset\happy\7523902896_06b3ca1e5e_b.jpg,happy
C:\Users\nihar\Documents\ML Projects\Deep Learning Projects\Dog Emotion Detection\Final dog dataset\Final dog dataset\relaxed\39487999202_1cbc115cf6_b.jpg,relaxed
C:\Users\nihar\Documents\ML Projects\Deep Learning Projects\Dog Emotion Detection\Final dog dataset\Final dog dataset\sad\L2o3Z0VtcfGKScaQpRFsaxk229G1XG247.jpg,sad
C:\Users\nihar\Documents\ML Projects\Deep Learning Projects\Dog Emotion Detection\Final dog dataset\Final dog dataset\angry\afMY7VQzvaPT4hsUIPJpFFH1GIariw526.jpg,angry
C:\Users\nihar\Documents\ML Projects\Deep Learning Projects\Dog Emotion Detection\Final dog dataset\Final dog dataset\sad\OniueuQ8ULc6A4Gm535CMn7H1EvNiD364.jpg,sad
C:\Users\nihar\Documents\ML Projects\Deep Learning Projects\Dog Emotion Detection\Final dog dataset\Final dog dataset\relaxed\8486071927_0156060117_b.jpg,relaxed
C:\Users\nihar\Documents\ML Projects\Deep Learning Projects\Dog Emotion Detection\Final dog dataset\Final dog dataset\relaxed\5259996859_7b1bef36b4_b.jpg,relaxed
C:\Users\nihar\Documents\ML Projects\Deep Learning Projects\Dog Emotion Detection\Final dog dataset\Final dog dataset\angry\33867449026_e1fe1cd0e0_b.jpg,angry
C:\Users\nihar\Documents\ML Projects\Deep Learning Projects\Dog Emotion Detection\Final dog dataset\Final dog dataset\sad\yKJkU5fQ5JN4LaRLDYdh87PKCce1X4911.jpg,sad
C:\Users\nihar\Documents\ML Projects\Deep Learning Projects\Dog Emotion Detection\Final dog dataset\Final dog dataset\angry\1JG6hK4SpWtBZ02lgHdquFtERBHoeU568.jpg,angry
C:\Users\nihar\Documents\ML Projects\Deep Learning Projects\Dog Emotion Detection\Final dog dataset\Final dog dataset\happy\8869916973_ce6c890476_b.jpg,happy
C:\Users\nihar\Documents\ML Projects\Deep Learning Projects\Dog Emotion Detection\Final dog dataset\Final dog dataset\angry\FKqvQUIpIViWD9xvLxG1cOZZ8v9iJi723.jpg,angry
C:\Users\nihar\Documents\ML Projects\Deep Learning Projects\Dog Emotion Detection\Final dog dataset\Final dog dataset\happy\7045460517_3d5886b03a_b.jpg,happy
C:\Users\nihar\Documents\ML Projects\Deep Learning Projects\Dog Emotion Detection\Final dog dataset\Final dog dataset\angry\CavDL8nEpQZHKN0iED75JuX2a2Fb7A174.jpg,angry
C:\Users\nihar\Documents\ML Projects\Deep Learning Projects\Dog Emotion Detection\Final dog dataset\Final dog dataset\angry\cGzJtaz7DPg8U2xcaPHd3EnIh50nZi691.jpg,angry
C:\Users\nihar\Documents\ML Projects\Deep Learning Projects\Dog Emotion Detection\Final dog dataset\Final dog dataset\relaxed\40697977175_ed8fa09b3e_b.jpg,relaxed
C:\Users\nihar\Documents\ML Projects\Deep Learning Projects\Dog Emotion Detection\Final dog dataset\Final dog dataset\relaxed\37718993801_8d88577310_b.jpg,relaxed
C:\Users\nihar\Documents\ML Projects\Deep Learning Projects\Dog Emotion Detection\Final dog dataset\Final dog dataset\sad\fM9ohRy1PwoIX9WiiA72TpPhSBuWDK565.jpg,sad
C:\Users\nihar\Documents\ML Projects\Deep Learning Projects\Dog Emotion Detection\Final dog dataset\Final dog dataset\relaxed\38250017341_f45566d9fe_b.jpg,relaxed
C:\Users\nihar\Documents\ML Projects\Deep Learning Projects\Dog Emotion Detection\Final dog dataset\Final dog dataset\sad\GJHmgB9rB3J1KuAXcBkt7BJyaJHW30380.jpg,sad
C:\Users\nihar\Documents\ML Projects\Deep Learning Projects\Dog Emotion Detection\Final dog dataset\Final dog dataset\happy\738239914_797a31e3c5_b.jpg,happy
C:\Users\nihar\Documents\ML Projects\Deep Learning Projects\Dog Emotion Detection\Final dog dataset\Final dog dataset\happy\9018553240_23326efc00_b.jpg,happy
C:\Users\nihar\Documents\ML Projects\Deep Learning Projects\Dog Emotion Detection\Final dog dataset\Final dog dataset\angry\yn26ana7CTsQhHYMNgTaaNF3wkAf5n907.jpg,angry
C:\Users\nihar\Documents\ML Projects\Deep Learning Projects\Dog Emotion Detection\Final dog dataset\Final dog dataset\happy\B0A1whGWqHwhV4o43C451yxC5iFwg7900.jpg,happy
C:\Users\nihar\Documents\ML Projects\Deep Learning Projects\Dog Emotion Detection\Final dog dataset\Final dog dataset\angry\JCGi0ioboFA6hlc488hh0M7zWGJScV71.jpg,angry
C:\Users\nihar\Documents\ML Projects\Deep Learning Projects\Dog Emotion Detection\Final dog dataset\Final dog dataset\angry\uLr8g3EKy1PKa3Yfj8ciLAuEJS2qut780.jpg,angry
C:\Users\nihar\Documents\ML Projects\Deep Learning Projects\Dog Emotion Detection\Final dog dataset\Final dog dataset\angry\h57GdFThMDKQa7wTH0MDaX01rqoePr597.jpg,angry
C:\Users\nihar\Documents\ML Projects\Deep Learning Projects\Dog Emotion Detection\Final dog dataset\Final dog dataset\happy\8578263368_14d44f183c_b.jpg,happy
C:\Users\nihar\Documents\ML Projects\Deep Learning Projects\Dog Emotion Detection\Final dog dataset\Final dog dataset\relaxed\3993196533_7fa49a8d8c_b.jpg,relaxed
C:\Users\nihar\Documents\ML Projects\Deep Learning Projects\Dog Emotion Detection\Final dog dataset\Final dog dataset\angry\UzGOwgMfgovS5NzNd6nSf8FYLgvyej625.jpg,angry
C:\Users\nihar\Documents\ML Projects\Deep Learning Projects\Dog Emotion Detection\Final dog dataset\Final dog dataset\relaxed\798014541_d7dfe69c47_b.jpg,relaxed
C:\Users\nihar\Documents\ML Projects\Deep Learning Projects\Dog Emotion Detection\Final dog dataset\Final dog dataset\relaxed\8197807673_a6cf900614_b.jpg,relaxed
C:\Users\nihar\Documents\ML Projects\Deep Learning Projects\Dog Emotion Detection\Final dog dataset\Final dog dataset\sad\HKAuex89267bNtWA9z6eQocDHj8JMP259.jpg,sad
C:\Users\nihar\Documents\ML Projects\Deep Learning Projects\Dog Emotion Detection\Final dog dataset\Final dog dataset\relaxed\820236070_2ab065c006_b.jpg,relaxed
C:\Users\nihar\Documents\ML Projects\Deep Learning Projects\Dog Emotion Detection\Final dog dataset\Final dog dataset\relaxed\51316572357_b9d9a8d619_b.jpg,relaxed
C:\Users\nihar\Documents\ML Projects\Deep Learning Projects\Dog Emotion Detection\Final dog dataset\Final dog dataset\happy\k1dZSMBKWTptCYHD6yYgy5on7ASyQm319.jpg,happy
C:\Users\nihar\Documents\ML Projects\Deep Learning Projects\Dog Emotion Detection\Final dog dataset\Final dog dataset\happy\GNA3My5eok7B1rxSMSITXkdS32PjfC549.jpg,happy
C:\Users\nihar\Documents\ML Projects\Deep Learning Projects\Dog Emotion Detection\Final dog dataset\Final dog dataset\happy\l1r3Sdv0DARcP14i8SABWmA4m0ugPN169.jpg,happy
C:\Users\nihar\Documents\ML Projects\Deep Learning Projects\Dog Emotion Detection\Final dog dataset\Final dog dataset\sad\qDbhFhuXvcVLM7fFmJyO6wc2mSJhhZ419.jpg,sad
C:\Users\nihar\Documents\ML Projects\Deep Learning Projects\Dog Emotion Detection\Final dog dataset\Final dog dataset\angry\sL5bkHV6R4vdzJSKPD5QmBPxp4iufR469.jpg,angry
C:\Users\nihar\Documents\ML Projects\Deep Learning Projects\Dog Emotion Detection\Final dog dataset\Final dog dataset\relaxed\5396715514_5e85d75837_b.jpg,relaxed
C:\Users\nihar\Documents\ML Projects\Deep Learning Projects\Dog Emotion Detection\Final dog dataset\Final dog dataset\sad\Ts1PDtk9aF4GZ9kRI0dUNDmPqUwV6I553.jpg,sad
C:\Users\nihar\Documents\ML Projects\Deep Learning Projects\Dog Emotion Detection\Final dog dataset\Final dog dataset\angry\1y1fS58cYhmVko5Dm9DuawUiNwf6Iq695.jpg,angry
C:\Users\nihar\Documents\ML Projects\Deep Learning Projects\Dog Emotion Detection\Final dog dataset\Final dog dataset\angry\j4rAqar41Tpyu231PAJ1uA3sToDraV754.jpg,angry
C:\Users\nihar\Documents\ML Projects\Deep Learning Projects\Dog Emotion Detection\Final dog dataset\Final dog dataset\angry\h2iFIBrwSjXBcCTcw651QRhuNpa7t1629.jpg,angry
C:\Users\nihar\Documents\ML Projects\Deep Learning Projects\Dog Emotion Detection\Final dog dataset\Final dog dataset\happy\DCtPeOu7LcBQrCdpNv3uJRGdZrNexC481.jpg,happy
C:\Users\nihar\Documents\ML Projects\Deep Learning Projects\Dog Emotion Detection\Final dog dataset\Final dog dataset\angry\EG6S7teTihA7DpQntQP2kWmCz8LfFN544.jpg,angry
C:\Users\nihar\Documents\ML Projects\Deep Learning Projects\Dog Emotion Detection\Final dog dataset\Final dog dataset\sad\TZbLO9eOls7ApVdTNIrCQVXfSItCDR48.jpg,sad
C:\Users\nihar\Documents\ML Projects\Deep Learning Projects\Dog Emotion Detection\Final dog dataset\Final dog dataset\relaxed\7838547528_65c9f94663_b.jpg,relaxed
C:\Users\nihar\Documents\ML Projects\Deep Learning Projects\Dog Emotion Detection\Final dog dataset\Final dog dataset\angry\fy82iRLqYnWqokn00yfExaPvgVCEXF882.jpg,angry
C:\Users\nihar\Documents\ML Projects\Deep Learning Projects\Dog Emotion Detection\Final dog dataset\Final dog dataset\angry\sZfhG24n0CX3W2J2dVbxxbWYGx5HWT719.jpg,angry
C:\Users\nihar\Documents\ML Projects\Deep Learning Projects\Dog Emotion Detection\Final dog dataset\Final dog dataset\sad\e9FX6L0qfjyxblLAp8IqoPe8M9fExW29.jpg,sad
C:\Users\nihar\Documents\ML Projects\Deep Learning Projects\Dog Emotion Detection\Final dog dataset\Final dog dataset\happy\5620846039_be12fc235a_b.jpg,happy
C:\Users\nihar\Documents\ML Projects\Deep Learning Projects\Dog Emotion Detection\Final dog dataset\Final dog dataset\relaxed\32221952330_000795d8fe_b.jpg,relaxed
C:\Users\nihar\Documents\ML Projects\Deep Learning Projects\Dog Emotion Detection\Final dog dataset\Final dog dataset\angry\f4LCDZNokFIE1rt6dlbPhW5smqvJ9P722.jpg,angry
C:\Users\nihar\Documents\ML Projects\Deep Learning Projects\Dog Emotion Detection\Final dog dataset\Final dog dataset\happy\5799096533_d8c4825ac9_b.jpg,happy
C:\Users\nihar\Documents\ML Projects\Deep Learning Projects\Dog Emotion Detection\Final dog dataset\Final dog dataset\angry\dyNqFZjZ9R75dBlqvU9MvcjlP5mdS8487.jpg,angry
C:\Users\nihar\Documents\ML Projects\Deep Learning Projects\Dog Emotion Detection\Final dog dataset\Final dog dataset\happy\6023295254_7e8329e006_b.jpg,happy
C:\Users\nihar\Documents\ML Projects\Deep Learning Projects\Dog Emotion Detection\Final dog dataset\Final dog dataset\sad\9NEHxgZLdI9BavjFw0lrGuwoeEUJh249.jpg,sad
C:\Users\nihar\Documents\ML Projects\Deep Learning Projects\Dog Emotion Detection\Final dog dataset\Final dog dataset\happy\8106610074_b32a669d68_b.jpg,happy
C:\Users\nihar\Documents\ML Projects\Deep Learning Projects\Dog Emotion Detection\Final dog dataset\Final dog dataset\angry\M9VlDgM74zc4ebnAF5EP79RUTOeVBf217.jpg,angry
C:\Users\nihar\Documents\ML Projects\Deep Learning Projects\Dog Emotion Detection\Final dog dataset\Final dog dataset\relaxed\7952100226_babc7133bc_b.jpg,relaxed
C:\Users\nihar\Documents\ML Projects\Deep Learning Projects\Dog Emotion Detection\Final dog dataset\Final dog dataset\sad\oAM8mpl8Lcw6RlpO7hdRGsU7qAsiPD177.jpg,sad
C:\Users\nihar\Documents\ML Projects\Deep Learning Projects\Dog Emotion Detection\Final dog dataset\Final dog dataset\sad\uWzGeW8khHGFdOnbP2Dx2vNZHocMw4187.jpg,sad
C:\Users\nihar\Documents\ML Projects\Deep Learning Projects\Dog Emotion Detection\Final dog dataset\Final dog dataset\happy\61497212_4e562bcf1c_b.jpg,happy
C:\Users\nihar\Documents\ML Projects\Deep Learning Projects\Dog Emotion Detection\Final dog dataset\Final dog dataset\happy\6397254833_3b6a5a2ebb_b.jpg,happy
C:\Users\nihar\Documents\ML Projects\Deep Learning Projects\Dog Emotion Detection\Final dog dataset\Final dog dataset\angry\tuzq9xrKK7buri97Z1PezghM6BWeR9254.jpg,angry
C:\Users\nihar\Documents\ML Projects\Deep Learning Projects\Dog Emotion Detection\Final dog dataset\Final dog dataset\relaxed\7035285633_b7bee7341e_b.jpg,relaxed
C:\Users\nihar\Documents\ML Projects\Deep Learning Projects\Dog Emotion Detection\Final dog dataset\Final dog dataset\relaxed\33526147970_ab0b22ab9a_b.jpg,relaxed
C:\Users\nihar\Documents\ML Projects\Deep Learning Projects\Dog Emotion Detection\Final dog dataset\Final dog dataset\happy\8905969066_be29e2ff2a_b.jpg,happy
C:\Users\nihar\Documents\ML Projects\Deep Learning Projects\Dog Emotion Detection\Final dog dataset\Final dog dataset\angry\90wipLCXJtLA7cnQd6bvmhan5rz0wa450.jpg,angry
C:\Users\nihar\Documents\ML Projects\Deep Learning Projects\Dog Emotion Detection\Final dog dataset\Final dog dataset\relaxed\6423392959_42d383032c_b.jpg,relaxed
C:\Users\nihar\Documents\ML Projects\Deep Learning Projects\Dog Emotion Detection\Final dog dataset\Final dog dataset\happy\70660078_cdea2677b9_b.jpg,happy
C:\Users\nihar\Documents\ML Projects\Deep Learning Projects\Dog Emotion Detection\Final dog dataset\Final dog dataset\relaxed\7462580258_2a620cca93_b.jpg,relaxed
C:\Users\nihar\Documents\ML Projects\Deep Learning Projects\Dog Emotion Detection\Final dog dataset\Final dog dataset\angry\EcX26TQQkoJQkQQygPIUdvNrAiy1pL521.jpeg,angry
C:\Users\nihar\Documents\ML Projects\Deep Learning Projects\Dog Emotion Detection\Final dog dataset\Final dog dataset\angry\NuX2Ot38P2VUDm3TQDYWEWY2KQa5JI829.jpg,angry
C:\Users\nihar\Documents\ML Projects\Deep Learning Projects\Dog Emotion Detection\Final dog dataset\Final dog dataset\relaxed\6302306230_2de0d494d2_b.jpg,relaxed
C:\Users\nihar\Documents\ML Projects\Deep Learning Projects\Dog Emotion Detection\Final dog dataset\Final dog dataset\relaxed\6208104238_b5de2189f4_b.jpg,relaxed
C:\Users\nihar\Documents\ML Projects\Deep Learning Projects\Dog Emotion Detection\Final dog dataset\Final dog dataset\happy\0GrVKDw4Z8nWqf3iMC3Q0PcruUz8eL906.jpg,happy
C:\Users\nihar\Documents\ML Projects\Deep Learning Projects\Dog Emotion Detection\Final dog dataset\Final dog dataset\angry\WRR6EYOtZpIZB5sZFvdp1fHDapIjtX45.jpg,angry
C:\Users\nihar\Documents\ML Projects\Deep Learning Projects\Dog Emotion Detection\Final dog dataset\Final dog dataset\relaxed\8518825052_4f6b401e30_b.jpg,relaxed
C:\Users\nihar\Documents\ML Projects\Deep Learning Projects\Dog Emotion Detection\Final dog dataset\Final dog dataset\relaxed\4491025897_f55a47022b_b.jpg,relaxed
C:\Users\nihar\Documents\ML Projects\Deep Learning Projects\Dog Emotion Detection\Final dog dataset\Final dog dataset\sad\87PgHZO1gUR6BShuNoVPV5q3BT8Qru535.jpg,sad
C:\Users\nihar\Documents\ML Projects\Deep Learning Projects\Dog Emotion Detection\Final dog dataset\Final dog dataset\relaxed\332940168_c1668aa443_b.jpg,relaxed
C:\Users\nihar\Documents\ML Projects\Deep Learning Projects\Dog Emotion Detection\Final dog dataset\Final dog dataset\sad\3sdF0e9sA56aGFaxvNUbb6sWqf8aOL178.jpg,sad
C:\Users\nihar\Documents\ML Projects\Deep Learning Projects\Dog Emotion Detection\Final dog dataset\Final dog dataset\angry\KwbgjZFyhyFyVsExjlAnzsve5X5IuI668.jpg,angry
C:\Users\nihar\Documents\ML Projects\Deep Learning Projects\Dog Emotion Detection\Final dog dataset\Final dog dataset\happy\i8dcQ9P6Gxl8uDkwxR5gFmav85NSsb27.jpg,happy
C:\Users\nihar\Documents\ML Projects\Deep Learning Projects\Dog Emotion Detection\Final dog dataset\Final dog dataset\angry\XjpOQFVehq0hbZ4tMEiKNgqowBp1Sj188.jpg,angry
C:\Users\nihar\Documents\ML Projects\Deep Learning Projects\Dog Emotion Detection\Final dog dataset\Final dog dataset\relaxed\8222222483_37467ffbf2_b.jpg,relaxed
C:\Users\nihar\Documents\ML Projects\Deep Learning Projects\Dog Emotion Detection\Final dog dataset\Final dog dataset\relaxed\470110161_0a9e9860ba_b.jpg,relaxed
C:\Users\nihar\Documents\ML Projects\Deep Learning Projects\Dog Emotion Detection\Final dog dataset\Final dog dataset\angry\aVXIInHr0jgQzjuXKe7iJqnzE2d0xc258.jpg,angry
C:\Users\nihar\Documents\ML Projects\Deep Learning Projects\Dog Emotion Detection\Final dog dataset\Final dog dataset\relaxed\51123318380_984b393b86_b.jpg,relaxed
C:\Users\nihar\Documents\ML Projects\Deep Learning Projects\Dog Emotion Detection\Final dog dataset\Final dog dataset\happy\6N0fVj5unLzUo9FXiSg0OyfOBC5BPD670.jpg,happy
C:\Users\nihar\Documents\ML Projects\Deep Learning Projects\Dog Emotion Detection\Final dog dataset\Final dog dataset\sad\gAmsCQGarlpn8LDgrhhABL8EXNL3GM937.jpg,sad
C:\Users\nihar\Documents\ML Projects\Deep Learning Projects\Dog Emotion Detection\Final dog dataset\Final dog dataset\relaxed\8684893545_fb2efc1a15_b.jpg,relaxed
C:\Users\nihar\Documents\ML Projects\Deep Learning Projects\Dog Emotion Detection\Final dog dataset\Final dog dataset\happy\7uMdg6xsnkyL4UPlXObnyPY2tqiwXG118.jpg,happy
C:\Users\nihar\Documents\ML Projects\Deep Learning Projects\Dog Emotion Detection\Final dog dataset\Final dog dataset\angry\Bgmy6C9TzlMUI5e9VolOCZ5iwPb9Ja908.jpg,angry
C:\Users\nihar\Documents\ML Projects\Deep Learning Projects\Dog Emotion Detection\Final dog dataset\Final dog dataset\angry\0vltcJWTxKRV0vXzb1Ij2qqDNSheoD824.jpg,angry
C:\Users\nihar\Documents\ML Projects\Deep Learning Projects\Dog Emotion Detection\Final dog dataset\Final dog dataset\angry\LATTp1CcV5vi3ZgCXcTkDDOnq7scFb167.jpg,angry
C:\Users\nihar\Documents\ML Projects\Deep Learning Projects\Dog Emotion Detection\Final dog dataset\Final dog dataset\angry\m0C26CQBi1TBpW8KEAk9UWMlRRsjtz888.jpg,angry
C:\Users\nihar\Documents\ML Projects\Deep Learning Projects\Dog Emotion Detection\Final dog dataset\Final dog dataset\relaxed\522554308_a30b0f6694_b.jpg,relaxed
C:\Users\nihar\Documents\ML Projects\Deep Learning Projects\Dog Emotion Detection\Final dog dataset\Final dog dataset\relaxed\8375257_8d118c308b_b.jpg,relaxed
C:\Users\nihar\Documents\ML Projects\Deep Learning Projects\Dog Emotion Detection\Final dog dataset\Final dog dataset\angry\tmQUWjCTj3cq5UwwAYH8fEZZmvttsj503.jpg,angry
C:\Users\nihar\Documents\ML Projects\Deep Learning Projects\Dog Emotion Detection\Final dog dataset\Final dog dataset\sad\Uv5AYHbST3s0APYONtuPz3bfEbkEjp213.jpg,sad
C:\Users\nihar\Documents\ML Projects\Deep Learning Projects\Dog Emotion Detection\Final dog dataset\Final dog dataset\happy\8352337886_0be5d75536_b.jpg,happy
C:\Users\nihar\Documents\ML Projects\Deep Learning Projects\Dog Emotion Detection\Final dog dataset\Final dog dataset\relaxed\4654372968_931909e1b5_b.jpg,relaxed
C:\Users\nihar\Documents\ML Projects\Deep Learning Projects\Dog Emotion Detection\Final dog dataset\Final dog dataset\angry\D5PB7m3le4dFhX1azEQSBPXoIcNHJJ42.jpg,angry
C:\Users\nihar\Documents\ML Projects\Deep Learning Projects\Dog Emotion Detection\Final dog dataset\Final dog dataset\angry\B2C2VK9nmeAxwsWKhlRl73c6TxEpR5742.jpg,angry
C:\Users\nihar\Documents\ML Projects\Deep Learning Projects\Dog Emotion Detection\Final dog dataset\Final dog dataset\relaxed\49112921277_7a61c85330_b.jpg,relaxed
C:\Users\nihar\Documents\ML Projects\Deep Learning Projects\Dog Emotion Detection\Final dog dataset\Final dog dataset\happy\3m1GrLuPiILiokp11Rbb7RlprXskYU983.jpg,happy
C:\Users\nihar\Documents\ML Projects\Deep Learning Projects\Dog Emotion Detection\Final dog dataset\Final dog dataset\angry\vaRgxdlPbWxqT5pbmYNn7DEwq9smoc208.jpg,angry
C:\Users\nihar\Documents\ML Projects\Deep Learning Projects\Dog Emotion Detection\Final dog dataset\Final dog dataset\sad\IsAuKRbm4V3I85LSRwxYodRIFJVjgo688.jpg,sad
C:\Users\nihar\Documents\ML Projects\Deep Learning Projects\Dog Emotion Detection\Final dog dataset\Final dog dataset\happy\70zKm35WFPLrECn5Y5meeTyvLVnCTx610.jpg,happy
C:\Users\nihar\Documents\ML Projects\Deep Learning Projects\Dog Emotion Detection\Final dog dataset\Final dog dataset\happy\9387029249_fac7f09616_b.jpg,happy
C:\Users\nihar\Documents\ML Projects\Deep Learning Projects\Dog Emotion Detection\Final dog dataset\Final dog dataset\happy\7181818127_e9d2160636_b.jpg,happy
C:\Users\nihar\Documents\ML Projects\Deep Learning Projects\Dog Emotion Detection\Final dog dataset\Final dog dataset\relaxed\3251213874_69e47b7f02_b.jpg,relaxed
C:\Users\nihar\Documents\ML Projects\Deep Learning Projects\Dog Emotion Detection\Final dog dataset\Final dog dataset\sad\b5D5ikTrixnRzN2ORGUjuG0WZKEIpV39.jpg,sad
C:\Users\nihar\Documents\ML Projects\Deep Learning Projects\Dog Emotion Detection\Final dog dataset\Final dog dataset\angry\nrXYMO8RLDxcdWa2GhZkQnt4rCHmpl346.jpg,angry
C:\Users\nihar\Documents\ML Projects\Deep Learning Projects\Dog Emotion Detection\Final dog dataset\Final dog dataset\happy\cv5gvd1BKG2n7qNMzW4AGMDDZAJxgA491.jpg,happy
C:\Users\nihar\Documents\ML Projects\Deep Learning Projects\Dog Emotion Detection\Final dog dataset\Final dog dataset\happy\5581480286_a0ca783efa_b.jpg,happy
C:\Users\nihar\Documents\ML Projects\Deep Learning Projects\Dog Emotion Detection\Final dog dataset\Final dog dataset\angry\jcIWwDKSZdjloGqZoMAXqHnXENH9aO442.jpg,angry
C:\Users\nihar\Documents\ML Projects\Deep Learning Projects\Dog Emotion Detection\Final dog dataset\Final dog dataset\happy\f0aYIGEJDQcynwtXHLpfeLaRiXZcVB709.jpg,happy
C:\Users\nihar\Documents\ML Projects\Deep Learning Projects\Dog Emotion Detection\Final dog dataset\Final dog dataset\happy\6822609511_7794e07c65_b.jpg,happy
C:\Users\nihar\Documents\ML Projects\Deep Learning Projects\Dog Emotion Detection\Final dog dataset\Final dog dataset\relaxed\9129793062_2945ac0fc2_b.jpg,relaxed
C:\Users\nihar\Documents\ML Projects\Deep Learning Projects\Dog Emotion Detection\Final dog dataset\Final dog dataset\happy\6395406147_68dd53b409_b.jpg,happy
C:\Users\nihar\Documents\ML Projects\Deep Learning Projects\Dog Emotion Detection\Final dog dataset\Final dog dataset\happy\6201070585_1c2f27c0c6_b.jpg,happy
C:\Users\nihar\Documents\ML Projects\Deep Learning Projects\Dog Emotion Detection\Final dog dataset\Final dog dataset\angry\qtJ1jgFyoWZnowRo0MNAJnkoIi1wcr35.jpg,angry
C:\Users\nihar\Documents\ML Projects\Deep Learning Projects\Dog Emotion Detection\Final dog dataset\Final dog dataset\happy\gw8Y2TglimcsITisb7Bofyj7yB7Jcl463.jpg,happy
C:\Users\nihar\Documents\ML Projects\Deep Learning Projects\Dog Emotion Detection\Final dog dataset\Final dog dataset\sad\5wxsf4ItHUtmVHksRNOtpGI6JTjRJg894.jpg,sad
C:\Users\nihar\Documents\ML Projects\Deep Learning Projects\Dog Emotion Detection\Final dog dataset\Final dog dataset\relaxed\39695639092_4bf874fef5_b.jpg,relaxed
C:\Users\nihar\Documents\ML Projects\Deep Learning Projects\Dog Emotion Detection\Final dog dataset\Final dog dataset\relaxed\40373904941_fac9c641ac_b.jpg,relaxed
C:\Users\nihar\Documents\ML Projects\Deep Learning Projects\Dog Emotion Detection\Final dog dataset\Final dog dataset\happy\8465496694_eaf898eede_b.jpg,happy
C:\Users\nihar\Documents\ML Projects\Deep Learning Projects\Dog Emotion Detection\Final dog dataset\Final dog dataset\angry\2ygVh7IsyzAlX8ipws7vRBxA2O6SXv414.jpg,angry
C:\Users\nihar\Documents\ML Projects\Deep Learning Projects\Dog Emotion Detection\Final dog dataset\Final dog dataset\sad\ywZ4arwfGRvOwMRgq0359tU7eluGnn873.jpg,sad
C:\Users\nihar\Documents\ML Projects\Deep Learning Projects\Dog Emotion Detection\Final dog dataset\Final dog dataset\angry\bdacqDyPFK2Z2s38MkRl2QIBJHhr2n846.jpg,angry
C:\Users\nihar\Documents\ML Projects\Deep Learning Projects\Dog Emotion Detection\Final dog dataset\Final dog dataset\angry\kakoSumu68PPsx8NNqbo3HDBzlDcqr161.jpg,angry
C:\Users\nihar\Documents\ML Projects\Deep Learning Projects\Dog Emotion Detection\Final dog dataset\Final dog dataset\relaxed\3939913186_4ded85e010_b.jpg,relaxed
C:\Users\nihar\Documents\ML Projects\Deep Learning Projects\Dog Emotion Detection\Final dog dataset\Final dog dataset\relaxed\5409469994_6051aa63d1_b.jpg,relaxed
C:\Users\nihar\Documents\ML Projects\Deep Learning Projects\Dog Emotion Detection\Final dog dataset\Final dog dataset\sad\1OcsRR3ZUdgrGPtVhwXevAKrAqOvKB360.jpg,sad
C:\Users\nihar\Documents\ML Projects\Deep Learning Projects\Dog Emotion Detection\Final dog dataset\Final dog dataset\angry\9BqS5VTkIYAyO0VwmjJdwbc5RM3BGz599.jpg,angry
C:\Users\nihar\Documents\ML Projects\Deep Learning Projects\Dog Emotion Detection\Final dog dataset\Final dog dataset\angry\LmbrG7xKnA3jlsBgATjDfH54dPU3Q8388.jpg,angry
C:\Users\nihar\Documents\ML Projects\Deep Learning Projects\Dog Emotion Detection\Final dog dataset\Final dog dataset\angry\Vnbh4ZAUWlom1zGN7diDMUMb5Un3DA274.jpg,angry
C:\Users\nihar\Documents\ML Projects\Deep Learning Projects\Dog Emotion Detection\Final dog dataset\Final dog dataset\angry\fu3AVXubrw4ExzPhm75hwOqtMSVyWz230.jpg,angry
C:\Users\nihar\Documents\ML Projects\Deep Learning Projects\Dog Emotion Detection\Final dog dataset\Final dog dataset\angry\eDj2w0zppHlLIzDMhnfEX9CdOwFdE8251.jpg,angry
C:\Users\nihar\Documents\ML Projects\Deep Learning Projects\Dog Emotion Detection\Final dog dataset\Final dog dataset\sad\XPYxbht2Ws3dmAteAtaXj5oANAv6qT326.jpg,sad
C:\Users\nihar\Documents\ML Projects\Deep Learning Projects\Dog Emotion Detection\Final dog dataset\Final dog dataset\relaxed\38850697600_2507e1ffb1_b.jpg,relaxed
C:\Users\nihar\Documents\ML Projects\Deep Learning Projects\Dog Emotion Detection\Final dog dataset\Final dog dataset\sad\B540jWDSW0TgpseexlRKxeS2UPq7YC488.jpg,sad
C:\Users\nihar\Documents\ML Projects\Deep Learning Projects\Dog Emotion Detection\Final dog dataset\Final dog dataset\sad\YRpgB7MbYpY1sUXDJCLjGeeXncMPCW557.jpg,sad
C:\Users\nihar\Documents\ML Projects\Deep Learning Projects\Dog Emotion Detection\Final dog dataset\Final dog dataset\relaxed\6140308664_fc019211da_b.jpg,relaxed
C:\Users\nihar\Documents\ML Projects\Deep Learning Projects\Dog Emotion Detection\Final dog dataset\Final dog dataset\sad\0xON5IqZYC18SXfspZXfIrUhFV9dgJ253.jpg,sad
C:\Users\nihar\Documents\ML Projects\Deep Learning Projects\Dog Emotion Detection\Final dog dataset\Final dog dataset\relaxed\41501576980_b61f309ce7_b.jpg,relaxed
C:\Users\nihar\Documents\ML Projects\Deep Learning Projects\Dog Emotion Detection\Final dog dataset\Final dog dataset\angry\9jYfw9LIhRk0XbIO7UuJTPt5nfrrmj666.jpg,angry
C:\Users\nihar\Documents\ML Projects\Deep Learning Projects\Dog Emotion Detection\Final dog dataset\Final dog dataset\sad\ihH523ZVMuGXFufTuKeFp79QaCFIKT996.jpg,sad
C:\Users\nihar\Documents\ML Projects\Deep Learning Projects\Dog Emotion Detection\Final dog dataset\Final dog dataset\sad\d5KoOCJGuuD8qccBHInsjAltuHMkLE282.jpg,sad
C:\Users\nihar\Documents\ML Projects\Deep Learning Projects\Dog Emotion Detection\Final dog dataset\Final dog dataset\angry\WLeNA7QF6qTgpYSjRitjGfHZLyf8UV953.jpg,angry
C:\Users\nihar\Documents\ML Projects\Deep Learning Projects\Dog Emotion Detection\Final dog dataset\Final dog dataset\happy\aVQnuhbNENGIvLSpEHJsOcteS4nvIc931.jpg,happy
C:\Users\nihar\Documents\ML Projects\Deep Learning Projects\Dog Emotion Detection\Final dog dataset\Final dog dataset\sad\HBWugFK2UOKGFSxGdbttlnxUQYVvsj263.jpg,sad
C:\Users\nihar\Documents\ML Projects\Deep Learning Projects\Dog Emotion Detection\Final dog dataset\Final dog dataset\sad\8s6VAlt3tFLXW72K2lvY93pE6XS2D5302.jpg,sad
C:\Users\nihar\Documents\ML Projects\Deep Learning Projects\Dog Emotion Detection\Final dog dataset\Final dog dataset\sad\gOnQipmI382rjWH9YhRO4nmCd3NYgo287.jpg,sad
C:\Users\nihar\Documents\ML Projects\Deep Learning Projects\Dog Emotion Detection\Final dog dataset\Final dog dataset\sad\IKPe6UZ3Do2UlPVNGjcBK4Agh6OGD7719.jpg,sad
C:\Users\nihar\Documents\ML Projects\Deep Learning Projects\Dog Emotion Detection\Final dog dataset\Final dog dataset\sad\1MpwUJ9k2oN6BRmFiONKNsoaNeJSph109.jpg,sad
C:\Users\nihar\Documents\ML Projects\Deep Learning Projects\Dog Emotion Detection\Final dog dataset\Final dog dataset\relaxed\7359966638_211e90da89_b.jpg,relaxed
C:\Users\nihar\Documents\ML Projects\Deep Learning Projects\Dog Emotion Detection\Final dog dataset\Final dog dataset\sad\YRkRFDpkem8vgwiK7uKN5co5o8jcMq502.jpg,sad
C:\Users\nihar\Documents\ML Projects\Deep Learning Projects\Dog Emotion Detection\Final dog dataset\Final dog dataset\relaxed\4781983342_64734deb98_b.jpg,relaxed
C:\Users\nihar\Documents\ML Projects\Deep Learning Projects\Dog Emotion Detection\Final dog dataset\Final dog dataset\angry\Dr2cB0uQAmf3Cmypo7h5VEgFw9DvtD961.jpg,angry
C:\Users\nihar\Documents\ML Projects\Deep Learning Projects\Dog Emotion Detection\Final dog dataset\Final dog dataset\sad\N7enifn3yxz9UHRJ8rf6O8NdEvJQT0884.jpg,sad
C:\Users\nihar\Documents\ML Projects\Deep Learning Projects\Dog Emotion Detection\Final dog dataset\Final dog dataset\sad\0dfGIzGrUq04sXtbalg1BGGYdDtQry708.jpg,sad
C:\Users\nihar\Documents\ML Projects\Deep Learning Projects\Dog Emotion Detection\Final dog dataset\Final dog dataset\relaxed\50574277_918f0d476c_b.jpg,relaxed
C:\Users\nihar\Documents\ML Projects\Deep Learning Projects\Dog Emotion Detection\Final dog dataset\Final dog dataset\angry\ieodRTBcQMt4dazOAvcu53VY5vAKLd14.jpg,angry
C:\Users\nihar\Documents\ML Projects\Deep Learning Projects\Dog Emotion Detection\Final dog dataset\Final dog dataset\relaxed\3585066696_75740f7141_b.jpg,relaxed
C:\Users\nihar\Documents\ML Projects\Deep Learning Projects\Dog Emotion Detection\Final dog dataset\Final dog dataset\sad\eTHi3JbiBUtObaNOW1XddvqXwrtaoz81.jpg,sad
C:\Users\nihar\Documents\ML Projects\Deep Learning Projects\Dog Emotion Detection\Final dog dataset\Final dog dataset\angry\EnnjJ8vQ1nxjwPhrbQVnZ5fMis99HO266.jpg,angry
C:\Users\nihar\Documents\ML Projects\Deep Learning Projects\Dog Emotion Detection\Final dog dataset\Final dog dataset\sad\XR9Q6ZoWWQrLG2Sb2FgFWdq3qOEJ62499.jpg,sad
C:\Users\nihar\Documents\ML Projects\Deep Learning Projects\Dog Emotion Detection\Final dog dataset\Final dog dataset\happy\8332588423_854f17ebce_b.jpg,happy
C:\Users\nihar\Documents\ML Projects\Deep Learning Projects\Dog Emotion Detection\Final dog dataset\Final dog dataset\angry\hcerZKRmlGS9kqqEu0isqfDus7aC4O579.jpg,angry
C:\Users\nihar\Documents\ML Projects\Deep Learning Projects\Dog Emotion Detection\Final dog dataset\Final dog dataset\relaxed\8303668382_bbde05dd68_b.jpg,relaxed
C:\Users\nihar\Documents\ML Projects\Deep Learning Projects\Dog Emotion Detection\Final dog dataset\Final dog dataset\angry\FlfpF6juA9U30WjWmLU1l3i3uiIUXj384.jpg,angry
C:\Users\nihar\Documents\ML Projects\Deep Learning Projects\Dog Emotion Detection\Final dog dataset\Final dog dataset\relaxed\6141112113_a4be6e0d7d_b.jpg,relaxed
C:\Users\nihar\Documents\ML Projects\Deep Learning Projects\Dog Emotion Detection\Final dog dataset\Final dog dataset\angry\z8xwVFJXv78M9thwq99tAsI8FOvZl0108.jpg,angry
C:\Users\nihar\Documents\ML Projects\Deep Learning Projects\Dog Emotion Detection\Final dog dataset\Final dog dataset\angry\oi5U8LBUWFVqZ8Npb31kkhNTvmm0f219.jpg,angry
C:\Users\nihar\Documents\ML Projects\Deep Learning Projects\Dog Emotion Detection\Final dog dataset\Final dog dataset\angry\NN93rmKiYIAOqXwAHPSg0N4DGC6YGg933.jpg,angry
C:\Users\nihar\Documents\ML Projects\Deep Learning Projects\Dog Emotion Detection\Final dog dataset\Final dog dataset\happy\HTY9jgBoQqz5uXK7E9XRa9Er4pFU4l89.jpg,happy
C:\Users\nihar\Documents\ML Projects\Deep Learning Projects\Dog Emotion Detection\Final dog dataset\Final dog dataset\relaxed\35192649453_e2a876000e_b.jpg,relaxed
C:\Users\nihar\Documents\ML Projects\Deep Learning Projects\Dog Emotion Detection\Final dog dataset\Final dog dataset\relaxed\7623026172_ee5fc5af84_b.jpg,relaxed
C:\Users\nihar\Documents\ML Projects\Deep Learning Projects\Dog Emotion Detection\Final dog dataset\Final dog dataset\sad\59Qg8oEuUUF5b4g96V7ZOVQwBlVhzT867.jpg,sad
C:\Users\nihar\Documents\ML Projects\Deep Learning Projects\Dog Emotion Detection\Final dog dataset\Final dog dataset\sad\jsDVZ9P6eKNwvAC3CUJc4cwdG0BsR53.jpg,sad
C:\Users\nihar\Documents\ML Projects\Deep Learning Projects\Dog Emotion Detection\Final dog dataset\Final dog dataset\sad\haIZ0kOEP0iNr0w8tXTIULh0PuQHf957.jpg,sad
C:\Users\nihar\Documents\ML Projects\Deep Learning Projects\Dog Emotion Detection\Final dog dataset\Final dog dataset\sad\kwkPpUwhijXCeJ3VhnRLbGUPHt0BZg206.jpg,sad
C:\Users\nihar\Documents\ML Projects\Deep Learning Projects\Dog Emotion Detection\Final dog dataset\Final dog dataset\relaxed\3393514995_a736fcd25d_b.jpg,relaxed
C:\Users\nihar\Documents\ML Projects\Deep Learning Projects\Dog Emotion Detection\Final dog dataset\Final dog dataset\relaxed\32322044494_3f2aab113f_b.jpg,relaxed
C:\Users\nihar\Documents\ML Projects\Deep Learning Projects\Dog Emotion Detection\Final dog dataset\Final dog dataset\sad\RfUlY5YXfKkMVoaerEhw8Drhg2Jebc346.jpg,sad
C:\Users\nihar\Documents\ML Projects\Deep Learning Projects\Dog Emotion Detection\Final dog dataset\Final dog dataset\happy\9387369506_5b432b817d_b.jpg,happy
C:\Users\nihar\Documents\ML Projects\Deep Learning Projects\Dog Emotion Detection\Final dog dataset\Final dog dataset\happy\5611950343_4b3eebc566_b.jpg,happy
C:\Users\nihar\Documents\ML Projects\Deep Learning Projects\Dog Emotion Detection\Final dog dataset\Final dog dataset\happy\6tjrEh4YUWqA6bqHWq2X4zXmyn8Nu0768.jpg,happy
C:\Users\nihar\Documents\ML Projects\Deep Learning Projects\Dog Emotion Detection\Final dog dataset\Final dog dataset\sad\AqDxMVNRrK4UuQslqY76SADrfcF6mD430.jpg,sad
C:\Users\nihar\Documents\ML Projects\Deep Learning Projects\Dog Emotion Detection\Final dog dataset\Final dog dataset\sad\0zdKmMEVmO8z6kvHXiTb8bGaqvhmgS278.jpg,sad
C:\Users\nihar\Documents\ML Projects\Deep Learning Projects\Dog Emotion Detection\Final dog dataset\Final dog dataset\angry\rEoTUqtN3PFMhRc8zczHODnDH36FY5647.jpg,angry
C:\Users\nihar\Documents\ML Projects\Deep Learning Projects\Dog Emotion Detection\Final dog dataset\Final dog dataset\relaxed\8212810590_f08a787f88_b.jpg,relaxed
C:\Users\nihar\Documents\ML Projects\Deep Learning Projects\Dog Emotion Detection\Final dog dataset\Final dog dataset\sad\6QyCa1sJhjHs0BCJA94dwXdEO7GnS3769.jpg,sad
C:\Users\nihar\Documents\ML Projects\Deep Learning Projects\Dog Emotion Detection\Final dog dataset\Final dog dataset\angry\xqP44jQtndpPSjiQCxY07bEe5vJLdO779.jpg,angry
C:\Users\nihar\Documents\ML Projects\Deep Learning Projects\Dog Emotion Detection\Final dog dataset\Final dog dataset\relaxed\36185145483_02aa78299b_b.jpg,relaxed
C:\Users\nihar\Documents\ML Projects\Deep Learning Projects\Dog Emotion Detection\Final dog dataset\Final dog dataset\relaxed\8083739732_1ce7cb84cd_b.jpg,relaxed
C:\Users\nihar\Documents\ML Projects\Deep Learning Projects\Dog Emotion Detection\Final dog dataset\Final dog dataset\angry\3LkXo6fYAKX6v4Lf43SwpmUPJKsD9N143.jpg,angry
C:\Users\nihar\Documents\ML Projects\Deep Learning Projects\Dog Emotion Detection\Final dog dataset\Final dog dataset\angry\4J8aUjud0V8hNRHJLlpQrzTFi1H8eo403.jpg,angry
C:\Users\nihar\Documents\ML Projects\Deep Learning Projects\Dog Emotion Detection\Final dog dataset\Final dog dataset\sad\fqMMggKJHqTGcsDXruJYcKOTvIHrz571.jpg,sad
C:\Users\nihar\Documents\ML Projects\Deep Learning Projects\Dog Emotion Detection\Final dog dataset\Final dog dataset\happy\clAaflv75Su94593Oii18vJQ4E77W432.jpg,happy
C:\Users\nihar\Documents\ML Projects\Deep Learning Projects\Dog Emotion Detection\Final dog dataset\Final dog dataset\angry\qS45jWRkFezm1IXbA6sf1ssreQNyHB492.jpg,angry
C:\Users\nihar\Documents\ML Projects\Deep Learning Projects\Dog Emotion Detection\Final dog dataset\Final dog dataset\relaxed\38630966292_a989989ace_b.jpg,relaxed
C:\Users\nihar\Documents\ML Projects\Deep Learning Projects\Dog Emotion Detection\Final dog dataset\Final dog dataset\relaxed\41552824_f717615480_b.jpg,relaxed
C:\Users\nihar\Documents\ML Projects\Deep Learning Projects\Dog Emotion Detection\Final dog dataset\Final dog dataset\relaxed\963756162_617e8be3ff_b.jpg,relaxed
C:\Users\nihar\Documents\ML Projects\Deep Learning Projects\Dog Emotion Detection\Final dog dataset\Final dog dataset\sad\eDk3OdRoUuYzHpuJ0iG5bP008PaZX9291.jpg,sad
C:\Users\nihar\Documents\ML Projects\Deep Learning Projects\Dog Emotion Detection\Final dog dataset\Final dog dataset\sad\NWXGbumSUl25d0j1hvnsF7VJl4QF8i869.jpg,sad
C:\Users\nihar\Documents\ML Projects\Deep Learning Projects\Dog Emotion Detection\Final dog dataset\Final dog dataset\sad\nN1nWgnV5iQ9yRdmzyrJfxhPWSsHlG476.jpg,sad
C:\Users\nihar\Documents\ML Projects\Deep Learning Projects\Dog Emotion Detection\Final dog dataset\Final dog dataset\sad\mut1IUTZNTqrvwT8BcYexo0MK7z9nv600.jpg,sad
C:\Users\nihar\Documents\ML Projects\Deep Learning Projects\Dog Emotion Detection\Final dog dataset\Final dog dataset\relaxed\4615093619_4020dc57c9_b.jpg,relaxed
C:\Users\nihar\Documents\ML Projects\Deep Learning Projects\Dog Emotion Detection\Final dog dataset\Final dog dataset\sad\10393521644_3602ef240e_b.jpg,sad
C:\Users\nihar\Documents\ML Projects\Deep Learning Projects\Dog Emotion Detection\Final dog dataset\Final dog dataset\angry\jYSyAfgokffGaJJhQbgQR26wKd8aKN975.jpg,angry
C:\Users\nihar\Documents\ML Projects\Deep Learning Projects\Dog Emotion Detection\Final dog dataset\Final dog dataset\relaxed\50995631071_5380157172_b.jpg,relaxed
C:\Users\nihar\Documents\ML Projects\Deep Learning Projects\Dog Emotion Detection\Final dog dataset\Final dog dataset\happy\5734415538_e923ee07b3_b.jpg,happy
C:\Users\nihar\Documents\ML Projects\Deep Learning Projects\Dog Emotion Detection\Final dog dataset\Final dog dataset\happy\JFil8pECnXn5ZD6Ja5YDM3OMhrtUGs519.jpg,happy
C:\Users\nihar\Documents\ML Projects\Deep Learning Projects\Dog Emotion Detection\Final dog dataset\Final dog dataset\relaxed\49649666371_8962177f72_b.jpg,relaxed
C:\Users\nihar\Documents\ML Projects\Deep Learning Projects\Dog Emotion Detection\Final dog dataset\Final dog dataset\happy\4tISc6Xo2LHijUk8PwoRv1xuBXrmfW852.jpg,happy
C:\Users\nihar\Documents\ML Projects\Deep Learning Projects\Dog Emotion Detection\Final dog dataset\Final dog dataset\angry\8767602065_db01e7acd1_b.jpg,angry
C:\Users\nihar\Documents\ML Projects\Deep Learning Projects\Dog Emotion Detection\Final dog dataset\Final dog dataset\angry\FxnwoJZy08NQ4W5ZlxnVG354BQqWpV525.jpeg,angry
C:\Users\nihar\Documents\ML Projects\Deep Learning Projects\Dog Emotion Detection\Final dog dataset\Final dog dataset\relaxed\36963808524_c1c013f903_b.jpg,relaxed
C:\Users\nihar\Documents\ML Projects\Deep Learning Projects\Dog Emotion Detection\Final dog dataset\Final dog dataset\angry\FnkNKvw2lGo8XjPPv4CnIjYefGMW6m40.jpg,angry
C:\Users\nihar\Documents\ML Projects\Deep Learning Projects\Dog Emotion Detection\Final dog dataset\Final dog dataset\relaxed\7597112486_3d252ddbc4_b.jpg,relaxed
C:\Users\nihar\Documents\ML Projects\Deep Learning Projects\Dog Emotion Detection\Final dog dataset\Final dog dataset\sad\Sak6D8Gsyd5clN4l8joID46x76Mxiw189.jpg,sad
C:\Users\nihar\Documents\ML Projects\Deep Learning Projects\Dog Emotion Detection\Final dog dataset\Final dog dataset\happy\6841308734_9f35a97f00_b.jpg,happy
C:\Users\nihar\Documents\ML Projects\Deep Learning Projects\Dog Emotion Detection\Final dog dataset\Final dog dataset\angry\JrL7IlSAgB2fzhI3PpQidC4tWRG6oi949.jpeg,angry
C:\Users\nihar\Documents\ML Projects\Deep Learning Projects\Dog Emotion Detection\Final dog dataset\Final dog dataset\happy\7510001400_5c4f456eac_b.jpg,happy
C:\Users\nihar\Documents\ML Projects\Deep Learning Projects\Dog Emotion Detection\Final dog dataset\Final dog dataset\relaxed\8586428417_73420c4c75_b.jpg,relaxed
C:\Users\nihar\Documents\ML Projects\Deep Learning Projects\Dog Emotion Detection\Final dog dataset\Final dog dataset\sad\u0XDgOM8VPTPwDNHX7ACpVf25HjMX545.jpg,sad
C:\Users\nihar\Documents\ML Projects\Deep Learning Projects\Dog Emotion Detection\Final dog dataset\Final dog dataset\angry\2xfqieE0L7gJyWf1eZemiCmkNqdTJF218.jpg,angry
C:\Users\nihar\Documents\ML Projects\Deep Learning Projects\Dog Emotion Detection\Final dog dataset\Final dog dataset\relaxed\7957977778_fbdf26efb3_b.jpg,relaxed
C:\Users\nihar\Documents\ML Projects\Deep Learning Projects\Dog Emotion Detection\Final dog dataset\Final dog dataset\sad\p6Jx2HR4gtKl24iTvwzfuPWQz6VrUM434.jpg,sad
C:\Users\nihar\Documents\ML Projects\Deep Learning Projects\Dog Emotion Detection\Final dog dataset\Final dog dataset\happy\bfJiTHhbdUvXcKcWKGrG4Qs89ibPDT258.jpg,happy
C:\Users\nihar\Documents\ML Projects\Deep Learning Projects\Dog Emotion Detection\Final dog dataset\Final dog dataset\relaxed\3921865937_cdfeb454a3_b.jpg,relaxed
C:\Users\nihar\Documents\ML Projects\Deep Learning Projects\Dog Emotion Detection\Final dog dataset\Final dog dataset\sad\RszlcZPrtVUnWEdPRd9DfgL0K1MoFv417.jpg,sad
C:\Users\nihar\Documents\ML Projects\Deep Learning Projects\Dog Emotion Detection\Final dog dataset\Final dog dataset\happy\5648371301_bbdb6eb5bb_b.jpg,happy
C:\Users\nihar\Documents\ML Projects\Deep Learning Projects\Dog Emotion Detection\Final dog dataset\Final dog dataset\angry\la3hd5AcrD0EQHvRUY0a8rQ7NX8k49782.jpg,angry
C:\Users\nihar\Documents\ML Projects\Deep Learning Projects\Dog Emotion Detection\Final dog dataset\Final dog dataset\sad\9714317081_b2485c303e_b.jpg,sad
C:\Users\nihar\Documents\ML Projects\Deep Learning Projects\Dog Emotion Detection\Final dog dataset\Final dog dataset\relaxed\5438434275_967552856f_b.jpg,relaxed
C:\Users\nihar\Documents\ML Projects\Deep Learning Projects\Dog Emotion Detection\Final dog dataset\Final dog dataset\happy\7996255084_5902d64b7c_b.jpg,happy
C:\Users\nihar\Documents\ML Projects\Deep Learning Projects\Dog Emotion Detection\Final dog dataset\Final dog dataset\angry\ibz0F0NUx09nCPQXp8a5PySZLEglg3404.jpg,angry
C:\Users\nihar\Documents\ML Projects\Deep Learning Projects\Dog Emotion Detection\Final dog dataset\Final dog dataset\angry\1uhQzgHPPAF1xGTS9fiquWOc3kn3hC887.jpg,angry
C:\Users\nihar\Documents\ML Projects\Deep Learning Projects\Dog Emotion Detection\Final dog dataset\Final dog dataset\relaxed\4647264433_413ce65574_b.jpg,relaxed
C:\Users\nihar\Documents\ML Projects\Deep Learning Projects\Dog Emotion Detection\Final dog dataset\Final dog dataset\angry\bZ1xvJo9JZN9pOJIqYWmR3aNptqp2I82.jpg,angry
C:\Users\nihar\Documents\ML Projects\Deep Learning Projects\Dog Emotion Detection\Final dog dataset\Final dog dataset\sad\cJvgkLVovsLTLK5XuRBNADTrYU9fO3373.jpg,sad
C:\Users\nihar\Documents\ML Projects\Deep Learning Projects\Dog Emotion Detection\Final dog dataset\Final dog dataset\happy\8fD5UJ3oUNs1mQUBwuLoflGp3h7l6H231.jpg,happy
C:\Users\nihar\Documents\ML Projects\Deep Learning Projects\Dog Emotion Detection\Final dog dataset\Final dog dataset\happy\9654444355_d1e2527d07_b.jpg,happy
C:\Users\nihar\Documents\ML Projects\Deep Learning Projects\Dog Emotion Detection\Final dog dataset\Final dog dataset\relaxed\7035330153_a83ddf7d72_b.jpg,relaxed
C:\Users\nihar\Documents\ML Projects\Deep Learning Projects\Dog Emotion Detection\Final dog dataset\Final dog dataset\sad\Vg9O8ZnhxS34vA6mEeOV1cWINFqFNU705.jpg,sad
C:\Users\nihar\Documents\ML Projects\Deep Learning Projects\Dog Emotion Detection\Final dog dataset\Final dog dataset\sad\mPcqBOEm4m5hONK2YopLGR6SXuzG76516.jpg,sad
C:\Users\nihar\Documents\ML Projects\Deep Learning Projects\Dog Emotion Detection\Final dog dataset\Final dog dataset\angry\3wuVwmFaisxd32cQ3l0I3AOi8gyKTa496.jpg,angry
C:\Users\nihar\Documents\ML Projects\Deep Learning Projects\Dog Emotion Detection\Final dog dataset\Final dog dataset\happy\aOcNbsPvnpKiXfFqxrip4U3Xs1AwWv137.jpg,happy
C:\Users\nihar\Documents\ML Projects\Deep Learning Projects\Dog Emotion Detection\Final dog dataset\Final dog dataset\angry\hQ1YuFFRO4kf9n8aAheVd8wHsxwooC201.jpg,angry
C:\Users\nihar\Documents\ML Projects\Deep Learning Projects\Dog Emotion Detection\Final dog dataset\Final dog dataset\happy\8740030610_1a80f5ce05_b.jpg,happy
C:\Users\nihar\Documents\ML Projects\Deep Learning Projects\Dog Emotion Detection\Final dog dataset\Final dog dataset\happy\5697542168_a5ed60eebd_b.jpg,happy
C:\Users\nihar\Documents\ML Projects\Deep Learning Projects\Dog Emotion Detection\Final dog dataset\Final dog dataset\happy\HMXVutGlzp6RojvNIYKxzju3Mg6Wni297.jpg,happy
C:\Users\nihar\Documents\ML Projects\Deep Learning Projects\Dog Emotion Detection\Final dog dataset\Final dog dataset\sad\YlayTdCbHgfNC1kTAnqhLoIc2GHD3i301.jpg,sad
C:\Users\nihar\Documents\ML Projects\Deep Learning Projects\Dog Emotion Detection\Final dog dataset\Final dog dataset\happy\3AWb03npjQq2CcIFlhIeP71fTncsib407.jpg,happy
C:\Users\nihar\Documents\ML Projects\Deep Learning Projects\Dog Emotion Detection\Final dog dataset\Final dog dataset\relaxed\51131970504_8e84b1f627_b.jpg,relaxed
C:\Users\nihar\Documents\ML Projects\Deep Learning Projects\Dog Emotion Detection\Final dog dataset\Final dog dataset\angry\kFMtG3gVpcfsstjsBy0WmFlcUfFOkP684.jpg,angry
C:\Users\nihar\Documents\ML Projects\Deep Learning Projects\Dog Emotion Detection\Final dog dataset\Final dog dataset\relaxed\5984237503_1ef4a25770_b.jpg,relaxed
C:\Users\nihar\Documents\ML Projects\Deep Learning Projects\Dog Emotion Detection\Final dog dataset\Final dog dataset\angry\Af0Ucd59cnJBoXELeSgfAuro7bN3U3676.jpg,angry
C:\Users\nihar\Documents\ML Projects\Deep Learning Projects\Dog Emotion Detection\Final dog dataset\Final dog dataset\sad\v9LF2Ysd5ROSrrz3sah0hIWnGPi0Pk545.jpg,sad
C:\Users\nihar\Documents\ML Projects\Deep Learning Projects\Dog Emotion Detection\Final dog dataset\Final dog dataset\happy\4iSzRO6JdoJ8jZZ7KBI1ACzV8t01tV662.jpg,happy
C:\Users\nihar\Documents\ML Projects\Deep Learning Projects\Dog Emotion Detection\Final dog dataset\Final dog dataset\angry\u4Yhd3wzWBNkh5hh2fP0bLO81vyfib212.jpg,angry
C:\Users\nihar\Documents\ML Projects\Deep Learning Projects\Dog Emotion Detection\Final dog dataset\Final dog dataset\angry\BnAZpKqWIYQ3sd8uAkDHkMLGEd00tY758.jpg,angry
C:\Users\nihar\Documents\ML Projects\Deep Learning Projects\Dog Emotion Detection\Final dog dataset\Final dog dataset\sad\eq6ZNQY05INrq0hNrRPnRPGpLsCFs7211.jpg,sad
C:\Users\nihar\Documents\ML Projects\Deep Learning Projects\Dog Emotion Detection\Final dog dataset\Final dog dataset\relaxed\9288173582_a5319122bc_b.jpg,relaxed
C:\Users\nihar\Documents\ML Projects\Deep Learning Projects\Dog Emotion Detection\Final dog dataset\Final dog dataset\angry\vhZ6G3WGU0qrhnGf5hxeNl3EZxoXg6712.jpg,angry
C:\Users\nihar\Documents\ML Projects\Deep Learning Projects\Dog Emotion Detection\Final dog dataset\Final dog dataset\angry\VrRIoUQZITqCMhttYCj9c0dnQ12Yme918.jpg,angry
C:\Users\nihar\Documents\ML Projects\Deep Learning Projects\Dog Emotion Detection\Final dog dataset\Final dog dataset\relaxed\3551415764_f2c39f0f08_b.jpg,relaxed
C:\Users\nihar\Documents\ML Projects\Deep Learning Projects\Dog Emotion Detection\Final dog dataset\Final dog dataset\relaxed\8714505233_d07e609d16_b.jpg,relaxed
C:\Users\nihar\Documents\ML Projects\Deep Learning Projects\Dog Emotion Detection\Final dog dataset\Final dog dataset\angry\w7FGGYMvFpGMJm1oPKqyXjdMCXj4R5347.jpg,angry
C:\Users\nihar\Documents\ML Projects\Deep Learning Projects\Dog Emotion Detection\Final dog dataset\Final dog dataset\angry\KdJO6fNBFmNNA3eomOwKp9bwNGxj9w191.jpg,angry
C:\Users\nihar\Documents\ML Projects\Deep Learning Projects\Dog Emotion Detection\Final dog dataset\Final dog dataset\angry\F2tgTLYepkXRo4cEAJefamYeUQ8Wqa15.jpg,angry
C:\Users\nihar\Documents\ML Projects\Deep Learning Projects\Dog Emotion Detection\Final dog dataset\Final dog dataset\angry\ApDyEllkBPNcR01Dl6FAvDFHKo8N2K353.jpg,angry
C:\Users\nihar\Documents\ML Projects\Deep Learning Projects\Dog Emotion Detection\Final dog dataset\Final dog dataset\relaxed\9078265227_e8f02b28bc_b.jpg,relaxed
C:\Users\nihar\Documents\ML Projects\Deep Learning Projects\Dog Emotion Detection\Final dog dataset\Final dog dataset\sad\olIIj12ooHL4GA3a4OK61VkdqjbC3U83.jpg,sad
C:\Users\nihar\Documents\ML Projects\Deep Learning Projects\Dog Emotion Detection\Final dog dataset\Final dog dataset\happy\6832633255_50e06d24c5_b.jpg,happy
C:\Users\nihar\Documents\ML Projects\Deep Learning Projects\Dog Emotion Detection\Final dog dataset\Final dog dataset\relaxed\6052371014_777235bd31_b.jpg,relaxed
C:\Users\nihar\Documents\ML Projects\Deep Learning Projects\Dog Emotion Detection\Final dog dataset\Final dog dataset\relaxed\4001095865_f37151f562_b.jpg,relaxed
C:\Users\nihar\Documents\ML Projects\Deep Learning Projects\Dog Emotion Detection\Final dog dataset\Final dog dataset\sad\hoZuqiTsxNPjfYHMjc38dZKAAulzJn915.jpg,sad
C:\Users\nihar\Documents\ML Projects\Deep Learning Projects\Dog Emotion Detection\Final dog dataset\Final dog dataset\relaxed\4616355468_feee35b753_b.jpg,relaxed
C:\Users\nihar\Documents\ML Projects\Deep Learning Projects\Dog Emotion Detection\Final dog dataset\Final dog dataset\sad\cwZKCv79BncVGMfEOSKnDDWouKD3D9215.jpg,sad
C:\Users\nihar\Documents\ML Projects\Deep Learning Projects\Dog Emotion Detection\Final dog dataset\Final dog dataset\happy\7877858588_809d5bbc10_b.jpg,happy
C:\Users\nihar\Documents\ML Projects\Deep Learning Projects\Dog Emotion Detection\Final dog dataset\Final dog dataset\sad\chjlVSphDsGh4nd2aZmnL9nSPCw5G0141.jpg,sad
C:\Users\nihar\Documents\ML Projects\Deep Learning Projects\Dog Emotion Detection\Final dog dataset\Final dog dataset\happy\6213497414_5f0e77df32_b.jpg,happy
C:\Users\nihar\Documents\ML Projects\Deep Learning Projects\Dog Emotion Detection\Final dog dataset\Final dog dataset\sad\DfV0tkNRYYEjqbcaQiPZgSnWHpmdGx173.jpg,sad
C:\Users\nihar\Documents\ML Projects\Deep Learning Projects\Dog Emotion Detection\Final dog dataset\Final dog dataset\relaxed\3389936666_d506d93bd4_b.jpg,relaxed
C:\Users\nihar\Documents\ML Projects\Deep Learning Projects\Dog Emotion Detection\Final dog dataset\Final dog dataset\relaxed\3235532916_d5c94bfe4e_b.jpg,relaxed
C:\Users\nihar\Documents\ML Projects\Deep Learning Projects\Dog Emotion Detection\Final dog dataset\Final dog dataset\relaxed\5332132100_335842675a_b.jpg,relaxed
C:\Users\nihar\Documents\ML Projects\Deep Learning Projects\Dog Emotion Detection\Final dog dataset\Final dog dataset\happy\5751623380_5b0dae4211_b.jpg,happy
C:\Users\nihar\Documents\ML Projects\Deep Learning Projects\Dog Emotion Detection\Final dog dataset\Final dog dataset\angry\bOobKTMMZOORNwilcfcUQ77w9K1Izl130.jpg,angry
C:\Users\nihar\Documents\ML Projects\Deep Learning Projects\Dog Emotion Detection\Final dog dataset\Final dog dataset\angry\koSj1WdlMb8TDIZY17yPdMkeW7K70F999.jpg,angry
C:\Users\nihar\Documents\ML Projects\Deep Learning Projects\Dog Emotion Detection\Final dog dataset\Final dog dataset\happy\9426077524_095b73cb3d_b.jpg,happy
C:\Users\nihar\Documents\ML Projects\Deep Learning Projects\Dog Emotion Detection\Final dog dataset\Final dog dataset\angry\uLKzfnAOmyVFiluOjmNQ8jTlsCeUos559.jpg,angry
C:\Users\nihar\Documents\ML Projects\Deep Learning Projects\Dog Emotion Detection\Final dog dataset\Final dog dataset\angry\xyVGiONHvdzDwQVCD8Me0mEYRHtJHf284.jpg,angry
C:\Users\nihar\Documents\ML Projects\Deep Learning Projects\Dog Emotion Detection\Final dog dataset\Final dog dataset\relaxed\518698468_73d9fe2749_b.jpg,relaxed
C:\Users\nihar\Documents\ML Projects\Deep Learning Projects\Dog Emotion Detection\Final dog dataset\Final dog dataset\angry\1Rrc95i0R7xsjSQszhHQeH97EfdGMy728.jpg,angry
C:\Users\nihar\Documents\ML Projects\Deep Learning Projects\Dog Emotion Detection\Final dog dataset\Final dog dataset\happy\6013369382_cfd688410a_b.jpg,happy
C:\Users\nihar\Documents\ML Projects\Deep Learning Projects\Dog Emotion Detection\Final dog dataset\Final dog dataset\relaxed\6606710751_f72652dfe9_b.jpg,relaxed
C:\Users\nihar\Documents\ML Projects\Deep Learning Projects\Dog Emotion Detection\Final dog dataset\Final dog dataset\relaxed\6801264228_3929812b5c_b.jpg,relaxed
C:\Users\nihar\Documents\ML Projects\Deep Learning Projects\Dog Emotion Detection\Final dog dataset\Final dog dataset\sad\wciZiRznqCYPiOv1rGgOn65yzbCesP684.jpg,sad
C:\Users\nihar\Documents\ML Projects\Deep Learning Projects\Dog Emotion Detection\Final dog dataset\Final dog dataset\sad\8v0xww6RKpigLZzrC3jXumHbhqSmEn318.jpg,sad
C:\Users\nihar\Documents\ML Projects\Deep Learning Projects\Dog Emotion Detection\Final dog dataset\Final dog dataset\angry\QAapmNL7cp1EKtX8cITSKO08is9vk7527.jpg,angry
C:\Users\nihar\Documents\ML Projects\Deep Learning Projects\Dog Emotion Detection\Final dog dataset\Final dog dataset\happy\6763650393_79babd17c8_b.jpg,happy
C:\Users\nihar\Documents\ML Projects\Deep Learning Projects\Dog Emotion Detection\Final dog dataset\Final dog dataset\happy\6114341532_8f3055bfa0_b.jpg,happy
C:\Users\nihar\Documents\ML Projects\Deep Learning Projects\Dog Emotion Detection\Final dog dataset\Final dog dataset\relaxed\8528918372_7a8cabe9c7_b.jpg,relaxed
C:\Users\nihar\Documents\ML Projects\Deep Learning Projects\Dog Emotion Detection\Final dog dataset\Final dog dataset\relaxed\3906510393_c241d1d2b0_b.jpg,relaxed
C:\Users\nihar\Documents\ML Projects\Deep Learning Projects\Dog Emotion Detection\Final dog dataset\Final dog dataset\sad\k8OI9nxrbvWz74REktYIogjf18AEzh248.jpg,sad
C:\Users\nihar\Documents\ML Projects\Deep Learning Projects\Dog Emotion Detection\Final dog dataset\Final dog dataset\relaxed\6788991574_7795e9319f_b.jpg,relaxed
C:\Users\nihar\Documents\ML Projects\Deep Learning Projects\Dog Emotion Detection\Final dog dataset\Final dog dataset\relaxed\861793731_bf40ab688a_b.jpg,relaxed
C:\Users\nihar\Documents\ML Projects\Deep Learning Projects\Dog Emotion Detection\Final dog dataset\Final dog dataset\angry\yjKBF6AHJo8lyZMUkM9mZOzdIAbLCC769.jpg,angry
C:\Users\nihar\Documents\ML Projects\Deep Learning Projects\Dog Emotion Detection\Final dog dataset\Final dog dataset\relaxed\5923069106_cc0f53a443_b.jpg,relaxed
C:\Users\nihar\Documents\ML Projects\Deep Learning Projects\Dog Emotion Detection\Final dog dataset\Final dog dataset\sad\g51wlvlhaBVeIJtieeJon4P5Iygenq184.jpg,sad
C:\Users\nihar\Documents\ML Projects\Deep Learning Projects\Dog Emotion Detection\Final dog dataset\Final dog dataset\happy\8509759247_eaea34cfd3_b.jpg,happy
C:\Users\nihar\Documents\ML Projects\Deep Learning Projects\Dog Emotion Detection\Final dog dataset\Final dog dataset\happy\ExYnCrV7nkcgvtiJeK7zfNIBWntPYw218.jpg,happy
C:\Users\nihar\Documents\ML Projects\Deep Learning Projects\Dog Emotion Detection\Final dog dataset\Final dog dataset\happy\9996721536_1e6ecd0b49_b.jpg,happy
C:\Users\nihar\Documents\ML Projects\Deep Learning Projects\Dog Emotion Detection\Final dog dataset\Final dog dataset\sad\1fPFLE95xqiOtLo6ocFtzbmjm7kdnJ448.jpg,sad
C:\Users\nihar\Documents\ML Projects\Deep Learning Projects\Dog Emotion Detection\Final dog dataset\Final dog dataset\angry\4RGuQ7cHPHjhfS6oBwm0l3WjQKVvOG849.jpeg,angry
C:\Users\nihar\Documents\ML Projects\Deep Learning Projects\Dog Emotion Detection\Final dog dataset\Final dog dataset\angry\dZqVUx2df1fhJHafuk0ziBwgUVCi6X703.jpg,angry
C:\Users\nihar\Documents\ML Projects\Deep Learning Projects\Dog Emotion Detection\Final dog dataset\Final dog dataset\angry\fGH6HIXKpmzF8uN7uPt1YH3ZcgMKCh122.jpg,angry
C:\Users\nihar\Documents\ML Projects\Deep Learning Projects\Dog Emotion Detection\Final dog dataset\Final dog dataset\relaxed\8748968845_ac7ee956b4_b.jpg,relaxed
C:\Users\nihar\Documents\ML Projects\Deep Learning Projects\Dog Emotion Detection\Final dog dataset\Final dog dataset\happy\5565698758_ab8deb7b3e_b.jpg,happy
C:\Users\nihar\Documents\ML Projects\Deep Learning Projects\Dog Emotion Detection\Final dog dataset\Final dog dataset\relaxed\8419952779_4b74699782_b.jpg,relaxed
C:\Users\nihar\Documents\ML Projects\Deep Learning Projects\Dog Emotion Detection\Final dog dataset\Final dog dataset\relaxed\3217155384_260f4695c6_b.jpg,relaxed
C:\Users\nihar\Documents\ML Projects\Deep Learning Projects\Dog Emotion Detection\Final dog dataset\Final dog dataset\angry\xfNvlt1rXEQLy4wRyWvEraCzzpPy4O641.jpg,angry
C:\Users\nihar\Documents\ML Projects\Deep Learning Projects\Dog Emotion Detection\Final dog dataset\Final dog dataset\happy\9860023075_734ee50e30_b.jpg,happy
C:\Users\nihar\Documents\ML Projects\Deep Learning Projects\Dog Emotion Detection\Final dog dataset\Final dog dataset\relaxed\31852501345_5894a6d079_b.jpg,relaxed
C:\Users\nihar\Documents\ML Projects\Deep Learning Projects\Dog Emotion Detection\Final dog dataset\Final dog dataset\relaxed\8446182422_abcfbdc0d9_b.jpg,relaxed
C:\Users\nihar\Documents\ML Projects\Deep Learning Projects\Dog Emotion Detection\Final dog dataset\Final dog dataset\sad\xVRDernRwguXEejAbEF2NWmH6bYxXD650.jpg,sad
C:\Users\nihar\Documents\ML Projects\Deep Learning Projects\Dog Emotion Detection\Final dog dataset\Final dog dataset\happy\8320472031_9461ee7192_b.jpg,happy
C:\Users\nihar\Documents\ML Projects\Deep Learning Projects\Dog Emotion Detection\Final dog dataset\Final dog dataset\relaxed\33200587866_e0a606aee6_b.jpg,relaxed
C:\Users\nihar\Documents\ML Projects\Deep Learning Projects\Dog Emotion Detection\Final dog dataset\Final dog dataset\sad\AavszulmGRVBNYllRKfPKRUxSCXSi5438.jpg,sad
C:\Users\nihar\Documents\ML Projects\Deep Learning Projects\Dog Emotion Detection\Final dog dataset\Final dog dataset\relaxed\51098679479_e386e1908c_b.jpg,relaxed
C:\Users\nihar\Documents\ML Projects\Deep Learning Projects\Dog Emotion Detection\Final dog dataset\Final dog dataset\sad\1oOkLp7ujiuPVoX2KXS0oaTdSOwnNN145.jpg,sad
C:\Users\nihar\Documents\ML Projects\Deep Learning Projects\Dog Emotion Detection\Final dog dataset\Final dog dataset\happy\68064855_3acb7bdb2f_b.jpg,happy
C:\Users\nihar\Documents\ML Projects\Deep Learning Projects\Dog Emotion Detection\Final dog dataset\Final dog dataset\sad\UnhuKgz4g8p5Qcnr2nrotqSvoir8zy977.jpg,sad
C:\Users\nihar\Documents\ML Projects\Deep Learning Projects\Dog Emotion Detection\Final dog dataset\Final dog dataset\happy\5987998087_23d8c1e581_b.jpg,happy
C:\Users\nihar\Documents\ML Projects\Deep Learning Projects\Dog Emotion Detection\Final dog dataset\Final dog dataset\relaxed\8828066712_44b72a5778_b.jpg,relaxed
C:\Users\nihar\Documents\ML Projects\Deep Learning Projects\Dog Emotion Detection\Final dog dataset\Final dog dataset\angry\J8w3lLc8zxRevKD4PyoCJiidY9VclK547.jpg,angry
C:\Users\nihar\Documents\ML Projects\Deep Learning Projects\Dog Emotion Detection\Final dog dataset\Final dog dataset\relaxed\32506416995_364d236a19_b.jpg,relaxed
C:\Users\nihar\Documents\ML Projects\Deep Learning Projects\Dog Emotion Detection\Final dog dataset\Final dog dataset\sad\FoVAkAez51FucfgKxjAz9EjlbuzO9h162.jpg,sad
C:\Users\nihar\Documents\ML Projects\Deep Learning Projects\Dog Emotion Detection\Final dog dataset\Final dog dataset\sad\szrBAYN3XDR9U5sQNUynbNoGeD2U0h950.jpg,sad
C:\Users\nihar\Documents\ML Projects\Deep Learning Projects\Dog Emotion Detection\Final dog dataset\Final dog dataset\happy\7496489382_14cedcbaaa_b.jpg,happy
C:\Users\nihar\Documents\ML Projects\Deep Learning Projects\Dog Emotion Detection\Final dog dataset\Final dog dataset\happy\6411602355_41e121f5b9_b.jpg,happy
C:\Users\nihar\Documents\ML Projects\Deep Learning Projects\Dog Emotion Detection\Final dog dataset\Final dog dataset\happy\5699710931_ed6ba2d009_b.jpg,happy
C:\Users\nihar\Documents\ML Projects\Deep Learning Projects\Dog Emotion Detection\Final dog dataset\Final dog dataset\angry\ABPEJFtXGWB54MhL3qUs3Vc5QYb7Mj971.jpg,angry
C:\Users\nihar\Documents\ML Projects\Deep Learning Projects\Dog Emotion Detection\Final dog dataset\Final dog dataset\happy\6739385607_1e444df0e6_b.jpg,happy
C:\Users\nihar\Documents\ML Projects\Deep Learning Projects\Dog Emotion Detection\Final dog dataset\Final dog dataset\happy\8BONuBX0LENSxwiccDpjDIzqyQlvBW402.jpg,happy
C:\Users\nihar\Documents\ML Projects\Deep Learning Projects\Dog Emotion Detection\Final dog dataset\Final dog dataset\happy\5559170346_a344d99276_b.jpg,happy
C:\Users\nihar\Documents\ML Projects\Deep Learning Projects\Dog Emotion Detection\Final dog dataset\Final dog dataset\angry\6D3p7J4ZR38JN90ChoyMi8TDFSuqNK787.jpg,angry
C:\Users\nihar\Documents\ML Projects\Deep Learning Projects\Dog Emotion Detection\Final dog dataset\Final dog dataset\sad\HJQfnyS2rRhtgmd9IVZH6vO6Ow3iZo181.jpg,sad
C:\Users\nihar\Documents\ML Projects\Deep Learning Projects\Dog Emotion Detection\Final dog dataset\Final dog dataset\angry\dBBoU1SnCgqbwo8LHH2qlGkWdh2W0C514.jpeg,angry
C:\Users\nihar\Documents\ML Projects\Deep Learning Projects\Dog Emotion Detection\Final dog dataset\Final dog dataset\sad\Vfgx3iccASZjKr11otBCeb91g8z79i645.jpg,sad
C:\Users\nihar\Documents\ML Projects\Deep Learning Projects\Dog Emotion Detection\Final dog dataset\Final dog dataset\sad\Ze4D3OUhL2HPcIWUFzoGsph2LgjaWa761.jpg,sad
C:\Users\nihar\Documents\ML Projects\Deep Learning Projects\Dog Emotion Detection\Final dog dataset\Final dog dataset\relaxed\43452749941_f3d9eab6ae_b.jpg,relaxed
C:\Users\nihar\Documents\ML Projects\Deep Learning Projects\Dog Emotion Detection\Final dog dataset\Final dog dataset\happy\8686738552_d8698c4bbc_b.jpg,happy
C:\Users\nihar\Documents\ML Projects\Deep Learning Projects\Dog Emotion Detection\Final dog dataset\Final dog dataset\sad\oVlX1lByNn4jzSRXj0uvuqP4DPvXXQ487.jpg,sad
C:\Users\nihar\Documents\ML Projects\Deep Learning Projects\Dog Emotion Detection\Final dog dataset\Final dog dataset\relaxed\441042529_4f47cb17ec_b.jpg,relaxed
C:\Users\nihar\Documents\ML Projects\Deep Learning Projects\Dog Emotion Detection\Final dog dataset\Final dog dataset\relaxed\5569106958_ab401aa68e_b.jpg,relaxed
C:\Users\nihar\Documents\ML Projects\Deep Learning Projects\Dog Emotion Detection\Final dog dataset\Final dog dataset\relaxed\3940622909_1d5a6f39bd_b.jpg,relaxed
C:\Users\nihar\Documents\ML Projects\Deep Learning Projects\Dog Emotion Detection\Final dog dataset\Final dog dataset\sad\txMNb7HbR0lHnXlTYYZ8yaDTkvPyde624.jpg,sad
C:\Users\nihar\Documents\ML Projects\Deep Learning Projects\Dog Emotion Detection\Final dog dataset\Final dog dataset\sad\L8K8tWJudCYKirD9EQ3pivu5akDfXo235.jpg,sad
C:\Users\nihar\Documents\ML Projects\Deep Learning Projects\Dog Emotion Detection\Final dog dataset\Final dog dataset\angry\radzJvrR3GcU2hz5hyem0lwHbcaFVA132.jpg,angry
C:\Users\nihar\Documents\ML Projects\Deep Learning Projects\Dog Emotion Detection\Final dog dataset\Final dog dataset\angry\GJujyEsSO1dFpRJwAnl5KOYx6aNokE755.jpg,angry
C:\Users\nihar\Documents\ML Projects\Deep Learning Projects\Dog Emotion Detection\Final dog dataset\Final dog dataset\relaxed\5975695814_abeb204b1e_b.jpg,relaxed
C:\Users\nihar\Documents\ML Projects\Deep Learning Projects\Dog Emotion Detection\Final dog dataset\Final dog dataset\happy\7200839248_998244468d_b.jpg,happy
C:\Users\nihar\Documents\ML Projects\Deep Learning Projects\Dog Emotion Detection\Final dog dataset\Final dog dataset\angry\W6szsEWsHONaqKMO59FqWhcaQcWePf402.jpg,angry
C:\Users\nihar\Documents\ML Projects\Deep Learning Projects\Dog Emotion Detection\Final dog dataset\Final dog dataset\happy\8375849296_48b1e3e64f_b.jpg,happy
C:\Users\nihar\Documents\ML Projects\Deep Learning Projects\Dog Emotion Detection\Final dog dataset\Final dog dataset\sad\6eemuNmJaqN6TCq0HC4brqdnGzc7jf377.jpg,sad
C:\Users\nihar\Documents\ML Projects\Deep Learning Projects\Dog Emotion Detection\Final dog dataset\Final dog dataset\angry\w5KR0bYKfk7bihYoPlLAzM1Vyp1i3O928.jpg,angry
C:\Users\nihar\Documents\ML Projects\Deep Learning Projects\Dog Emotion Detection\Final dog dataset\Final dog dataset\happy\1rtKfsXhuqXt28uEPA59oZbuqvMmli87.jpg,happy
C:\Users\nihar\Documents\ML Projects\Deep Learning Projects\Dog Emotion Detection\Final dog dataset\Final dog dataset\happy\kSWNyj5ijWQPZTrq9T62NvGzVzeeTb570.jpg,happy
C:\Users\nihar\Documents\ML Projects\Deep Learning Projects\Dog Emotion Detection\Final dog dataset\Final dog dataset\sad\n49IhKigkTpDYEH4YKi6jIcioUA6ox497.jpg,sad
C:\Users\nihar\Documents\ML Projects\Deep Learning Projects\Dog Emotion Detection\Final dog dataset\Final dog dataset\happy\8358645395_c5f5ebe30f_b.jpg,happy
C:\Users\nihar\Documents\ML Projects\Deep Learning Projects\Dog Emotion Detection\Final dog dataset\Final dog dataset\relaxed\8728920366_81d09477fc_b.jpg,relaxed
C:\Users\nihar\Documents\ML Projects\Deep Learning Projects\Dog Emotion Detection\Final dog dataset\Final dog dataset\relaxed\4822356585_87cf27057e_b.jpg,relaxed
C:\Users\nihar\Documents\ML Projects\Deep Learning Projects\Dog Emotion Detection\Final dog dataset\Final dog dataset\relaxed\4413866647_848331eeee_b.jpg,relaxed
C:\Users\nihar\Documents\ML Projects\Deep Learning Projects\Dog Emotion Detection\Final dog dataset\Final dog dataset\relaxed\9087335902_7cf99417ce_b.jpg,relaxed
C:\Users\nihar\Documents\ML Projects\Deep Learning Projects\Dog Emotion Detection\Final dog dataset\Final dog dataset\sad\jyKJEF1MI4rjvIPLnrkNyIlhNfE7GX630.jpg,sad
C:\Users\nihar\Documents\ML Projects\Deep Learning Projects\Dog Emotion Detection\Final dog dataset\Final dog dataset\relaxed\32994908354_54e38ffec5_b.jpg,relaxed
C:\Users\nihar\Documents\ML Projects\Deep Learning Projects\Dog Emotion Detection\Final dog dataset\Final dog dataset\angry\N7c88IU6b9NZC6J27ZEnVDFyhSSSYd594.jpg,angry
C:\Users\nihar\Documents\ML Projects\Deep Learning Projects\Dog Emotion Detection\Final dog dataset\Final dog dataset\sad\Z9n57TXbgIRlqZtgFtfER9VreTdUAx442.jpg,sad
C:\Users\nihar\Documents\ML Projects\Deep Learning Projects\Dog Emotion Detection\Final dog dataset\Final dog dataset\sad\rMZ0C5FntYg4FWlFJzc7EEOsYKYtYj34.jpg,sad
C:\Users\nihar\Documents\ML Projects\Deep Learning Projects\Dog Emotion Detection\Final dog dataset\Final dog dataset\relaxed\6801615705_5d1a70484a_b.jpg,relaxed
C:\Users\nihar\Documents\ML Projects\Deep Learning Projects\Dog Emotion Detection\Final dog dataset\Final dog dataset\sad\vi2KMlx8l8J0sAa9ho88Uz4h1QZKl5431.jpg,sad
C:\Users\nihar\Documents\ML Projects\Deep Learning Projects\Dog Emotion Detection\Final dog dataset\Final dog dataset\angry\VOcqzOfxcJ71IlQWaqkK2XVfZNlwG7968.jpg,angry
C:\Users\nihar\Documents\ML Projects\Deep Learning Projects\Dog Emotion Detection\Final dog dataset\Final dog dataset\sad\suKHRb8E5gG79nFyQ1o6lrDv8AfJlm183.jpg,sad
C:\Users\nihar\Documents\ML Projects\Deep Learning Projects\Dog Emotion Detection\Final dog dataset\Final dog dataset\angry\t5pMgy42s2Ovm9WPo4i2tVIc6UcO7618.jpg,angry
C:\Users\nihar\Documents\ML Projects\Deep Learning Projects\Dog Emotion Detection\Final dog dataset\Final dog dataset\angry\vo9T8u6ODsRf2rrHEb3YqT1ckqql1n915.jpg,angry
C:\Users\nihar\Documents\ML Projects\Deep Learning Projects\Dog Emotion Detection\Final dog dataset\Final dog dataset\relaxed\33326692715_b3dea1d023_b.jpg,relaxed
C:\Users\nihar\Documents\ML Projects\Deep Learning Projects\Dog Emotion Detection\Final dog dataset\Final dog dataset\sad\6RyQpaqkSMstVkKe3qE9MQylMjWqaE858.jpg,sad
C:\Users\nihar\Documents\ML Projects\Deep Learning Projects\Dog Emotion Detection\Final dog dataset\Final dog dataset\sad\NODesMupLoXIR8UTjXsuNWkMuA2PwX588.jpg,sad
C:\Users\nihar\Documents\ML Projects\Deep Learning Projects\Dog Emotion Detection\Final dog dataset\Final dog dataset\happy\6185369176_3fdc0b606e_b.jpg,happy
C:\Users\nihar\Documents\ML Projects\Deep Learning Projects\Dog Emotion Detection\Final dog dataset\Final dog dataset\sad\VsofIAJaqCbAp0aViGcSmFqe2wzK3k256.jpg,sad
C:\Users\nihar\Documents\ML Projects\Deep Learning Projects\Dog Emotion Detection\Final dog dataset\Final dog dataset\happy\6qEiLxBY0ZQTZNoPWUi5NUshKCIlAp584.jpg,happy
C:\Users\nihar\Documents\ML Projects\Deep Learning Projects\Dog Emotion Detection\Final dog dataset\Final dog dataset\happy\egyI9YWXJ80Ecc1sYeTwCT1JGwQWjl351.jpg,happy
C:\Users\nihar\Documents\ML Projects\Deep Learning Projects\Dog Emotion Detection\Final dog dataset\Final dog dataset\relaxed\8004549754_0a08bdb439_b.jpg,relaxed
C:\Users\nihar\Documents\ML Projects\Deep Learning Projects\Dog Emotion Detection\Final dog dataset\Final dog dataset\happy\bHfMkkdoywXDlTXBYXBw68gsRZSEOF805.jpg,happy
C:\Users\nihar\Documents\ML Projects\Deep Learning Projects\Dog Emotion Detection\Final dog dataset\Final dog dataset\happy\bj0LweImTBd4rkJuT1VLPl3DkARrbM398.jpg,happy
C:\Users\nihar\Documents\ML Projects\Deep Learning Projects\Dog Emotion Detection\Final dog dataset\Final dog dataset\sad\BmKEP5MczyTASA4R0QyzodFTk1tAkY367.jpg,sad
C:\Users\nihar\Documents\ML Projects\Deep Learning Projects\Dog Emotion Detection\Final dog dataset\Final dog dataset\happy\6986448712_11cd50115a_b.jpg,happy
C:\Users\nihar\Documents\ML Projects\Deep Learning Projects\Dog Emotion Detection\Final dog dataset\Final dog dataset\sad\fupWZI7CJkmojhLlCGDgrObE9oPT9c413.jpg,sad
C:\Users\nihar\Documents\ML Projects\Deep Learning Projects\Dog Emotion Detection\Final dog dataset\Final dog dataset\happy\8646284311_d1b6d5daba_b.jpg,happy
C:\Users\nihar\Documents\ML Projects\Deep Learning Projects\Dog Emotion Detection\Final dog dataset\Final dog dataset\angry\GTxM6Gp5PAwWfYTbMivVBV0Oi95fP9154.jpg,angry
C:\Users\nihar\Documents\ML Projects\Deep Learning Projects\Dog Emotion Detection\Final dog dataset\Final dog dataset\relaxed\50980017937_e24b3e5527_b.jpg,relaxed
C:\Users\nihar\Documents\ML Projects\Deep Learning Projects\Dog Emotion Detection\Final dog dataset\Final dog dataset\relaxed\6746001651_a74978817a_b.jpg,relaxed
C:\Users\nihar\Documents\ML Projects\Deep Learning Projects\Dog Emotion Detection\Final dog dataset\Final dog dataset\happy\9588455497_dc12190bef_b.jpg,happy
C:\Users\nihar\Documents\ML Projects\Deep Learning Projects\Dog Emotion Detection\Final dog dataset\Final dog dataset\relaxed\8115774440_dae8a73366_b.jpg,relaxed
C:\Users\nihar\Documents\ML Projects\Deep Learning Projects\Dog Emotion Detection\Final dog dataset\Final dog dataset\sad\db6VVOoOJcqtyzVuC5hOJ9LecTuWPR689.jpg,sad
C:\Users\nihar\Documents\ML Projects\Deep Learning Projects\Dog Emotion Detection\Final dog dataset\Final dog dataset\relaxed\4944747120_110d4deef5_b.jpg,relaxed
C:\Users\nihar\Documents\ML Projects\Deep Learning Projects\Dog Emotion Detection\Final dog dataset\Final dog dataset\relaxed\423449772_12997b61a8_b.jpg,relaxed
C:\Users\nihar\Documents\ML Projects\Deep Learning Projects\Dog Emotion Detection\Final dog dataset\Final dog dataset\sad\s4hMbbkxfS1NUAe2RSoRB2ChrhpkNH31.jpg,sad
C:\Users\nihar\Documents\ML Projects\Deep Learning Projects\Dog Emotion Detection\Final dog dataset\Final dog dataset\relaxed\3527118099_1b4d33ed3f_b.jpg,relaxed
C:\Users\nihar\Documents\ML Projects\Deep Learning Projects\Dog Emotion Detection\Final dog dataset\Final dog dataset\sad\iGrVUU8D5GDQKlHIEXhoOIOLBzNMIQ534.jpg,sad
C:\Users\nihar\Documents\ML Projects\Deep Learning Projects\Dog Emotion Detection\Final dog dataset\Final dog dataset\angry\B8pgET6n0KoWwc9Dj8PaM2Jjv5siEu619.jpg,angry
C:\Users\nihar\Documents\ML Projects\Deep Learning Projects\Dog Emotion Detection\Final dog dataset\Final dog dataset\sad\ZrNf0mzNNmj4ll07mFyA1bWvhes1Ge835.jpg,sad
C:\Users\nihar\Documents\ML Projects\Deep Learning Projects\Dog Emotion Detection\Final dog dataset\Final dog dataset\angry\T5sr9X6iEHlhPz9nNv48KR7Y7IqWhR662.jpg,angry
C:\Users\nihar\Documents\ML Projects\Deep Learning Projects\Dog Emotion Detection\Final dog dataset\Final dog dataset\happy\5702534796_77b09bb2b0_b.jpg,happy
C:\Users\nihar\Documents\ML Projects\Deep Learning Projects\Dog Emotion Detection\Final dog dataset\Final dog dataset\happy\7525656758_b5ac917b60_b.jpg,happy
C:\Users\nihar\Documents\ML Projects\Deep Learning Projects\Dog Emotion Detection\Final dog dataset\Final dog dataset\happy\5S5HSdFIdJG1nZSKKyJOfh9L7VBYNX498.jpg,happy
C:\Users\nihar\Documents\ML Projects\Deep Learning Projects\Dog Emotion Detection\Final dog dataset\Final dog dataset\relaxed\4421067230_261c77d054_b.jpg,relaxed
C:\Users\nihar\Documents\ML Projects\Deep Learning Projects\Dog Emotion Detection\Final dog dataset\Final dog dataset\relaxed\689948320_4de314b22e_b.jpg,relaxed
C:\Users\nihar\Documents\ML Projects\Deep Learning Projects\Dog Emotion Detection\Final dog dataset\Final dog dataset\sad\abgSFa6kJMeITYOUFkwqI5oP6bQOha760.jpg,sad
C:\Users\nihar\Documents\ML Projects\Deep Learning Projects\Dog Emotion Detection\Final dog dataset\Final dog dataset\happy\jjI69h8iPYnxI68HmN8oFXgHH81Y9h737.jpg,happy
C:\Users\nihar\Documents\ML Projects\Deep Learning Projects\Dog Emotion Detection\Final dog dataset\Final dog dataset\angry\aZP6kMx3UnP5mrtGRzrYWB4oKjw9Gm772.jpg,angry
C:\Users\nihar\Documents\ML Projects\Deep Learning Projects\Dog Emotion Detection\Final dog dataset\Final dog dataset\sad\b8w3vdGawLN0g7eTgRZL40w3fu6YCn575.jpg,sad
C:\Users\nihar\Documents\ML Projects\Deep Learning Projects\Dog Emotion Detection\Final dog dataset\Final dog dataset\sad\3rJXI5mWSEfDcxMzqXwbtWuT4YrmD3511.jpg,sad
C:\Users\nihar\Documents\ML Projects\Deep Learning Projects\Dog Emotion Detection\Final dog dataset\Final dog dataset\angry\GJPO15yVhfpRlKldjSQSgVCqyHnFDU562.jpg,angry
C:\Users\nihar\Documents\ML Projects\Deep Learning Projects\Dog Emotion Detection\Final dog dataset\Final dog dataset\happy\E4fgvkgCpSaeOI0O78sePnwhLOc6N8715.jpg,happy
C:\Users\nihar\Documents\ML Projects\Deep Learning Projects\Dog Emotion Detection\Final dog dataset\Final dog dataset\angry\js5DZXWC5Lg6KSdbzWrW8v0hJWgycy488.jpg,angry
C:\Users\nihar\Documents\ML Projects\Deep Learning Projects\Dog Emotion Detection\Final dog dataset\Final dog dataset\happy\Cvb3wf29tjoxP00UmAWRcLsQOfUhXs11.jpg,happy
C:\Users\nihar\Documents\ML Projects\Deep Learning Projects\Dog Emotion Detection\Final dog dataset\Final dog dataset\happy\jwPtk4Zoh7Z8BpcdCMGyuMstUberUd472.jpg,happy
C:\Users\nihar\Documents\ML Projects\Deep Learning Projects\Dog Emotion Detection\Final dog dataset\Final dog dataset\sad\dpWamsmIHFCb76LNMu6c84LHyzf12q374.jpg,sad
C:\Users\nihar\Documents\ML Projects\Deep Learning Projects\Dog Emotion Detection\Final dog dataset\Final dog dataset\relaxed\3729033104_db5c420c93_b.jpg,relaxed
C:\Users\nihar\Documents\ML Projects\Deep Learning Projects\Dog Emotion Detection\Final dog dataset\Final dog dataset\angry\LmbSuuYiWTU8QGTf0cZzYUliWNNBTI351.jpg,angry
C:\Users\nihar\Documents\ML Projects\Deep Learning Projects\Dog Emotion Detection\Final dog dataset\Final dog dataset\happy\ay2NcVoAYz5ePsOqRWhhpSsNGBdD8Z810.jpg,happy
C:\Users\nihar\Documents\ML Projects\Deep Learning Projects\Dog Emotion Detection\Final dog dataset\Final dog dataset\sad\uT7VERbBQJ4nxCfYBp8fB52PI5JuwV170.jpg,sad
C:\Users\nihar\Documents\ML Projects\Deep Learning Projects\Dog Emotion Detection\Final dog dataset\Final dog dataset\happy\CGrOOP8FYqWDOYwRpaXkzN5k08UO6C649.jpg,happy
C:\Users\nihar\Documents\ML Projects\Deep Learning Projects\Dog Emotion Detection\Final dog dataset\Final dog dataset\happy\5786647585_2356974e20_b.jpg,happy
C:\Users\nihar\Documents\ML Projects\Deep Learning Projects\Dog Emotion Detection\Final dog dataset\Final dog dataset\sad\ay0of4axfvDWPZRnPcgkPa9bxP2KWC137.jpg,sad
C:\Users\nihar\Documents\ML Projects\Deep Learning Projects\Dog Emotion Detection\Final dog dataset\Final dog dataset\happy\HR5fTaH8jRZsZM5VwyCO85W3jodjx654.jpg,happy
C:\Users\nihar\Documents\ML Projects\Deep Learning Projects\Dog Emotion Detection\Final dog dataset\Final dog dataset\relaxed\40059825295_629c566943_b.jpg,relaxed
C:\Users\nihar\Documents\ML Projects\Deep Learning Projects\Dog Emotion Detection\Final dog dataset\Final dog dataset\angry\GCWJlidfcNDWF2HUDnOG16yVTPo6G997.jpg,angry
C:\Users\nihar\Documents\ML Projects\Deep Learning Projects\Dog Emotion Detection\Final dog dataset\Final dog dataset\angry\LeiiO67gmmkKbrd6gEzojpt9qaqA7K64.jpg,angry
C:\Users\nihar\Documents\ML Projects\Deep Learning Projects\Dog Emotion Detection\Final dog dataset\Final dog dataset\angry\nkmSRjhSclnUIdMYtdfiBnWBasw4q2486.jpg,angry
C:\Users\nihar\Documents\ML Projects\Deep Learning Projects\Dog Emotion Detection\Final dog dataset\Final dog dataset\happy\8351230081_95d9313d1a_b.jpg,happy
C:\Users\nihar\Documents\ML Projects\Deep Learning Projects\Dog Emotion Detection\Final dog dataset\Final dog dataset\happy\jCW6RDb5XV58zq32mXua6M16s8n6l3712.jpg,happy
C:\Users\nihar\Documents\ML Projects\Deep Learning Projects\Dog Emotion Detection\Final dog dataset\Final dog dataset\relaxed\8603614699_d8cd49e6c1_b.jpg,relaxed
C:\Users\nihar\Documents\ML Projects\Deep Learning Projects\Dog Emotion Detection\Final dog dataset\Final dog dataset\sad\j7jEOYdIKCfZi4KmxPrfivRQ8tXvRE212.jpg,sad
C:\Users\nihar\Documents\ML Projects\Deep Learning Projects\Dog Emotion Detection\Final dog dataset\Final dog dataset\relaxed\38703931431_0cf9988531_b.jpg,relaxed
C:\Users\nihar\Documents\ML Projects\Deep Learning Projects\Dog Emotion Detection\Final dog dataset\Final dog dataset\angry\3qnxVgf3GQjABK8iGeZu8eE1CGU5eH645.jpg,angry
C:\Users\nihar\Documents\ML Projects\Deep Learning Projects\Dog Emotion Detection\Final dog dataset\Final dog dataset\relaxed\5933686181_2fe27fa1ef_b.jpg,relaxed
C:\Users\nihar\Documents\ML Projects\Deep Learning Projects\Dog Emotion Detection\Final dog dataset\Final dog dataset\sad\AtGGzJsy16AMNe8DqoFLYCZ2mKEnHi632.jpg,sad
C:\Users\nihar\Documents\ML Projects\Deep Learning Projects\Dog Emotion Detection\Final dog dataset\Final dog dataset\angry\DUpYIeze1zoLQQXNiLY01vAA4oZiGk570.jpg,angry
C:\Users\nihar\Documents\ML Projects\Deep Learning Projects\Dog Emotion Detection\Final dog dataset\Final dog dataset\relaxed\7260610956_cc1d85dbf7_b.jpg,relaxed
C:\Users\nihar\Documents\ML Projects\Deep Learning Projects\Dog Emotion Detection\Final dog dataset\Final dog dataset\sad\0Hfjz709BJ6iqkTcw7kPlmKGSvSQFH465.jpg,sad
C:\Users\nihar\Documents\ML Projects\Deep Learning Projects\Dog Emotion Detection\Final dog dataset\Final dog dataset\happy\BdeMsaiUCia76h2li74fl7Rz7pyfqP679.jpg,happy
C:\Users\nihar\Documents\ML Projects\Deep Learning Projects\Dog Emotion Detection\Final dog dataset\Final dog dataset\sad\kwu52jWCxMzyEwBRb1XwstrVKknaEy223.jpg,sad
C:\Users\nihar\Documents\ML Projects\Deep Learning Projects\Dog Emotion Detection\Final dog dataset\Final dog dataset\sad\MG2i1T55PAvx83L6kn82yHhKp95kHe239.jpg,sad
C:\Users\nihar\Documents\ML Projects\Deep Learning Projects\Dog Emotion Detection\Final dog dataset\Final dog dataset\happy\6035423803_55071fea11_b.jpg,happy
C:\Users\nihar\Documents\ML Projects\Deep Learning Projects\Dog Emotion Detection\Final dog dataset\Final dog dataset\happy\8838953995_d921cb2ac6_b.jpg,happy
C:\Users\nihar\Documents\ML Projects\Deep Learning Projects\Dog Emotion Detection\Final dog dataset\Final dog dataset\relaxed\4774014387_dee2cbd126_b.jpg,relaxed
C:\Users\nihar\Documents\ML Projects\Deep Learning Projects\Dog Emotion Detection\Final dog dataset\Final dog dataset\angry\cKx5X559OwECoaslfQipmiZawerGbf821.jpg,angry
C:\Users\nihar\Documents\ML Projects\Deep Learning Projects\Dog Emotion Detection\Final dog dataset\Final dog dataset\relaxed\9583112893_23ca41c4c2_b.jpg,relaxed
C:\Users\nihar\Documents\ML Projects\Deep Learning Projects\Dog Emotion Detection\Final dog dataset\Final dog dataset\sad\lHQyXVQlymyyO60PJfQPNz7v0OrztJ405.jpg,sad
C:\Users\nihar\Documents\ML Projects\Deep Learning Projects\Dog Emotion Detection\Final dog dataset\Final dog dataset\happy\8668236162_9bd6f14199_b.jpg,happy
C:\Users\nihar\Documents\ML Projects\Deep Learning Projects\Dog Emotion Detection\Final dog dataset\Final dog dataset\angry\5b6Ov57T6qJkTe77v9CugHCMfyyguD740.jpg,angry
C:\Users\nihar\Documents\ML Projects\Deep Learning Projects\Dog Emotion Detection\Final dog dataset\Final dog dataset\relaxed\7941799950_df3559e1c3_b.jpg,relaxed
C:\Users\nihar\Documents\ML Projects\Deep Learning Projects\Dog Emotion Detection\Final dog dataset\Final dog dataset\happy\9JwZibFgSggPxbVzJkVZCkZSc7nP6E630.jpg,happy
C:\Users\nihar\Documents\ML Projects\Deep Learning Projects\Dog Emotion Detection\Final dog dataset\Final dog dataset\sad\gNxbJ9LIyFIYqLzus2KpSRsWOBr4uC824.jpg,sad
C:\Users\nihar\Documents\ML Projects\Deep Learning Projects\Dog Emotion Detection\Final dog dataset\Final dog dataset\happy\fVhgnbGScwQTk94ysYl3exlUuEOSza536.jpg,happy
C:\Users\nihar\Documents\ML Projects\Deep Learning Projects\Dog Emotion Detection\Final dog dataset\Final dog dataset\happy\k1S0U1LbZWXYlB1GHWbYkEiStilsoU958.jpg,happy
C:\Users\nihar\Documents\ML Projects\Deep Learning Projects\Dog Emotion Detection\Final dog dataset\Final dog dataset\relaxed\40635426862_84f1f85181_b.jpg,relaxed
C:\Users\nihar\Documents\ML Projects\Deep Learning Projects\Dog Emotion Detection\Final dog dataset\Final dog dataset\sad\e2h60hUIevLBZDEPydebOpACiTleYZ668.jpg,sad
C:\Users\nihar\Documents\ML Projects\Deep Learning Projects\Dog Emotion Detection\Final dog dataset\Final dog dataset\angry\k16iOQoLyPrFSxmky7B1xmxmiI3AkO724.jpg,angry
C:\Users\nihar\Documents\ML Projects\Deep Learning Projects\Dog Emotion Detection\Final dog dataset\Final dog dataset\sad\hUlPSA9KBiMeaxBxJWvOYLaWJ85h9j897.jpg,sad
C:\Users\nihar\Documents\ML Projects\Deep Learning Projects\Dog Emotion Detection\Final dog dataset\Final dog dataset\sad\Mx4EDRz6LYH0u81L5je5KEuMIWLAHy361.jpg,sad
C:\Users\nihar\Documents\ML Projects\Deep Learning Projects\Dog Emotion Detection\Final dog dataset\Final dog dataset\angry\XPwHpbICLYEoyLDrpXVmMC9ilr4xoi750.jpg,angry
C:\Users\nihar\Documents\ML Projects\Deep Learning Projects\Dog Emotion Detection\Final dog dataset\Final dog dataset\relaxed\9741253641_a9c5969301_b.jpg,relaxed
C:\Users\nihar\Documents\ML Projects\Deep Learning Projects\Dog Emotion Detection\Final dog dataset\Final dog dataset\happy\GtVxh65SnG0PyvyhER2TERHhsQo8xq38.jpg,happy
C:\Users\nihar\Documents\ML Projects\Deep Learning Projects\Dog Emotion Detection\Final dog dataset\Final dog dataset\sad\hymvuAwdFO97NToGilTAWXHhaFEN43398.jpg,sad
C:\Users\nihar\Documents\ML Projects\Deep Learning Projects\Dog Emotion Detection\Final dog dataset\Final dog dataset\happy\8348933020_83aeae9d6a_b.jpg,happy
C:\Users\nihar\Documents\ML Projects\Deep Learning Projects\Dog Emotion Detection\Final dog dataset\Final dog dataset\relaxed\6919178278_551c69cdb4_b.jpg,relaxed
C:\Users\nihar\Documents\ML Projects\Deep Learning Projects\Dog Emotion Detection\Final dog dataset\Final dog dataset\happy\2IukSIQn4FnHZ14wUvJQOFgzoFJoQp644.jpg,happy
C:\Users\nihar\Documents\ML Projects\Deep Learning Projects\Dog Emotion Detection\Final dog dataset\Final dog dataset\relaxed\5505452276_9cd500748a_b.jpg,relaxed
C:\Users\nihar\Documents\ML Projects\Deep Learning Projects\Dog Emotion Detection\Final dog dataset\Final dog dataset\angry\ErvqSYoYFbHSmn0AmX8VJHi8Xj2d3w636.jpg,angry
C:\Users\nihar\Documents\ML Projects\Deep Learning Projects\Dog Emotion Detection\Final dog dataset\Final dog dataset\angry\ehzdQ5wyOKDFsxjQWGQYhAisROKEnn518.jpeg,angry
C:\Users\nihar\Documents\ML Projects\Deep Learning Projects\Dog Emotion Detection\Final dog dataset\Final dog dataset\sad\WhjMiY53OB9r5C6GVW2N0HoRMn1yPT797.jpg,sad
C:\Users\nihar\Documents\ML Projects\Deep Learning Projects\Dog Emotion Detection\Final dog dataset\Final dog dataset\angry\PLTIGx3pVmY8szy7jRILC8gV2yQAVb128.jpg,angry
C:\Users\nihar\Documents\ML Projects\Deep Learning Projects\Dog Emotion Detection\Final dog dataset\Final dog dataset\happy\7921727118_aef3fdde20_b.jpg,happy
C:\Users\nihar\Documents\ML Projects\Deep Learning Projects\Dog Emotion Detection\Final dog dataset\Final dog dataset\happy\Ab1HTQPHxLzGiNmNnmbNWaYHXw7qvQ905.jpg,happy
C:\Users\nihar\Documents\ML Projects\Deep Learning Projects\Dog Emotion Detection\Final dog dataset\Final dog dataset\happy\8Ma3FMlUeuUv1cdwS96mtUh7hMdLvo581.jpg,happy
C:\Users\nihar\Documents\ML Projects\Deep Learning Projects\Dog Emotion Detection\Final dog dataset\Final dog dataset\relaxed\33672199933_0ec13951bb_b.jpg,relaxed
C:\Users\nihar\Documents\ML Projects\Deep Learning Projects\Dog Emotion Detection\Final dog dataset\Final dog dataset\happy\5635053323_b4fe721a71_b.jpg,happy
C:\Users\nihar\Documents\ML Projects\Deep Learning Projects\Dog Emotion Detection\Final dog dataset\Final dog dataset\angry\jl5mEL9sB8AMdlg4sp8YgDUbdM7Ho3564.jpg,angry
C:\Users\nihar\Documents\ML Projects\Deep Learning Projects\Dog Emotion Detection\Final dog dataset\Final dog dataset\sad\0biYFWF4fFWJOTHpD1ONSknqtHvLsS70.jpg,sad
C:\Users\nihar\Documents\ML Projects\Deep Learning Projects\Dog Emotion Detection\Final dog dataset\Final dog dataset\sad\c1tVljKiLM9q2zTBuQGWpxmzBuSeBR437.jpg,sad
C:\Users\nihar\Documents\ML Projects\Deep Learning Projects\Dog Emotion Detection\Final dog dataset\Final dog dataset\angry\M4ZT4NQ1azPbVtO9fatw8Qd5NDLbVr988.jpg,angry
C:\Users\nihar\Documents\ML Projects\Deep Learning Projects\Dog Emotion Detection\Final dog dataset\Final dog dataset\sad\kOJnhYvzhnRY6K0R6phvBDhaV4j242513.jpg,sad
C:\Users\nihar\Documents\ML Projects\Deep Learning Projects\Dog Emotion Detection\Final dog dataset\Final dog dataset\sad\LpiSiomHa9KgHkejEVeFouF7ot1Q9Z425.jpg,sad
C:\Users\nihar\Documents\ML Projects\Deep Learning Projects\Dog Emotion Detection\Final dog dataset\Final dog dataset\happy\5749300388_727dcc1f14_b.jpg,happy
C:\Users\nihar\Documents\ML Projects\Deep Learning Projects\Dog Emotion Detection\Final dog dataset\Final dog dataset\sad\cXlwdZZidT3rRWoWvuUSuihkHj3PRn696.jpg,sad
C:\Users\nihar\Documents\ML Projects\Deep Learning Projects\Dog Emotion Detection\Final dog dataset\Final dog dataset\angry\lzoDlkpullDtX3nM08f8nF2YqZM08O747.jpg,angry
C:\Users\nihar\Documents\ML Projects\Deep Learning Projects\Dog Emotion Detection\Final dog dataset\Final dog dataset\happy\5697633407_3b748eeda0_b.jpg,happy
C:\Users\nihar\Documents\ML Projects\Deep Learning Projects\Dog Emotion Detection\Final dog dataset\Final dog dataset\happy\3wiJwic2aFT4j2RuABa8ileidGoV86448.jpg,happy
C:\Users\nihar\Documents\ML Projects\Deep Learning Projects\Dog Emotion Detection\Final dog dataset\Final dog dataset\angry\N3AVp3NicuV9j3QhfMr1JTyKC4KSKl569.jpg,angry
C:\Users\nihar\Documents\ML Projects\Deep Learning Projects\Dog Emotion Detection\Final dog dataset\Final dog dataset\angry\ncehb7wwWkODJW9oKHUDyzOxVmld8I558.jpg,angry
C:\Users\nihar\Documents\ML Projects\Deep Learning Projects\Dog Emotion Detection\Final dog dataset\Final dog dataset\sad\BlXphnJeH2tidA8U5NhWGny96Bse1s59.jpg,sad
C:\Users\nihar\Documents\ML Projects\Deep Learning Projects\Dog Emotion Detection\Final dog dataset\Final dog dataset\angry\Ov9tosvYBQPyI69xNqqBY3fzwdJxhy448.jpg,angry
C:\Users\nihar\Documents\ML Projects\Deep Learning Projects\Dog Emotion Detection\Final dog dataset\Final dog dataset\angry\kEPYsJIrXJM1FxVP0HM1B8CjL4w4Fu466.jpg,angry
C:\Users\nihar\Documents\ML Projects\Deep Learning Projects\Dog Emotion Detection\Final dog dataset\Final dog dataset\happy\ErP9pH5l3EKavvAeALJxpYuDdSb9pO25.jpg,happy
C:\Users\nihar\Documents\ML Projects\Deep Learning Projects\Dog Emotion Detection\Final dog dataset\Final dog dataset\angry\CJ6ZSc7fmjPyhf2v3m6jd1WzLUUK68184.jpg,angry
C:\Users\nihar\Documents\ML Projects\Deep Learning Projects\Dog Emotion Detection\Final dog dataset\Final dog dataset\relaxed\46530607341_0cb693d989_b.jpg,relaxed
C:\Users\nihar\Documents\ML Projects\Deep Learning Projects\Dog Emotion Detection\Final dog dataset\Final dog dataset\happy\IBCgHXk1LNM3OQYuBKzG1uu9Ali3Wd885.jpg,happy
C:\Users\nihar\Documents\ML Projects\Deep Learning Projects\Dog Emotion Detection\Final dog dataset\Final dog dataset\sad\EDmyBUh3pqjNO2NsFqSX5uZoQdFKcv190.jpg,sad
C:\Users\nihar\Documents\ML Projects\Deep Learning Projects\Dog Emotion Detection\Final dog dataset\Final dog dataset\happy\8331580246_1d9786b1c2_b.jpg,happy
C:\Users\nihar\Documents\ML Projects\Deep Learning Projects\Dog Emotion Detection\Final dog dataset\Final dog dataset\sad\U6JOQZjXdY9qmrsrD3fEyTzyC84ANf570.jpg,sad
C:\Users\nihar\Documents\ML Projects\Deep Learning Projects\Dog Emotion Detection\Final dog dataset\Final dog dataset\happy\7176422155_ff6332a1cb_b.jpg,happy
C:\Users\nihar\Documents\ML Projects\Deep Learning Projects\Dog Emotion Detection\Final dog dataset\Final dog dataset\sad\gaLXGwIAXd3BChK0yw0IsPrtbFQg0n289.jpg,sad
C:\Users\nihar\Documents\ML Projects\Deep Learning Projects\Dog Emotion Detection\Final dog dataset\Final dog dataset\happy\5875429809_9b7f11b9c1_b.jpg,happy
C:\Users\nihar\Documents\ML Projects\Deep Learning Projects\Dog Emotion Detection\Final dog dataset\Final dog dataset\sad\7YCicwXiFDNXLwbXC2eXGbhiLQjIwL10.jpg,sad
C:\Users\nihar\Documents\ML Projects\Deep Learning Projects\Dog Emotion Detection\Final dog dataset\Final dog dataset\sad\8jerXmoBezUczQYHJjn7dcLb4ZQ2X6122.jpg,sad
C:\Users\nihar\Documents\ML Projects\Deep Learning Projects\Dog Emotion Detection\Final dog dataset\Final dog dataset\happy\6154112881_bd886c4879_b.jpg,happy
C:\Users\nihar\Documents\ML Projects\Deep Learning Projects\Dog Emotion Detection\Final dog dataset\Final dog dataset\happy\8600930713_ea479dc0f0_b.jpg,happy
C:\Users\nihar\Documents\ML Projects\Deep Learning Projects\Dog Emotion Detection\Final dog dataset\Final dog dataset\relaxed\511826398_9e8e382002_b.jpg,relaxed
C:\Users\nihar\Documents\ML Projects\Deep Learning Projects\Dog Emotion Detection\Final dog dataset\Final dog dataset\sad\0PPeVm7pGU66bzzdxPecScgcCkguMc608.jpg,sad
C:\Users\nihar\Documents\ML Projects\Deep Learning Projects\Dog Emotion Detection\Final dog dataset\Final dog dataset\relaxed\475355041_6bf45dbd55_b.jpg,relaxed
C:\Users\nihar\Documents\ML Projects\Deep Learning Projects\Dog Emotion Detection\Final dog dataset\Final dog dataset\happy\865383928_ee18c0ae14_b.jpg,happy
C:\Users\nihar\Documents\ML Projects\Deep Learning Projects\Dog Emotion Detection\Final dog dataset\Final dog dataset\happy\8505725954_aa3df3187b_b.jpg,happy
C:\Users\nihar\Documents\ML Projects\Deep Learning Projects\Dog Emotion Detection\Final dog dataset\Final dog dataset\relaxed\42279989184_cb82a7cdd8_b.jpg,relaxed
C:\Users\nihar\Documents\ML Projects\Deep Learning Projects\Dog Emotion Detection\Final dog dataset\Final dog dataset\sad\T8EynEk90h4UYU9OHhIO4mCLys4jUM846.jpg,sad
C:\Users\nihar\Documents\ML Projects\Deep Learning Projects\Dog Emotion Detection\Final dog dataset\Final dog dataset\angry\NWLYfKe2fvpXXYyrpIAgOhF12Jwykm519.jpeg,angry
C:\Users\nihar\Documents\ML Projects\Deep Learning Projects\Dog Emotion Detection\Final dog dataset\Final dog dataset\sad\FHys93yfgj66zIDyCYYnWKLxOu02ks721.jpg,sad
C:\Users\nihar\Documents\ML Projects\Deep Learning Projects\Dog Emotion Detection\Final dog dataset\Final dog dataset\relaxed\7365055300_d1b74b6c57_b.jpg,relaxed
C:\Users\nihar\Documents\ML Projects\Deep Learning Projects\Dog Emotion Detection\Final dog dataset\Final dog dataset\angry\09dUVMcjCDfOtbeYDQg5Fvu3GPHWJg811.jpg,angry
C:\Users\nihar\Documents\ML Projects\Deep Learning Projects\Dog Emotion Detection\Final dog dataset\Final dog dataset\sad\roW4E8fFo5E2ivjgUzsla0SYjbXsNe38.jpg,sad
C:\Users\nihar\Documents\ML Projects\Deep Learning Projects\Dog Emotion Detection\Final dog dataset\Final dog dataset\happy\5860113026_5e67d2cdff_b.jpg,happy
C:\Users\nihar\Documents\ML Projects\Deep Learning Projects\Dog Emotion Detection\Final dog dataset\Final dog dataset\sad\v3IOhN1jprCKoSDsaLwWPJJ9IBL9yj306.jpg,sad
C:\Users\nihar\Documents\ML Projects\Deep Learning Projects\Dog Emotion Detection\Final dog dataset\Final dog dataset\sad\qsEYuVrv1xyrKeD1NkgTVvv4Qhmw98506.jpg,sad
C:\Users\nihar\Documents\ML Projects\Deep Learning Projects\Dog Emotion Detection\Final dog dataset\Final dog dataset\sad\JjDliGwNn9aIfIV4HRPRosmNCWdGr5946.jpg,sad
C:\Users\nihar\Documents\ML Projects\Deep Learning Projects\Dog Emotion Detection\Final dog dataset\Final dog dataset\sad\1iqfegoIrN8DnFWVzQwNAL2Nzi2r3f174.jpg,sad
C:\Users\nihar\Documents\ML Projects\Deep Learning Projects\Dog Emotion Detection\Final dog dataset\Final dog dataset\angry\DOmjof3ST9DvaIDxpG2bPI6oQj2RF5454.jpg,angry
C:\Users\nihar\Documents\ML Projects\Deep Learning Projects\Dog Emotion Detection\Final dog dataset\Final dog dataset\relaxed\8220822535_75d8e00047_b.jpg,relaxed
C:\Users\nihar\Documents\ML Projects\Deep Learning Projects\Dog Emotion Detection\Final dog dataset\Final dog dataset\relaxed\5755423649_a33d06bae2_b.jpg,relaxed
C:\Users\nihar\Documents\ML Projects\Deep Learning Projects\Dog Emotion Detection\Final dog dataset\Final dog dataset\relaxed\5557697030_e9a35d15b4_b.jpg,relaxed
C:\Users\nihar\Documents\ML Projects\Deep Learning Projects\Dog Emotion Detection\Final dog dataset\Final dog dataset\relaxed\8384977873_899560e965_b.jpg,relaxed
C:\Users\nihar\Documents\ML Projects\Deep Learning Projects\Dog Emotion Detection\Final dog dataset\Final dog dataset\happy\eNCpJJJyB4PX8HCBlmMA0JevyhdkTh110.jpg,happy
C:\Users\nihar\Documents\ML Projects\Deep Learning Projects\Dog Emotion Detection\Final dog dataset\Final dog dataset\angry\QOMqpwiV1mmoIaGyHMVvL2fhQKdaWZ909.jpg,angry
C:\Users\nihar\Documents\ML Projects\Deep Learning Projects\Dog Emotion Detection\Final dog dataset\Final dog dataset\sad\oY7Xx2TpMZmhgYX0QFJzwTB3oMH5bL236.jpg,sad
C:\Users\nihar\Documents\ML Projects\Deep Learning Projects\Dog Emotion Detection\Final dog dataset\Final dog dataset\sad\10107489634_e3cb096477_b.jpg,sad
C:\Users\nihar\Documents\ML Projects\Deep Learning Projects\Dog Emotion Detection\Final dog dataset\Final dog dataset\happy\9842795456_66731ec542_b.jpg,happy
C:\Users\nihar\Documents\ML Projects\Deep Learning Projects\Dog Emotion Detection\Final dog dataset\Final dog dataset\angry\b3avIrjGsN1ROEAisS6KZdRNCHHkBP96.jpg,angry
C:\Users\nihar\Documents\ML Projects\Deep Learning Projects\Dog Emotion Detection\Final dog dataset\Final dog dataset\angry\Emy48dWRcLSQhMH3xLgIKoulAfLAE9795.jpg,angry
C:\Users\nihar\Documents\ML Projects\Deep Learning Projects\Dog Emotion Detection\Final dog dataset\Final dog dataset\happy\5817233332_8c0d175fc3_b.jpg,happy
C:\Users\nihar\Documents\ML Projects\Deep Learning Projects\Dog Emotion Detection\Final dog dataset\Final dog dataset\happy\9883584014_2c90b9f9e4_b.jpg,happy
C:\Users\nihar\Documents\ML Projects\Deep Learning Projects\Dog Emotion Detection\Final dog dataset\Final dog dataset\happy\7382246922_5b8688e3fe_b.jpg,happy
C:\Users\nihar\Documents\ML Projects\Deep Learning Projects\Dog Emotion Detection\Final dog dataset\Final dog dataset\happy\5652092302_0f2a1d4bcd_b.jpg,happy
C:\Users\nihar\Documents\ML Projects\Deep Learning Projects\Dog Emotion Detection\Final dog dataset\Final dog dataset\relaxed\5638763753_1598ac061a_b.jpg,relaxed
C:\Users\nihar\Documents\ML Projects\Deep Learning Projects\Dog Emotion Detection\Final dog dataset\Final dog dataset\sad\SdVF9YHVt7ItVeZb3cSuae2LYiHJky262.jpg,sad
C:\Users\nihar\Documents\ML Projects\Deep Learning Projects\Dog Emotion Detection\Final dog dataset\Final dog dataset\angry\RUU3ouDj2c7UZK3JlBqoiOZEZ8dl2j177.jpg,angry
C:\Users\nihar\Documents\ML Projects\Deep Learning Projects\Dog Emotion Detection\Final dog dataset\Final dog dataset\relaxed\42504640432_1613ee860b_b.jpg,relaxed
C:\Users\nihar\Documents\ML Projects\Deep Learning Projects\Dog Emotion Detection\Final dog dataset\Final dog dataset\angry\jcTsbBSv0k0gY9vFt8EiUin857AuBl426.jpg,angry
C:\Users\nihar\Documents\ML Projects\Deep Learning Projects\Dog Emotion Detection\Final dog dataset\Final dog dataset\happy\6796962532_085408b8de_b.jpg,happy
C:\Users\nihar\Documents\ML Projects\Deep Learning Projects\Dog Emotion Detection\Final dog dataset\Final dog dataset\angry\CIwxozISNr3K3B5FoWh0NuvEXqKnZ1711.jpg,angry
C:\Users\nihar\Documents\ML Projects\Deep Learning Projects\Dog Emotion Detection\Final dog dataset\Final dog dataset\happy\jnGqIdwHWDmPH4xvZbuk7TQ5Az3CjS475.jpg,happy
C:\Users\nihar\Documents\ML Projects\Deep Learning Projects\Dog Emotion Detection\Final dog dataset\Final dog dataset\happy\imkF0gu1mv0sGyw8vQZrd7karzrB78368.jpg,happy
C:\Users\nihar\Documents\ML Projects\Deep Learning Projects\Dog Emotion Detection\Final dog dataset\Final dog dataset\angry\ZdzWMHQjnxWqq6bj71r5pe78H6nff7616.jpg,angry
C:\Users\nihar\Documents\ML Projects\Deep Learning Projects\Dog Emotion Detection\Final dog dataset\Final dog dataset\angry\Vma0iLrkKUdNMljYpPOMZQEITbUBuk176.jpg,angry
C:\Users\nihar\Documents\ML Projects\Deep Learning Projects\Dog Emotion Detection\Final dog dataset\Final dog dataset\angry\ZpYp8GWZpA2gCsgrAiRhWHJkRkh4zr162.jpg,angry
C:\Users\nihar\Documents\ML Projects\Deep Learning Projects\Dog Emotion Detection\Final dog dataset\Final dog dataset\angry\VUFaznFnylt36a1LOl5nRFsbpB1Sux973.jpg,angry
C:\Users\nihar\Documents\ML Projects\Deep Learning Projects\Dog Emotion Detection\Final dog dataset\Final dog dataset\sad\me2uQQEwDxkhQreh8bmVDbSi8V4zlB135.jpg,sad
C:\Users\nihar\Documents\ML Projects\Deep Learning Projects\Dog Emotion Detection\Final dog dataset\Final dog dataset\angry\tB7N1MAFUFDDf901FYch6F39IMLP12293.jpg,angry
C:\Users\nihar\Documents\ML Projects\Deep Learning Projects\Dog Emotion Detection\Final dog dataset\Final dog dataset\happy\7179867104_fde177bc91_b.jpg,happy
C:\Users\nihar\Documents\ML Projects\Deep Learning Projects\Dog Emotion Detection\Final dog dataset\Final dog dataset\sad\oMfMvAWquphrmVwSqZD12y4KrpXtE1107.jpg,sad
C:\Users\nihar\Documents\ML Projects\Deep Learning Projects\Dog Emotion Detection\Final dog dataset\Final dog dataset\happy\8711368354_34f9c4788f_b.jpg,happy
C:\Users\nihar\Documents\ML Projects\Deep Learning Projects\Dog Emotion Detection\Final dog dataset\Final dog dataset\angry\knnhGda96NLgeyONTxqaEs1KXKh36r687.jpg,angry
C:\Users\nihar\Documents\ML Projects\Deep Learning Projects\Dog Emotion Detection\Final dog dataset\Final dog dataset\relaxed\35299885300_8456f0a8b0_b.jpg,relaxed
C:\Users\nihar\Documents\ML Projects\Deep Learning Projects\Dog Emotion Detection\Final dog dataset\Final dog dataset\angry\HyPmw7efJEhfaNcfxAVEmwmCjV8vwj739.jpg,angry
C:\Users\nihar\Documents\ML Projects\Deep Learning Projects\Dog Emotion Detection\Final dog dataset\Final dog dataset\happy\7110251849_b7411652cd_b.jpg,happy
C:\Users\nihar\Documents\ML Projects\Deep Learning Projects\Dog Emotion Detection\Final dog dataset\Final dog dataset\sad\zupPn3v2Zn8o0DQX53gUN5HDMcr0VY706.jpg,sad
C:\Users\nihar\Documents\ML Projects\Deep Learning Projects\Dog Emotion Detection\Final dog dataset\Final dog dataset\relaxed\7336452448_19ff6bebbe_b.jpg,relaxed
C:\Users\nihar\Documents\ML Projects\Deep Learning Projects\Dog Emotion Detection\Final dog dataset\Final dog dataset\angry\Jzvc2i5QiMAJjP2gVzs6H0vzczIoEc617.jpg,angry
C:\Users\nihar\Documents\ML Projects\Deep Learning Projects\Dog Emotion Detection\Final dog dataset\Final dog dataset\happy\6acQN0bwIUELPunt1Iqx8RbY2mbXuh514.jpg,happy
C:\Users\nihar\Documents\ML Projects\Deep Learning Projects\Dog Emotion Detection\Final dog dataset\Final dog dataset\angry\HuPi0xQvEbnOfAEJPZpk8BSeb1nss8190.jpg,angry
C:\Users\nihar\Documents\ML Projects\Deep Learning Projects\Dog Emotion Detection\Final dog dataset\Final dog dataset\sad\d97REkwfNrOAxflPNsqdNA86QfOl2Q27.jpg,sad
C:\Users\nihar\Documents\ML Projects\Deep Learning Projects\Dog Emotion Detection\Final dog dataset\Final dog dataset\relaxed\4968833517_47649d2955_b.jpg,relaxed
C:\Users\nihar\Documents\ML Projects\Deep Learning Projects\Dog Emotion Detection\Final dog dataset\Final dog dataset\sad\Gf3p3O7aXSWdl3F4W3iKOmBySQ26mS949.jpg,sad
C:\Users\nihar\Documents\ML Projects\Deep Learning Projects\Dog Emotion Detection\Final dog dataset\Final dog dataset\angry\sD5PNN4beDm6NN9JetARojehFgec5V377.jpg,angry
C:\Users\nihar\Documents\ML Projects\Deep Learning Projects\Dog Emotion Detection\Final dog dataset\Final dog dataset\relaxed\6503338597_d17277beea_b.jpg,relaxed
C:\Users\nihar\Documents\ML Projects\Deep Learning Projects\Dog Emotion Detection\Final dog dataset\Final dog dataset\angry\qG1JvHgQ6gGRvD6T8sLSTsXGJKRSFf21.jpg,angry
C:\Users\nihar\Documents\ML Projects\Deep Learning Projects\Dog Emotion Detection\Final dog dataset\Final dog dataset\relaxed\50822070351_e38efba478_b.jpg,relaxed
C:\Users\nihar\Documents\ML Projects\Deep Learning Projects\Dog Emotion Detection\Final dog dataset\Final dog dataset\happy\73386378_465609e540_b.jpg,happy
C:\Users\nihar\Documents\ML Projects\Deep Learning Projects\Dog Emotion Detection\Final dog dataset\Final dog dataset\sad\BTspthcy3EOiLL9Ocy7Nwqjx37kciK964.jpg,sad
C:\Users\nihar\Documents\ML Projects\Deep Learning Projects\Dog Emotion Detection\Final dog dataset\Final dog dataset\happy\6076628419_1ee924596f_b.jpg,happy
C:\Users\nihar\Documents\ML Projects\Deep Learning Projects\Dog Emotion Detection\Final dog dataset\Final dog dataset\happy\9376260933_025f4453dc_b.jpg,happy
C:\Users\nihar\Documents\ML Projects\Deep Learning Projects\Dog Emotion Detection\Final dog dataset\Final dog dataset\sad\Z7ZmLopnOZICYejEAsvJwUs0Hp5MPw704.jpg,sad
C:\Users\nihar\Documents\ML Projects\Deep Learning Projects\Dog Emotion Detection\Final dog dataset\Final dog dataset\happy\8125752358_a16d8d0a35_b.jpg,happy
C:\Users\nihar\Documents\ML Projects\Deep Learning Projects\Dog Emotion Detection\Final dog dataset\Final dog dataset\angry\vG0SkA2Tz6Npqf3Kps8mY0GmoqibO1118.jpg,angry
C:\Users\nihar\Documents\ML Projects\Deep Learning Projects\Dog Emotion Detection\Final dog dataset\Final dog dataset\sad\MqN5Aag6Uu7ot4hU6ia6zTMAkob8W1152.jpg,sad
C:\Users\nihar\Documents\ML Projects\Deep Learning Projects\Dog Emotion Detection\Final dog dataset\Final dog dataset\angry\dOCMMotpbR9DoDoDCnCNlEWlLhensl913.jpg,angry
C:\Users\nihar\Documents\ML Projects\Deep Learning Projects\Dog Emotion Detection\Final dog dataset\Final dog dataset\sad\7yiauWVuKaxWtIVAe9yKgvXMuxEipN320.jpg,sad
C:\Users\nihar\Documents\ML Projects\Deep Learning Projects\Dog Emotion Detection\Final dog dataset\Final dog dataset\angry\TIMUuXJSF4ki13XTuoS4r6nyvzFfat292.jpg,angry
C:\Users\nihar\Documents\ML Projects\Deep Learning Projects\Dog Emotion Detection\Final dog dataset\Final dog dataset\angry\M4cXEcZVU1sI8EDQt2c0SOozZvNt0J50.jpg,angry
C:\Users\nihar\Documents\ML Projects\Deep Learning Projects\Dog Emotion Detection\Final dog dataset\Final dog dataset\happy\DLBo5AN0ESJS70e0GWa1p1S7rWfm8t104.jpg,happy
C:\Users\nihar\Documents\ML Projects\Deep Learning Projects\Dog Emotion Detection\Final dog dataset\Final dog dataset\sad\XsFmX7mYUKsPSHKEFBE4CDYBtKp837631.jpg,sad
C:\Users\nihar\Documents\ML Projects\Deep Learning Projects\Dog Emotion Detection\Final dog dataset\Final dog dataset\happy\97566995_cffa27e34c_b.jpg,happy
C:\Users\nihar\Documents\ML Projects\Deep Learning Projects\Dog Emotion Detection\Final dog dataset\Final dog dataset\sad\i4YlVFe9aZniaR6zDRLrFVN2lDRPQt896.jpg,sad
C:\Users\nihar\Documents\ML Projects\Deep Learning Projects\Dog Emotion Detection\Final dog dataset\Final dog dataset\happy\8904888336_7cdd207018_b.jpg,happy
C:\Users\nihar\Documents\ML Projects\Deep Learning Projects\Dog Emotion Detection\Final dog dataset\Final dog dataset\relaxed\9231477650_4f733729cb_b.jpg,relaxed
C:\Users\nihar\Documents\ML Projects\Deep Learning Projects\Dog Emotion Detection\Final dog dataset\Final dog dataset\angry\6s1xCH6WkJevU2YuNdue5i7NrO1dEH587.jpg,angry
C:\Users\nihar\Documents\ML Projects\Deep Learning Projects\Dog Emotion Detection\Final dog dataset\Final dog dataset\happy\fEj34TUiCCjKo7rTtyLx8nhftP47X7190.jpg,happy
C:\Users\nihar\Documents\ML Projects\Deep Learning Projects\Dog Emotion Detection\Final dog dataset\Final dog dataset\angry\WtEu5rzVrV2N98TJKOOpBDmagZhWYR81.jpg,angry
C:\Users\nihar\Documents\ML Projects\Deep Learning Projects\Dog Emotion Detection\Final dog dataset\Final dog dataset\relaxed\50805188_474d96a26b_b.jpg,relaxed
C:\Users\nihar\Documents\ML Projects\Deep Learning Projects\Dog Emotion Detection\Final dog dataset\Final dog dataset\happy\KGmyc91gEP4EGhmL3L3SSyUcFxHeBw298.jpg,happy
C:\Users\nihar\Documents\ML Projects\Deep Learning Projects\Dog Emotion Detection\Final dog dataset\Final dog dataset\relaxed\9609131728_411c0fd7e5_b.jpg,relaxed
C:\Users\nihar\Documents\ML Projects\Deep Learning Projects\Dog Emotion Detection\Final dog dataset\Final dog dataset\sad\Y0MOo8PtlZha1dQdu3SzL61CxFGnNl163.jpg,sad
C:\Users\nihar\Documents\ML Projects\Deep Learning Projects\Dog Emotion Detection\Final dog dataset\Final dog dataset\angry\myiqCHrjgpNoFkt0n7Up5FxEXTO1r4420.jpg,angry
C:\Users\nihar\Documents\ML Projects\Deep Learning Projects\Dog Emotion Detection\Final dog dataset\Final dog dataset\happy\cdxiReBIQgLC8IhTeeLFkaQoQ33Kr4287.jpg,happy
C:\Users\nihar\Documents\ML Projects\Deep Learning Projects\Dog Emotion Detection\Final dog dataset\Final dog dataset\relaxed\5462670556_8eaf8bd6cf_b.jpg,relaxed
C:\Users\nihar\Documents\ML Projects\Deep Learning Projects\Dog Emotion Detection\Final dog dataset\Final dog dataset\happy\91q4M5ioiqmTZ5xnBBH8tqdnrMyzVX226.jpg,happy
C:\Users\nihar\Documents\ML Projects\Deep Learning Projects\Dog Emotion Detection\Final dog dataset\Final dog dataset\angry\E2aRldzZscxwwywfBDqSI4gZan2h9X642.jpg,angry
C:\Users\nihar\Documents\ML Projects\Deep Learning Projects\Dog Emotion Detection\Final dog dataset\Final dog dataset\happy\FtyDE88wAzjJpO0k7HWNj85kfu8QqA937.jpg,happy
C:\Users\nihar\Documents\ML Projects\Deep Learning Projects\Dog Emotion Detection\Final dog dataset\Final dog dataset\sad\tWfoLsTp94nSOo9wroTeWN0ExvBWib909.jpg,sad
C:\Users\nihar\Documents\ML Projects\Deep Learning Projects\Dog Emotion Detection\Final dog dataset\Final dog dataset\happy\F8cNsHyO2seqabyhKdU9f5qMjYvMQo336.jpg,happy
C:\Users\nihar\Documents\ML Projects\Deep Learning Projects\Dog Emotion Detection\Final dog dataset\Final dog dataset\angry\PBZbcTiVPTmXUr9eWX2WsnXzvQbcDt432.jpg,angry
C:\Users\nihar\Documents\ML Projects\Deep Learning Projects\Dog Emotion Detection\Final dog dataset\Final dog dataset\happy\6879251064_9560fc4746_b.jpg,happy
C:\Users\nihar\Documents\ML Projects\Deep Learning Projects\Dog Emotion Detection\Final dog dataset\Final dog dataset\relaxed\7458086976_f690ec577c_b.jpg,relaxed
C:\Users\nihar\Documents\ML Projects\Deep Learning Projects\Dog Emotion Detection\Final dog dataset\Final dog dataset\angry\cj727mXSA0Eetuin9HmrYyN64hOjq2817.jpg,angry
C:\Users\nihar\Documents\ML Projects\Deep Learning Projects\Dog Emotion Detection\Final dog dataset\Final dog dataset\angry\LRg3BbSvwI1brnQBRXw6VfMe3DOoD8207.jpg,angry
C:\Users\nihar\Documents\ML Projects\Deep Learning Projects\Dog Emotion Detection\Final dog dataset\Final dog dataset\relaxed\7653104926_b172a2fc23_b.jpg,relaxed
C:\Users\nihar\Documents\ML Projects\Deep Learning Projects\Dog Emotion Detection\Final dog dataset\Final dog dataset\sad\KgPPiZ4aTx5pgrq8WCc0FRhrSmDmLg453.jpg,sad
C:\Users\nihar\Documents\ML Projects\Deep Learning Projects\Dog Emotion Detection\Final dog dataset\Final dog dataset\happy\6283758534_6b87fba093_b.jpg,happy
C:\Users\nihar\Documents\ML Projects\Deep Learning Projects\Dog Emotion Detection\Final dog dataset\Final dog dataset\angry\E0ifYHUzor2NCut7zy5A4jeMIUFULV792.jpg,angry
C:\Users\nihar\Documents\ML Projects\Deep Learning Projects\Dog Emotion Detection\Final dog dataset\Final dog dataset\angry\IbU0qnVlUS156y9KhdFk18h6ve1ILr906.jpg,angry
C:\Users\nihar\Documents\ML Projects\Deep Learning Projects\Dog Emotion Detection\Final dog dataset\Final dog dataset\angry\X1NEDZhPz07Qn638mP7TXqV1WQXb6S51.jpg,angry
C:\Users\nihar\Documents\ML Projects\Deep Learning Projects\Dog Emotion Detection\Final dog dataset\Final dog dataset\relaxed\6147061560_d66668a5d1_b.jpg,relaxed
C:\Users\nihar\Documents\ML Projects\Deep Learning Projects\Dog Emotion Detection\Final dog dataset\Final dog dataset\relaxed\37873451561_9e3c2be59a_b.jpg,relaxed
C:\Users\nihar\Documents\ML Projects\Deep Learning Projects\Dog Emotion Detection\Final dog dataset\Final dog dataset\relaxed\48648766638_43df256153_b.jpg,relaxed
C:\Users\nihar\Documents\ML Projects\Deep Learning Projects\Dog Emotion Detection\Final dog dataset\Final dog dataset\happy\DAS9wKLcQp9D7BZRDNAw8Fu6EbZUxX321.jpg,happy
C:\Users\nihar\Documents\ML Projects\Deep Learning Projects\Dog Emotion Detection\Final dog dataset\Final dog dataset\sad\QnbrNsyOAA7lOyKosNYf6bC05zcaMP220.jpg,sad
C:\Users\nihar\Documents\ML Projects\Deep Learning Projects\Dog Emotion Detection\Final dog dataset\Final dog dataset\relaxed\5418450433_b2b7de5410_b.jpg,relaxed
C:\Users\nihar\Documents\ML Projects\Deep Learning Projects\Dog Emotion Detection\Final dog dataset\Final dog dataset\relaxed\5411427527_fa1945cbf7_b.jpg,relaxed
C:\Users\nihar\Documents\ML Projects\Deep Learning Projects\Dog Emotion Detection\Final dog dataset\Final dog dataset\angry\CCVZs814zIwGdu7F5HvXTSwgQ1zi7N158.jpg,angry
C:\Users\nihar\Documents\ML Projects\Deep Learning Projects\Dog Emotion Detection\Final dog dataset\Final dog dataset\sad\nHGf1iUb6xSoTCNkZBdEmuMMdIDZpQ808.jpg,sad
C:\Users\nihar\Documents\ML Projects\Deep Learning Projects\Dog Emotion Detection\Final dog dataset\Final dog dataset\happy\9407594862_e332a7d82c_b.jpg,happy
C:\Users\nihar\Documents\ML Projects\Deep Learning Projects\Dog Emotion Detection\Final dog dataset\Final dog dataset\happy\AVMOVakJD7hi4tC5ccSJs7fmcYjSS8760.jpg,happy
C:\Users\nihar\Documents\ML Projects\Deep Learning Projects\Dog Emotion Detection\Final dog dataset\Final dog dataset\relaxed\7165174101_18355a03a9_b.jpg,relaxed
C:\Users\nihar\Documents\ML Projects\Deep Learning Projects\Dog Emotion Detection\Final dog dataset\Final dog dataset\relaxed\38644963056_c84b552619_b.jpg,relaxed
C:\Users\nihar\Documents\ML Projects\Deep Learning Projects\Dog Emotion Detection\Final dog dataset\Final dog dataset\angry\omb1aHeMJwPcRzHhkHdWlnUZZVL4ey352.jpg,angry
C:\Users\nihar\Documents\ML Projects\Deep Learning Projects\Dog Emotion Detection\Final dog dataset\Final dog dataset\sad\GrYIsLAxnvGlce02aFLIOSppMJXSjY222.jpg,sad
C:\Users\nihar\Documents\ML Projects\Deep Learning Projects\Dog Emotion Detection\Final dog dataset\Final dog dataset\happy\jMQ3P0Syku2WvWuvuSGk8CInIE7qmd116.jpg,happy
C:\Users\nihar\Documents\ML Projects\Deep Learning Projects\Dog Emotion Detection\Final dog dataset\Final dog dataset\angry\Fi9fl8nGrojqjAzgipkQ3uJKBPJ9zI682.jpg,angry
C:\Users\nihar\Documents\ML Projects\Deep Learning Projects\Dog Emotion Detection\Final dog dataset\Final dog dataset\happy\6039706400_3c036e4429_b.jpg,happy
C:\Users\nihar\Documents\ML Projects\Deep Learning Projects\Dog Emotion Detection\Final dog dataset\Final dog dataset\angry\M8gJyHDr7ZDfFceHHrPneiqkYt9vEL252.jpg,angry
C:\Users\nihar\Documents\ML Projects\Deep Learning Projects\Dog Emotion Detection\Final dog dataset\Final dog dataset\angry\0nhvFJW7Q5S48PygRMOimUipiYweig911.jpg,angry
C:\Users\nihar\Documents\ML Projects\Deep Learning Projects\Dog Emotion Detection\Final dog dataset\Final dog dataset\relaxed\7760696306_e42324c02d_b.jpg,relaxed
C:\Users\nihar\Documents\ML Projects\Deep Learning Projects\Dog Emotion Detection\Final dog dataset\Final dog dataset\sad\3OiYOaEPwcmGmGpdXMd4EUXMDyC4eA115.jpg,sad
C:\Users\nihar\Documents\ML Projects\Deep Learning Projects\Dog Emotion Detection\Final dog dataset\Final dog dataset\relaxed\7546544926_f5668ca094_b.jpg,relaxed
C:\Users\nihar\Documents\ML Projects\Deep Learning Projects\Dog Emotion Detection\Final dog dataset\Final dog dataset\relaxed\3823200771_c456d73b94_b.jpg,relaxed
C:\Users\nihar\Documents\ML Projects\Deep Learning Projects\Dog Emotion Detection\Final dog dataset\Final dog dataset\relaxed\6994109729_b77d776c7d_b.jpg,relaxed
C:\Users\nihar\Documents\ML Projects\Deep Learning Projects\Dog Emotion Detection\Final dog dataset\Final dog dataset\sad\7IkoHnxYuLvi5rE88kbhyO7sosvspf961.jpg,sad
C:\Users\nihar\Documents\ML Projects\Deep Learning Projects\Dog Emotion Detection\Final dog dataset\Final dog dataset\happy\CR7eRMtbZIYRTTFI2BBfQqQwQIe3pd16.jpg,happy
C:\Users\nihar\Documents\ML Projects\Deep Learning Projects\Dog Emotion Detection\Final dog dataset\Final dog dataset\happy\2nBcJrbC9A4h7SOnKhetMkHbYuZzQ8929.jpg,happy
C:\Users\nihar\Documents\ML Projects\Deep Learning Projects\Dog Emotion Detection\Final dog dataset\Final dog dataset\sad\vd8sgWWJQNvLTVgKeRteKlXY4TV6Wk325.jpg,sad
C:\Users\nihar\Documents\ML Projects\Deep Learning Projects\Dog Emotion Detection\Final dog dataset\Final dog dataset\relaxed\8071075073_b682ec7449_b.jpg,relaxed
C:\Users\nihar\Documents\ML Projects\Deep Learning Projects\Dog Emotion Detection\Final dog dataset\Final dog dataset\angry\VCiKOzuao1aIzXyGnCTqO68fihqXab822.jpg,angry
C:\Users\nihar\Documents\ML Projects\Deep Learning Projects\Dog Emotion Detection\Final dog dataset\Final dog dataset\happy\6300056020_346f4f3dfd_b.jpg,happy
C:\Users\nihar\Documents\ML Projects\Deep Learning Projects\Dog Emotion Detection\Final dog dataset\Final dog dataset\angry\zRlfLp3Zs92JK96pjNpo00TcAdhc0c581.jpeg,angry
C:\Users\nihar\Documents\ML Projects\Deep Learning Projects\Dog Emotion Detection\Final dog dataset\Final dog dataset\relaxed\36656807390_f735954bf1_b.jpg,relaxed
C:\Users\nihar\Documents\ML Projects\Deep Learning Projects\Dog Emotion Detection\Final dog dataset\Final dog dataset\sad\BkHI403V3CIP1GSpTFMRh66IhZ2P8i554.jpg,sad
C:\Users\nihar\Documents\ML Projects\Deep Learning Projects\Dog Emotion Detection\Final dog dataset\Final dog dataset\relaxed\7412206290_25473b53a4_b.jpg,relaxed
C:\Users\nihar\Documents\ML Projects\Deep Learning Projects\Dog Emotion Detection\Final dog dataset\Final dog dataset\angry\5zLuXJ0NFDvtFu31P74V6Q8JhQbIZX639.jpg,angry
C:\Users\nihar\Documents\ML Projects\Deep Learning Projects\Dog Emotion Detection\Final dog dataset\Final dog dataset\angry\2tkW5QsTS7t7jKlF9nMrKfAIbSkAe3490.jpg,angry
C:\Users\nihar\Documents\ML Projects\Deep Learning Projects\Dog Emotion Detection\Final dog dataset\Final dog dataset\sad\lbpy9rriCijpPDFsHIEEIscEJnlOy4634.jpg,sad
C:\Users\nihar\Documents\ML Projects\Deep Learning Projects\Dog Emotion Detection\Final dog dataset\Final dog dataset\happy\4O0eBLoXpWl9jWBufOpZNwW2JLhu3A199.jpg,happy
C:\Users\nihar\Documents\ML Projects\Deep Learning Projects\Dog Emotion Detection\Final dog dataset\Final dog dataset\sad\IsfgeMl6OWZYuWNjATaDYoAYEeY2d3159.jpg,sad
C:\Users\nihar\Documents\ML Projects\Deep Learning Projects\Dog Emotion Detection\Final dog dataset\Final dog dataset\relaxed\5516883634_b52de7fe35_b.jpg,relaxed
C:\Users\nihar\Documents\ML Projects\Deep Learning Projects\Dog Emotion Detection\Final dog dataset\Final dog dataset\sad\490oQOCe9kVpDxktwsLxSazxFLcl5v571.jpg,sad
C:\Users\nihar\Documents\ML Projects\Deep Learning Projects\Dog Emotion Detection\Final dog dataset\Final dog dataset\angry\1IRXdTCcJO8H4W7NCbVAS6cPoHRP2Z831.jpg,angry
C:\Users\nihar\Documents\ML Projects\Deep Learning Projects\Dog Emotion Detection\Final dog dataset\Final dog dataset\relaxed\454225217_a3b0d7ecb9_b.jpg,relaxed
C:\Users\nihar\Documents\ML Projects\Deep Learning Projects\Dog Emotion Detection\Final dog dataset\Final dog dataset\happy\9024552761_2565f70307_b.jpg,happy
C:\Users\nihar\Documents\ML Projects\Deep Learning Projects\Dog Emotion Detection\Final dog dataset\Final dog dataset\angry\RITrUhI7ECqlVNuzJWG0S68HjUxNA8679.jpg,angry
C:\Users\nihar\Documents\ML Projects\Deep Learning Projects\Dog Emotion Detection\Final dog dataset\Final dog dataset\relaxed\32785850294_4e449dd682_b.jpg,relaxed
C:\Users\nihar\Documents\ML Projects\Deep Learning Projects\Dog Emotion Detection\Final dog dataset\Final dog dataset\angry\V5nPnbgGf96u3VjyxVTYrsANLVYhxX406.jpg,angry
C:\Users\nihar\Documents\ML Projects\Deep Learning Projects\Dog Emotion Detection\Final dog dataset\Final dog dataset\relaxed\7256424318_42c0800764_b.jpg,relaxed
C:\Users\nihar\Documents\ML Projects\Deep Learning Projects\Dog Emotion Detection\Final dog dataset\Final dog dataset\sad\nL0pSfFjBl2z6G95Il9FZFi4fh6CL7982.jpg,sad
C:\Users\nihar\Documents\ML Projects\Deep Learning Projects\Dog Emotion Detection\Final dog dataset\Final dog dataset\relaxed\5947457588_d46b915c89_b.jpg,relaxed
C:\Users\nihar\Documents\ML Projects\Deep Learning Projects\Dog Emotion Detection\Final dog dataset\Final dog dataset\happy\HNqkNeWvMk7fRONq8ArbtrvuIuxreS770.jpg,happy
C:\Users\nihar\Documents\ML Projects\Deep Learning Projects\Dog Emotion Detection\Final dog dataset\Final dog dataset\happy\ai4u74vDeUXtd3yf5EKDORYcKj1qR2783.jpg,happy
C:\Users\nihar\Documents\ML Projects\Deep Learning Projects\Dog Emotion Detection\Final dog dataset\Final dog dataset\happy\9549602651_717665874e_b.jpg,happy
C:\Users\nihar\Documents\ML Projects\Deep Learning Projects\Dog Emotion Detection\Final dog dataset\Final dog dataset\sad\f1T32lfGDrTigSr86ID3PAlDudTkIt22.jpg,sad
C:\Users\nihar\Documents\ML Projects\Deep Learning Projects\Dog Emotion Detection\Final dog dataset\Final dog dataset\happy\4GbTNlAl1DErsXUawxXzK8Gkb62SLb530.jpg,happy
C:\Users\nihar\Documents\ML Projects\Deep Learning Projects\Dog Emotion Detection\Final dog dataset\Final dog dataset\relaxed\5690346249_871f3fe3f4_b.jpg,relaxed
C:\Users\nihar\Documents\ML Projects\Deep Learning Projects\Dog Emotion Detection\Final dog dataset\Final dog dataset\angry\y1tgPkgUv200omIlDmBp1PS7dOeogb584.jpg,angry
C:\Users\nihar\Documents\ML Projects\Deep Learning Projects\Dog Emotion Detection\Final dog dataset\Final dog dataset\sad\n39cMIF2NMMBNtvzMC0WtsUsMquij7297.jpg,sad
C:\Users\nihar\Documents\ML Projects\Deep Learning Projects\Dog Emotion Detection\Final dog dataset\Final dog dataset\angry\47YKL14v8VMMtP1xBv0IWJwhLTnkpE93.jpg,angry
C:\Users\nihar\Documents\ML Projects\Deep Learning Projects\Dog Emotion Detection\Final dog dataset\Final dog dataset\relaxed\35557248643_259570542e_b.jpg,relaxed
C:\Users\nihar\Documents\ML Projects\Deep Learning Projects\Dog Emotion Detection\Final dog dataset\Final dog dataset\relaxed\5422865423_533e275f83_b.jpg,relaxed
C:\Users\nihar\Documents\ML Projects\Deep Learning Projects\Dog Emotion Detection\Final dog dataset\Final dog dataset\relaxed\32732446667_5871dfb858_b.jpg,relaxed
C:\Users\nihar\Documents\ML Projects\Deep Learning Projects\Dog Emotion Detection\Final dog dataset\Final dog dataset\happy\6959269681_c9bbb82afc_b.jpg,happy
C:\Users\nihar\Documents\ML Projects\Deep Learning Projects\Dog Emotion Detection\Final dog dataset\Final dog dataset\sad\iYWYCT9UFWVLidSH8cHAh6mFBfaTLi188.jpg,sad
C:\Users\nihar\Documents\ML Projects\Deep Learning Projects\Dog Emotion Detection\Final dog dataset\Final dog dataset\angry\1Utns729zOhE2nUIHDPWEbVKz98uaW11.jpg,angry
C:\Users\nihar\Documents\ML Projects\Deep Learning Projects\Dog Emotion Detection\Final dog dataset\Final dog dataset\sad\S42zVN8RfVnrrmTQG2nCUMBentMuXZ407.jpg,sad
C:\Users\nihar\Documents\ML Projects\Deep Learning Projects\Dog Emotion Detection\Final dog dataset\Final dog dataset\happy\hZlejWTVRjnC0QRybZ6wGKLDpbw364869.jpg,happy
C:\Users\nihar\Documents\ML Projects\Deep Learning Projects\Dog Emotion Detection\Final dog dataset\Final dog dataset\sad\XIn5RJb1i2w9IILHsWKeLpvQyejB4Z155.jpg,sad
C:\Users\nihar\Documents\ML Projects\Deep Learning Projects\Dog Emotion Detection\Final dog dataset\Final dog dataset\sad\suyQd1norto1dp6zyOi2rMbERXZpHj764.jpg,sad
C:\Users\nihar\Documents\ML Projects\Deep Learning Projects\Dog Emotion Detection\Final dog dataset\Final dog dataset\angry\P3E3vHkjvSKHvKmeLc6caivNAVDyHR744.jpg,angry
C:\Users\nihar\Documents\ML Projects\Deep Learning Projects\Dog Emotion Detection\Final dog dataset\Final dog dataset\sad\ljpAcCygAOWIaJgAuYBRUjpj9S3Smj573.jpg,sad
C:\Users\nihar\Documents\ML Projects\Deep Learning Projects\Dog Emotion Detection\Final dog dataset\Final dog dataset\angry\nTR6iV4LFTQLwY0mFSpNbDuEbEpBGo446.jpg,angry
C:\Users\nihar\Documents\ML Projects\Deep Learning Projects\Dog Emotion Detection\Final dog dataset\Final dog dataset\sad\qBA0qTF60M9vR0UNboHKurpAQVbldY577.jpg,sad
C:\Users\nihar\Documents\ML Projects\Deep Learning Projects\Dog Emotion Detection\Final dog dataset\Final dog dataset\angry\GsbMrTIaMiHWHZDcEhIo2aJKHjItEO577.jpg,angry
C:\Users\nihar\Documents\ML Projects\Deep Learning Projects\Dog Emotion Detection\Final dog dataset\Final dog dataset\happy\fZUDQjdXoMWaPLjC61kTFqugmz8AQ4428.jpg,happy
C:\Users\nihar\Documents\ML Projects\Deep Learning Projects\Dog Emotion Detection\Final dog dataset\Final dog dataset\happy\GKIF1FEefsB00f2E8VZ14HcFocUTz299.jpg,happy
C:\Users\nihar\Documents\ML Projects\Deep Learning Projects\Dog Emotion Detection\Final dog dataset\Final dog dataset\angry\Rfmk57rUdTEHgS8seJ47u3WYWK7JjB223.jpg,angry
C:\Users\nihar\Documents\ML Projects\Deep Learning Projects\Dog Emotion Detection\Final dog dataset\Final dog dataset\sad\9cwsljcV9ub5XTiJk3ZB2d9j5grPkb13.jpg,sad
C:\Users\nihar\Documents\ML Projects\Deep Learning Projects\Dog Emotion Detection\Final dog dataset\Final dog dataset\sad\2qn0xIS8aqy5jyew88WAPwvUGOASAU782.jpg,sad
C:\Users\nihar\Documents\ML Projects\Deep Learning Projects\Dog Emotion Detection\Final dog dataset\Final dog dataset\angry\xxYNhfbAJSls2p1JRrreEz518Wwx1Q963.jpg,angry
C:\Users\nihar\Documents\ML Projects\Deep Learning Projects\Dog Emotion Detection\Final dog dataset\Final dog dataset\sad\d0mvFDwVTMcB8yaKwdUIdcx4W86pMN294.jpg,sad
C:\Users\nihar\Documents\ML Projects\Deep Learning Projects\Dog Emotion Detection\Final dog dataset\Final dog dataset\sad\oW7WWzaXGAMYSIovIcQSeYQgdeeEpV742.jpg,sad
C:\Users\nihar\Documents\ML Projects\Deep Learning Projects\Dog Emotion Detection\Final dog dataset\Final dog dataset\sad\MuZw7ibShZWeu7JiOSwwo1hE1uK4Xu335.jpg,sad
C:\Users\nihar\Documents\ML Projects\Deep Learning Projects\Dog Emotion Detection\Final dog dataset\Final dog dataset\sad\E37LqZG2SLu2PShfci1j1AFjp6eyeb121.jpg,sad
C:\Users\nihar\Documents\ML Projects\Deep Learning Projects\Dog Emotion Detection\Final dog dataset\Final dog dataset\angry\3gNqRVAOOxGGxL64hG2fXa2apwIDio797.jpg,angry
C:\Users\nihar\Documents\ML Projects\Deep Learning Projects\Dog Emotion Detection\Final dog dataset\Final dog dataset\sad\bLFd0rDadis0vuNQRryRrogzzbj9ZF877.jpg,sad
C:\Users\nihar\Documents\ML Projects\Deep Learning Projects\Dog Emotion Detection\Final dog dataset\Final dog dataset\relaxed\8436827744_6e433c8c02_b.jpg,relaxed
C:\Users\nihar\Documents\ML Projects\Deep Learning Projects\Dog Emotion Detection\Final dog dataset\Final dog dataset\relaxed\6067060138_2c65d8410c_b.jpg,relaxed
C:\Users\nihar\Documents\ML Projects\Deep Learning Projects\Dog Emotion Detection\Final dog dataset\Final dog dataset\sad\vH64OuK3EYl0mdsMzLceV0xFFEUiOb595.jpg,sad
C:\Users\nihar\Documents\ML Projects\Deep Learning Projects\Dog Emotion Detection\Final dog dataset\Final dog dataset\sad\yl4IJhjV8DZsiZJbpaCT0WxSXz3On7852.jpg,sad
C:\Users\nihar\Documents\ML Projects\Deep Learning Projects\Dog Emotion Detection\Final dog dataset\Final dog dataset\happy\defQaN918bkJmECP23aDZgtKdR8KnJ268.jpg,happy
C:\Users\nihar\Documents\ML Projects\Deep Learning Projects\Dog Emotion Detection\Final dog dataset\Final dog dataset\angry\NwEkx8YM49JoCw64ViR1vA6jzyRYYu262.jpg,angry
C:\Users\nihar\Documents\ML Projects\Deep Learning Projects\Dog Emotion Detection\Final dog dataset\Final dog dataset\happy\1qoRBbSqCqsTt0UgKLu8KQ66ASgVbC371.jpg,happy
C:\Users\nihar\Documents\ML Projects\Deep Learning Projects\Dog Emotion Detection\Final dog dataset\Final dog dataset\happy\5870441074_4341102a9e_b.jpg,happy
C:\Users\nihar\Documents\ML Projects\Deep Learning Projects\Dog Emotion Detection\Final dog dataset\Final dog dataset\happy\BYgeqhx5Wt4Y31qtwpzTwfl09GahEB735.jpg,happy
C:\Users\nihar\Documents\ML Projects\Deep Learning Projects\Dog Emotion Detection\Final dog dataset\Final dog dataset\relaxed\5558723869_802c32a50a_b.jpg,relaxed
C:\Users\nihar\Documents\ML Projects\Deep Learning Projects\Dog Emotion Detection\Final dog dataset\Final dog dataset\angry\mPpGxdBNWUNW5iuy81Zamz0QKBe0Pn674.jpg,angry
C:\Users\nihar\Documents\ML Projects\Deep Learning Projects\Dog Emotion Detection\Final dog dataset\Final dog dataset\angry\B4eMEkRxyHeDS0KxZoPbIwVpRSaEAc663.jpg,angry
C:\Users\nihar\Documents\ML Projects\Deep Learning Projects\Dog Emotion Detection\Final dog dataset\Final dog dataset\sad\9770881951_c88a491a2e_b.jpg,sad
C:\Users\nihar\Documents\ML Projects\Deep Learning Projects\Dog Emotion Detection\Final dog dataset\Final dog dataset\angry\jImmg2whus7Z4Ix5zLnEvAZisHaBMr935.jpg,angry
C:\Users\nihar\Documents\ML Projects\Deep Learning Projects\Dog Emotion Detection\Final dog dataset\Final dog dataset\angry\Rj3d2g77Ihy0jCQnX9LRbtCm98OfDg480.jpg,angry
C:\Users\nihar\Documents\ML Projects\Deep Learning Projects\Dog Emotion Detection\Final dog dataset\Final dog dataset\relaxed\31997199948_718d7b6ce0_b.jpg,relaxed
C:\Users\nihar\Documents\ML Projects\Deep Learning Projects\Dog Emotion Detection\Final dog dataset\Final dog dataset\sad\e8981ZVuecJhc6umS4QxioYTHZp0ad938.jpg,sad
C:\Users\nihar\Documents\ML Projects\Deep Learning Projects\Dog Emotion Detection\Final dog dataset\Final dog dataset\happy\K7pjwPi0ArZKUKOSOaC9xxOGGIDJbe979.jpg,happy
C:\Users\nihar\Documents\ML Projects\Deep Learning Projects\Dog Emotion Detection\Final dog dataset\Final dog dataset\sad\rc69hkwnX1MTPSEgygPfBwr8SjDfPO758.jpg,sad
C:\Users\nihar\Documents\ML Projects\Deep Learning Projects\Dog Emotion Detection\Final dog dataset\Final dog dataset\relaxed\39310780205_a56b968cde_b.jpg,relaxed
C:\Users\nihar\Documents\ML Projects\Deep Learning Projects\Dog Emotion Detection\Final dog dataset\Final dog dataset\angry\nueUu84yk4xGNrprlKuraSRq1Tnj1I146.jpg,angry
C:\Users\nihar\Documents\ML Projects\Deep Learning Projects\Dog Emotion Detection\Final dog dataset\Final dog dataset\sad\HXYVOCyucLWhjnCdopE98h3bMEWgNB459.jpg,sad
C:\Users\nihar\Documents\ML Projects\Deep Learning Projects\Dog Emotion Detection\Final dog dataset\Final dog dataset\relaxed\4507676122_343f6d6e51_b.jpg,relaxed
C:\Users\nihar\Documents\ML Projects\Deep Learning Projects\Dog Emotion Detection\Final dog dataset\Final dog dataset\angry\F1smQL3YcScO8Ja74mUbAkgsFCVQb3725.jpg,angry
C:\Users\nihar\Documents\ML Projects\Deep Learning Projects\Dog Emotion Detection\Final dog dataset\Final dog dataset\sad\sEmljmMQ7ETv0I9FcOLTbYbUEXj2NW735.jpg,sad
C:\Users\nihar\Documents\ML Projects\Deep Learning Projects\Dog Emotion Detection\Final dog dataset\Final dog dataset\relaxed\8440929973_c99b3b6cc8_b.jpg,relaxed
C:\Users\nihar\Documents\ML Projects\Deep Learning Projects\Dog Emotion Detection\Final dog dataset\Final dog dataset\relaxed\4684907742_16e7505dfc_b.jpg,relaxed
C:\Users\nihar\Documents\ML Projects\Deep Learning Projects\Dog Emotion Detection\Final dog dataset\Final dog dataset\relaxed\351289359_a6460ed020_b.jpg,relaxed
C:\Users\nihar\Documents\ML Projects\Deep Learning Projects\Dog Emotion Detection\Final dog dataset\Final dog dataset\relaxed\8540209935_43e4cba527_b.jpg,relaxed
C:\Users\nihar\Documents\ML Projects\Deep Learning Projects\Dog Emotion Detection\Final dog dataset\Final dog dataset\relaxed\6394166369_751027ca4a_b.jpg,relaxed
C:\Users\nihar\Documents\ML Projects\Deep Learning Projects\Dog Emotion Detection\Final dog dataset\Final dog dataset\angry\b6GWZkhnsBkj2BHJRJiqb0kq9wqQKq634.jpg,angry
C:\Users\nihar\Documents\ML Projects\Deep Learning Projects\Dog Emotion Detection\Final dog dataset\Final dog dataset\relaxed\3194358415_cc4e0d184a_b.jpg,relaxed
C:\Users\nihar\Documents\ML Projects\Deep Learning Projects\Dog Emotion Detection\Final dog dataset\Final dog dataset\sad\FeimAEimqzeKpKBkwVX20Th0uiuhWE304.jpg,sad
C:\Users\nihar\Documents\ML Projects\Deep Learning Projects\Dog Emotion Detection\Final dog dataset\Final dog dataset\happy\bf4J9U1GphPID6C1PxuodJ3BLj4dsR232.jpg,happy
C:\Users\nihar\Documents\ML Projects\Deep Learning Projects\Dog Emotion Detection\Final dog dataset\Final dog dataset\angry\YVaRwhhILO63p4TmfwXUqgpPU3kiCy560.jpg,angry
C:\Users\nihar\Documents\ML Projects\Deep Learning Projects\Dog Emotion Detection\Final dog dataset\Final dog dataset\happy\Ji4DGTbHOLs5UXPkM998BqUO4Gez8T645.jpg,happy
C:\Users\nihar\Documents\ML Projects\Deep Learning Projects\Dog Emotion Detection\Final dog dataset\Final dog dataset\sad\6kL4vJy02u5QEhUou0QkQf0D2GwyoZ76.jpg,sad
C:\Users\nihar\Documents\ML Projects\Deep Learning Projects\Dog Emotion Detection\Final dog dataset\Final dog dataset\happy\Aa3pfO9DZBSeZ4SyJarg7O2BrePNnP192.jpg,happy
C:\Users\nihar\Documents\ML Projects\Deep Learning Projects\Dog Emotion Detection\Final dog dataset\Final dog dataset\angry\HSPEVKMKhuemgVA3VWlF1G1kuZdhCZ291.jpg,angry
C:\Users\nihar\Documents\ML Projects\Deep Learning Projects\Dog Emotion Detection\Final dog dataset\Final dog dataset\relaxed\36652438993_322b39d38f_b.jpg,relaxed
C:\Users\nihar\Documents\ML Projects\Deep Learning Projects\Dog Emotion Detection\Final dog dataset\Final dog dataset\sad\qNCyvTxceCDveHXiUxnQTIkwthVzaE12.jpg,sad
C:\Users\nihar\Documents\ML Projects\Deep Learning Projects\Dog Emotion Detection\Final dog dataset\Final dog dataset\happy\05fRy39hx2kiC09SbErKww536WBPym179.jpg,happy
C:\Users\nihar\Documents\ML Projects\Deep Learning Projects\Dog Emotion Detection\Final dog dataset\Final dog dataset\angry\TdAwPdsJ5n54we1uZGUlcPME73RJiV752.jpg,angry
C:\Users\nihar\Documents\ML Projects\Deep Learning Projects\Dog Emotion Detection\Final dog dataset\Final dog dataset\angry\Ooex03stheot7z1RkyUFf9TzmlZw1E600.jpg,angry
C:\Users\nihar\Documents\ML Projects\Deep Learning Projects\Dog Emotion Detection\Final dog dataset\Final dog dataset\relaxed\509631654_4067a9953c_b.jpg,relaxed
C:\Users\nihar\Documents\ML Projects\Deep Learning Projects\Dog Emotion Detection\Final dog dataset\Final dog dataset\sad\3VzPeF7oMtbNgUbxsoFqrlrVzEZ8AS751.jpg,sad
C:\Users\nihar\Documents\ML Projects\Deep Learning Projects\Dog Emotion Detection\Final dog dataset\Final dog dataset\sad\fuIBGx4gaBSJqinlHCsD0nSCnPWWPm973.jpg,sad
C:\Users\nihar\Documents\ML Projects\Deep Learning Projects\Dog Emotion Detection\Final dog dataset\Final dog dataset\relaxed\8543998685_8f9ec3d22c_b.jpg,relaxed
C:\Users\nihar\Documents\ML Projects\Deep Learning Projects\Dog Emotion Detection\Final dog dataset\Final dog dataset\relaxed\4504305385_f3850fcb74_b.jpg,relaxed
C:\Users\nihar\Documents\ML Projects\Deep Learning Projects\Dog Emotion Detection\Final dog dataset\Final dog dataset\sad\ccCqSdQOaSlZg7pIol6YTQmRzz4EGV690.jpg,sad
C:\Users\nihar\Documents\ML Projects\Deep Learning Projects\Dog Emotion Detection\Final dog dataset\Final dog dataset\happy\JfClYrxPVck8QRFGTSQp2onyXvuFJV933.jpg,happy
C:\Users\nihar\Documents\ML Projects\Deep Learning Projects\Dog Emotion Detection\Final dog dataset\Final dog dataset\angry\9i80Cw3Zv8xRP4Xqd816jrl64rruzV83.jpg,angry
C:\Users\nihar\Documents\ML Projects\Deep Learning Projects\Dog Emotion Detection\Final dog dataset\Final dog dataset\sad\FiAHDcnSoKLJXYn3lPhVc1xT9J0qzU740.jpg,sad
C:\Users\nihar\Documents\ML Projects\Deep Learning Projects\Dog Emotion Detection\Final dog dataset\Final dog dataset\happy\6581431147_3fa098c3f6_b.jpg,happy
C:\Users\nihar\Documents\ML Projects\Deep Learning Projects\Dog Emotion Detection\Final dog dataset\Final dog dataset\angry\LUJxTLz9XDGv5gk59SsID20HCxtrhD574.jpeg,angry
C:\Users\nihar\Documents\ML Projects\Deep Learning Projects\Dog Emotion Detection\Final dog dataset\Final dog dataset\angry\r3ZeCwQmk62HZB47I2VxvxDic29fuN520.jpg,angry
C:\Users\nihar\Documents\ML Projects\Deep Learning Projects\Dog Emotion Detection\Final dog dataset\Final dog dataset\sad\N73GS8BjZtZY9idAGDFjZTWhbPImWP564.jpg,sad
C:\Users\nihar\Documents\ML Projects\Deep Learning Projects\Dog Emotion Detection\Final dog dataset\Final dog dataset\happy\5725125273_014c08f8e0_b.jpg,happy
C:\Users\nihar\Documents\ML Projects\Deep Learning Projects\Dog Emotion Detection\Final dog dataset\Final dog dataset\angry\BQnXQeK1ruRqjYf0VzvnXsFR6Huz0G478.jpg,angry
C:\Users\nihar\Documents\ML Projects\Deep Learning Projects\Dog Emotion Detection\Final dog dataset\Final dog dataset\sad\bWNuPbdHjy08sUMXeOfahHX8Rq8p6k292.jpg,sad
C:\Users\nihar\Documents\ML Projects\Deep Learning Projects\Dog Emotion Detection\Final dog dataset\Final dog dataset\angry\Qs0OIJGiTpis5JiC39NWXhXobIBYf5626.jpg,angry
C:\Users\nihar\Documents\ML Projects\Deep Learning Projects\Dog Emotion Detection\Final dog dataset\Final dog dataset\angry\lGGKX86F4HiZ8Sqo2Z96tD7haue30X944.jpg,angry
C:\Users\nihar\Documents\ML Projects\Deep Learning Projects\Dog Emotion Detection\Final dog dataset\Final dog dataset\relaxed\4234678749_12e27c624d_b.jpg,relaxed
C:\Users\nihar\Documents\ML Projects\Deep Learning Projects\Dog Emotion Detection\Final dog dataset\Final dog dataset\relaxed\8409188814_49d0bf0dfc_b.jpg,relaxed
C:\Users\nihar\Documents\ML Projects\Deep Learning Projects\Dog Emotion Detection\Final dog dataset\Final dog dataset\angry\UDr9CEd2MJQd8gNurHjGb7BC09NCIF369.jpg,angry
C:\Users\nihar\Documents\ML Projects\Deep Learning Projects\Dog Emotion Detection\Final dog dataset\Final dog dataset\relaxed\8036509996_1744e4b1cb_b.jpg,relaxed
C:\Users\nihar\Documents\ML Projects\Deep Learning Projects\Dog Emotion Detection\Final dog dataset\Final dog dataset\happy\8690379185_a9d4bdb48f_b.jpg,happy
C:\Users\nihar\Documents\ML Projects\Deep Learning Projects\Dog Emotion Detection\Final dog dataset\Final dog dataset\happy\5846094564_98eb148ca9_b.jpg,happy
C:\Users\nihar\Documents\ML Projects\Deep Learning Projects\Dog Emotion Detection\Final dog dataset\Final dog dataset\relaxed\9311402058_1fa4c275f7_b.jpg,relaxed
C:\Users\nihar\Documents\ML Projects\Deep Learning Projects\Dog Emotion Detection\Final dog dataset\Final dog dataset\angry\4bzTknCpzIwJDHXTsG7ZDPfMNOu4rs355.jpg,angry
C:\Users\nihar\Documents\ML Projects\Deep Learning Projects\Dog Emotion Detection\Final dog dataset\Final dog dataset\relaxed\49792780587_65f4c68d45_b.jpg,relaxed
C:\Users\nihar\Documents\ML Projects\Deep Learning Projects\Dog Emotion Detection\Final dog dataset\Final dog dataset\relaxed\374311527_9bb4d9cf3f_b.jpg,relaxed
C:\Users\nihar\Documents\ML Projects\Deep Learning Projects\Dog Emotion Detection\Final dog dataset\Final dog dataset\sad\8754373131_2261c2782d_b.jpg,sad
C:\Users\nihar\Documents\ML Projects\Deep Learning Projects\Dog Emotion Detection\Final dog dataset\Final dog dataset\sad\8OzgLYpezlMrLozYVROlmgBnB0avnW19.jpg,sad
C:\Users\nihar\Documents\ML Projects\Deep Learning Projects\Dog Emotion Detection\Final dog dataset\Final dog dataset\angry\bOOgSCIDoZOH5vieEjD1O1sN30geJ5400.jpg,angry
C:\Users\nihar\Documents\ML Projects\Deep Learning Projects\Dog Emotion Detection\Final dog dataset\Final dog dataset\angry\Mr86u8LtBug9xyHck2y6wAmffxXZub770.jpg,angry
C:\Users\nihar\Documents\ML Projects\Deep Learning Projects\Dog Emotion Detection\Final dog dataset\Final dog dataset\happy\9705748282_50c7a0c9eb_b.jpg,happy
C:\Users\nihar\Documents\ML Projects\Deep Learning Projects\Dog Emotion Detection\Final dog dataset\Final dog dataset\angry\XvECSkWZ1lNkWDqQIj6gDGkZjZ0VV133.jpg,angry
C:\Users\nihar\Documents\ML Projects\Deep Learning Projects\Dog Emotion Detection\Final dog dataset\Final dog dataset\relaxed\8588612259_8db72f9c32_b.jpg,relaxed
C:\Users\nihar\Documents\ML Projects\Deep Learning Projects\Dog Emotion Detection\Final dog dataset\Final dog dataset\sad\Vgmy4ajh2KuZqcyLnU0A8ikp95rW8v886.jpg,sad
C:\Users\nihar\Documents\ML Projects\Deep Learning Projects\Dog Emotion Detection\Final dog dataset\Final dog dataset\sad\Nm7u75qiMcsbP8M27TLPMS3Ryn89uV89.jpg,sad
C:\Users\nihar\Documents\ML Projects\Deep Learning Projects\Dog Emotion Detection\Final dog dataset\Final dog dataset\sad\Q9Djcu53nPK8C4zXGWpCxpkl4LQPJ8831.jpg,sad
C:\Users\nihar\Documents\ML Projects\Deep Learning Projects\Dog Emotion Detection\Final dog dataset\Final dog dataset\sad\FMQy4YxwcOaXLWG8p1rTiIpNlmxhvB439.jpg,sad
C:\Users\nihar\Documents\ML Projects\Deep Learning Projects\Dog Emotion Detection\Final dog dataset\Final dog dataset\angry\cRm9if1oRkEGJ1dYmm9zN2D9qNcT1R650.jpg,angry
C:\Users\nihar\Documents\ML Projects\Deep Learning Projects\Dog Emotion Detection\Final dog dataset\Final dog dataset\angry\vWFAYPqPNFpHC7YTFA6LXL0Eeihaus468.jpg,angry
C:\Users\nihar\Documents\ML Projects\Deep Learning Projects\Dog Emotion Detection\Final dog dataset\Final dog dataset\angry\wrZRwIHtNcFse2W06KhsbYHrV1PSLo182.jpg,angry
C:\Users\nihar\Documents\ML Projects\Deep Learning Projects\Dog Emotion Detection\Final dog dataset\Final dog dataset\angry\NZ37fAIhUL2A3hogdlCg5CHO3LoBUr962.jpg,angry
C:\Users\nihar\Documents\ML Projects\Deep Learning Projects\Dog Emotion Detection\Final dog dataset\Final dog dataset\sad\0QOjgke4W3T5RCaJE6h08yzYHHzPXE809.jpg,sad
C:\Users\nihar\Documents\ML Projects\Deep Learning Projects\Dog Emotion Detection\Final dog dataset\Final dog dataset\angry\YtPh35V62VIVEtGjycJvjfYsqSoF1d741.jpg,angry
C:\Users\nihar\Documents\ML Projects\Deep Learning Projects\Dog Emotion Detection\Final dog dataset\Final dog dataset\angry\pwYsUK4xOXqk7o8Ah0I6FnKA0o4DmQ49.jpg,angry
C:\Users\nihar\Documents\ML Projects\Deep Learning Projects\Dog Emotion Detection\Final dog dataset\Final dog dataset\happy\jOmOXeHZCAJBKuBmYsTM4LKrGkjoTt511.jpg,happy
C:\Users\nihar\Documents\ML Projects\Deep Learning Projects\Dog Emotion Detection\Final dog dataset\Final dog dataset\angry\aJ2nd54h1gMKHsWYZDnecTssTL8WFM289.jpg,angry
C:\Users\nihar\Documents\ML Projects\Deep Learning Projects\Dog Emotion Detection\Final dog dataset\Final dog dataset\relaxed\7930801942_9263aed7dd_b.jpg,relaxed
C:\Users\nihar\Documents\ML Projects\Deep Learning Projects\Dog Emotion Detection\Final dog dataset\Final dog dataset\happy\6643793507_184d63daf7_b.jpg,happy
C:\Users\nihar\Documents\ML Projects\Deep Learning Projects\Dog Emotion Detection\Final dog dataset\Final dog dataset\relaxed\6903967095_f1c8902db6_b.jpg,relaxed
C:\Users\nihar\Documents\ML Projects\Deep Learning Projects\Dog Emotion Detection\Final dog dataset\Final dog dataset\relaxed\7033393237_d7f1e59e71_b.jpg,relaxed
C:\Users\nihar\Documents\ML Projects\Deep Learning Projects\Dog Emotion Detection\Final dog dataset\Final dog dataset\angry\Zp93ND3JJY6pPgBrl2yW49bVi3krW374.jpg,angry
C:\Users\nihar\Documents\ML Projects\Deep Learning Projects\Dog Emotion Detection\Final dog dataset\Final dog dataset\happy\ed4QZAil6U779pL3ZndRNLvqxF2gMU890.jpg,happy
C:\Users\nihar\Documents\ML Projects\Deep Learning Projects\Dog Emotion Detection\Final dog dataset\Final dog dataset\angry\N1tCByCeHkRvMiECUoUelkZULbo4Aq359.jpg,angry
C:\Users\nihar\Documents\ML Projects\Deep Learning Projects\Dog Emotion Detection\Final dog dataset\Final dog dataset\happy\7461722202_cc1cf2353f_b.jpg,happy
C:\Users\nihar\Documents\ML Projects\Deep Learning Projects\Dog Emotion Detection\Final dog dataset\Final dog dataset\sad\JBdBrzwCRN9xFqyiHu9YfcOKf1GliG108.jpg,sad
C:\Users\nihar\Documents\ML Projects\Deep Learning Projects\Dog Emotion Detection\Final dog dataset\Final dog dataset\relaxed\7028769259_7018966627_b.jpg,relaxed
C:\Users\nihar\Documents\ML Projects\Deep Learning Projects\Dog Emotion Detection\Final dog dataset\Final dog dataset\relaxed\35010650332_3d47d72f80_b.jpg,relaxed
C:\Users\nihar\Documents\ML Projects\Deep Learning Projects\Dog Emotion Detection\Final dog dataset\Final dog dataset\angry\P703tjXIsYh3xFHJGkSj8eymp39GYh738.jpg,angry
C:\Users\nihar\Documents\ML Projects\Deep Learning Projects\Dog Emotion Detection\Final dog dataset\Final dog dataset\relaxed\39772787204_e6742cb953_b.jpg,relaxed
C:\Users\nihar\Documents\ML Projects\Deep Learning Projects\Dog Emotion Detection\Final dog dataset\Final dog dataset\sad\OTBmc6iRINl04pG3mOfsqMRn1Lo10F993.jpg,sad
C:\Users\nihar\Documents\ML Projects\Deep Learning Projects\Dog Emotion Detection\Final dog dataset\Final dog dataset\happy\8326810475_6bb158367c_b.jpg,happy
C:\Users\nihar\Documents\ML Projects\Deep Learning Projects\Dog Emotion Detection\Final dog dataset\Final dog dataset\happy\FhDTKzyOzcMLk7VpYPv2v7OwprZiiP275.jpg,happy
C:\Users\nihar\Documents\ML Projects\Deep Learning Projects\Dog Emotion Detection\Final dog dataset\Final dog dataset\angry\tS7FGy2QcgQZEFdhNXbklld0vlpEd9228.jpg,angry
C:\Users\nihar\Documents\ML Projects\Deep Learning Projects\Dog Emotion Detection\Final dog dataset\Final dog dataset\angry\q6XjIxoV6dYFnSmnOP0VWoEfuGSSDb411.jpg,angry
C:\Users\nihar\Documents\ML Projects\Deep Learning Projects\Dog Emotion Detection\Final dog dataset\Final dog dataset\relaxed\4389786184_1cf073e986_b.jpg,relaxed
C:\Users\nihar\Documents\ML Projects\Deep Learning Projects\Dog Emotion Detection\Final dog dataset\Final dog dataset\sad\Zpp4TmQe1gA9Caf7X9EERt5musvG7P410.jpg,sad
C:\Users\nihar\Documents\ML Projects\Deep Learning Projects\Dog Emotion Detection\Final dog dataset\Final dog dataset\relaxed\9581206309_8083b03d34_b.jpg,relaxed
C:\Users\nihar\Documents\ML Projects\Deep Learning Projects\Dog Emotion Detection\Final dog dataset\Final dog dataset\happy\8156589680_996e3a758f_b.jpg,happy
C:\Users\nihar\Documents\ML Projects\Deep Learning Projects\Dog Emotion Detection\Final dog dataset\Final dog dataset\angry\3121681696_958588be2e_b.jpg,angry
C:\Users\nihar\Documents\ML Projects\Deep Learning Projects\Dog Emotion Detection\Final dog dataset\Final dog dataset\sad\not0SOJJfnyTdx2SHF18npVzWWUhXJ64.jpg,sad
C:\Users\nihar\Documents\ML Projects\Deep Learning Projects\Dog Emotion Detection\Final dog dataset\Final dog dataset\angry\ZiaoMZ8e6EA5Yq8PceZNXl895NAP3z48.jpg,angry
C:\Users\nihar\Documents\ML Projects\Deep Learning Projects\Dog Emotion Detection\Final dog dataset\Final dog dataset\sad\LPfpJ2nYrB1PWzNaQwXAi092SjJrLP428.jpg,sad
C:\Users\nihar\Documents\ML Projects\Deep Learning Projects\Dog Emotion Detection\Final dog dataset\Final dog dataset\angry\UBd0pqHUIjtIYuIG2axYocrh7wL2ND479.jpg,angry
C:\Users\nihar\Documents\ML Projects\Deep Learning Projects\Dog Emotion Detection\Final dog dataset\Final dog dataset\happy\hHOH5b65m8DZDxvec0ybRoIDxTkL1i216.jpg,happy
C:\Users\nihar\Documents\ML Projects\Deep Learning Projects\Dog Emotion Detection\Final dog dataset\Final dog dataset\relaxed\7069461511_e5e8fbc351_b.jpg,relaxed
C:\Users\nihar\Documents\ML Projects\Deep Learning Projects\Dog Emotion Detection\Final dog dataset\Final dog dataset\relaxed\3664821855_1ffa37dd9d_b.jpg,relaxed
C:\Users\nihar\Documents\ML Projects\Deep Learning Projects\Dog Emotion Detection\Final dog dataset\Final dog dataset\relaxed\45106112992_c5d1d156b8_b.jpg,relaxed
C:\Users\nihar\Documents\ML Projects\Deep Learning Projects\Dog Emotion Detection\Final dog dataset\Final dog dataset\sad\qSmpDOxRWfpjhmeeOObnNQZ4h8V0Y9814.jpg,sad
C:\Users\nihar\Documents\ML Projects\Deep Learning Projects\Dog Emotion Detection\Final dog dataset\Final dog dataset\sad\c1NVTRzZ2WxKfl3gbmiv2Gmkxoq28d182.jpg,sad
C:\Users\nihar\Documents\ML Projects\Deep Learning Projects\Dog Emotion Detection\Final dog dataset\Final dog dataset\happy\6009549230_c4cf87bf99_b.jpg,happy
C:\Users\nihar\Documents\ML Projects\Deep Learning Projects\Dog Emotion Detection\Final dog dataset\Final dog dataset\happy\hYmKfVXVdpnCyHqRxMBYNn6KBfQ4fp46.jpg,happy
C:\Users\nihar\Documents\ML Projects\Deep Learning Projects\Dog Emotion Detection\Final dog dataset\Final dog dataset\happy\6125866991_a4e412f3de_b.jpg,happy
C:\Users\nihar\Documents\ML Projects\Deep Learning Projects\Dog Emotion Detection\Final dog dataset\Final dog dataset\relaxed\51414435859_b53f26bcf8_b.jpg,relaxed
C:\Users\nihar\Documents\ML Projects\Deep Learning Projects\Dog Emotion Detection\Final dog dataset\Final dog dataset\sad\jqWf2cUjn0TTehtHSGoDRGW0KdEW3t406.jpg,sad
C:\Users\nihar\Documents\ML Projects\Deep Learning Projects\Dog Emotion Detection\Final dog dataset\Final dog dataset\happy\hHNEyUsoNuM5zk6XXNRrKXCWAqFz7o547.jpg,happy
C:\Users\nihar\Documents\ML Projects\Deep Learning Projects\Dog Emotion Detection\Final dog dataset\Final dog dataset\relaxed\8083249562_b6d69b580e_b.jpg,relaxed
C:\Users\nihar\Documents\ML Projects\Deep Learning Projects\Dog Emotion Detection\Final dog dataset\Final dog dataset\happy\8725641431_5a33e44a3d_b.jpg,happy
C:\Users\nihar\Documents\ML Projects\Deep Learning Projects\Dog Emotion Detection\Final dog dataset\Final dog dataset\happy\5823331550_1c9178ee42_b.jpg,happy
C:\Users\nihar\Documents\ML Projects\Deep Learning Projects\Dog Emotion Detection\Final dog dataset\Final dog dataset\sad\pJgIKdWDfcNG2HBoYsUCXLraStdgnj484.jpg,sad
C:\Users\nihar\Documents\ML Projects\Deep Learning Projects\Dog Emotion Detection\Final dog dataset\Final dog dataset\happy\I6TuW0T9aUC4JatzxBlhsXtMVYGxLS754.jpg,happy
C:\Users\nihar\Documents\ML Projects\Deep Learning Projects\Dog Emotion Detection\Final dog dataset\Final dog dataset\relaxed\51793505947_852ab2974e_b.jpg,relaxed
C:\Users\nihar\Documents\ML Projects\Deep Learning Projects\Dog Emotion Detection\Final dog dataset\Final dog dataset\sad\MYNMewIt4bbI4Bs9CfhPCRImBMtGKu179.jpg,sad
C:\Users\nihar\Documents\ML Projects\Deep Learning Projects\Dog Emotion Detection\Final dog dataset\Final dog dataset\sad\IaZNjdt2ZEe0Sx0N94hr9u5h1OlsuP641.jpg,sad
C:\Users\nihar\Documents\ML Projects\Deep Learning Projects\Dog Emotion Detection\Final dog dataset\Final dog dataset\happy\eXeETeO594Rhqaxdi29u8NF9f9Cfe1112.jpg,happy
C:\Users\nihar\Documents\ML Projects\Deep Learning Projects\Dog Emotion Detection\Final dog dataset\Final dog dataset\sad\AXR01uZbTHeE3gnQIrqbp1YBC1ntcB261.jpg,sad
C:\Users\nihar\Documents\ML Projects\Deep Learning Projects\Dog Emotion Detection\Final dog dataset\Final dog dataset\sad\BqUvjm2nfyDzMM7UvjazMxytbttPsH105.jpg,sad
C:\Users\nihar\Documents\ML Projects\Deep Learning Projects\Dog Emotion Detection\Final dog dataset\Final dog dataset\sad\53wxLAtzCi6tStNQrSPP6WVaOyjbwq738.jpg,sad
C:\Users\nihar\Documents\ML Projects\Deep Learning Projects\Dog Emotion Detection\Final dog dataset\Final dog dataset\relaxed\6680785061_b6f7f637f1_b.jpg,relaxed
C:\Users\nihar\Documents\ML Projects\Deep Learning Projects\Dog Emotion Detection\Final dog dataset\Final dog dataset\happy\8659594887_b262677d47_b.jpg,happy
C:\Users\nihar\Documents\ML Projects\Deep Learning Projects\Dog Emotion Detection\Final dog dataset\Final dog dataset\relaxed\50027932026_5097fc7a4d_b.jpg,relaxed
C:\Users\nihar\Documents\ML Projects\Deep Learning Projects\Dog Emotion Detection\Final dog dataset\Final dog dataset\happy\6733980767_39a66e885f_b.jpg,happy
C:\Users\nihar\Documents\ML Projects\Deep Learning Projects\Dog Emotion Detection\Final dog dataset\Final dog dataset\sad\8ELb7W2YC77I0mFzbewnNK3zaBY0RA671.jpg,sad
C:\Users\nihar\Documents\ML Projects\Deep Learning Projects\Dog Emotion Detection\Final dog dataset\Final dog dataset\sad\wdMgTeCEd9xXGtmt3xWyT8H1oc3tKl143.jpg,sad
C:\Users\nihar\Documents\ML Projects\Deep Learning Projects\Dog Emotion Detection\Final dog dataset\Final dog dataset\relaxed\48845673423_48257201e0_b.jpg,relaxed
C:\Users\nihar\Documents\ML Projects\Deep Learning Projects\Dog Emotion Detection\Final dog dataset\Final dog dataset\angry\XOoHpmb6Q2wEey9DaMrw5F1KjmtHOm820.jpg,angry
C:\Users\nihar\Documents\ML Projects\Deep Learning Projects\Dog Emotion Detection\Final dog dataset\Final dog dataset\angry\zprylxI1cruAXcJ3bTSqXnhcKDqKyK644.jpg,angry
C:\Users\nihar\Documents\ML Projects\Deep Learning Projects\Dog Emotion Detection\Final dog dataset\Final dog dataset\happy\4cvq5ubpKqbXKUJM7CnMDyYGsSgpdJ305.jpg,happy
C:\Users\nihar\Documents\ML Projects\Deep Learning Projects\Dog Emotion Detection\Final dog dataset\Final dog dataset\sad\7L54zMucb11XnIhQ8VBtfI6FM4BadW219.jpg,sad
C:\Users\nihar\Documents\ML Projects\Deep Learning Projects\Dog Emotion Detection\Final dog dataset\Final dog dataset\happy\6967789825_c425b4dd2a_b.jpg,happy
C:\Users\nihar\Documents\ML Projects\Deep Learning Projects\Dog Emotion Detection\Final dog dataset\Final dog dataset\relaxed\7523172622_46601e0c15_b.jpg,relaxed
C:\Users\nihar\Documents\ML Projects\Deep Learning Projects\Dog Emotion Detection\Final dog dataset\Final dog dataset\angry\CDhGC09FlzKD7BmbUEj3tng0dl5mU2140.jpg,angry
C:\Users\nihar\Documents\ML Projects\Deep Learning Projects\Dog Emotion Detection\Final dog dataset\Final dog dataset\sad\q9MxchlWg3TSpOjtlE6fr4kKjjygOn875.jpg,sad
C:\Users\nihar\Documents\ML Projects\Deep Learning Projects\Dog Emotion Detection\Final dog dataset\Final dog dataset\angry\3PgtS7bC8dlPTH5e1Yg4S0FWIhAbCo788.jpg,angry
C:\Users\nihar\Documents\ML Projects\Deep Learning Projects\Dog Emotion Detection\Final dog dataset\Final dog dataset\relaxed\3405722891_ffaab96a13_b.jpg,relaxed
C:\Users\nihar\Documents\ML Projects\Deep Learning Projects\Dog Emotion Detection\Final dog dataset\Final dog dataset\relaxed\5774939318_b61025fc6a_b.jpg,relaxed
C:\Users\nihar\Documents\ML Projects\Deep Learning Projects\Dog Emotion Detection\Final dog dataset\Final dog dataset\sad\wmBPuvkbCAQiCTR6ntjNql4graPrwS486.jpg,sad
C:\Users\nihar\Documents\ML Projects\Deep Learning Projects\Dog Emotion Detection\Final dog dataset\Final dog dataset\happy\6087568714_f8d84e4b0e_b.jpg,happy
C:\Users\nihar\Documents\ML Projects\Deep Learning Projects\Dog Emotion Detection\Final dog dataset\Final dog dataset\angry\uMIqVk5ABsNETHGm1NH7osEEhHcfDN713.jpg,angry
C:\Users\nihar\Documents\ML Projects\Deep Learning Projects\Dog Emotion Detection\Final dog dataset\Final dog dataset\relaxed\35322428672_e6dd1ab3aa_b.jpg,relaxed
C:\Users\nihar\Documents\ML Projects\Deep Learning Projects\Dog Emotion Detection\Final dog dataset\Final dog dataset\happy\ge8SU4nXSyVHwemJ0mG4l9PiFFxTAV872.jpg,happy
C:\Users\nihar\Documents\ML Projects\Deep Learning Projects\Dog Emotion Detection\Final dog dataset\Final dog dataset\happy\5884705703_e9c57c4a0e_b.jpg,happy
C:\Users\nihar\Documents\ML Projects\Deep Learning Projects\Dog Emotion Detection\Final dog dataset\Final dog dataset\happy\7162232276_296bedee12_b.jpg,happy
C:\Users\nihar\Documents\ML Projects\Deep Learning Projects\Dog Emotion Detection\Final dog dataset\Final dog dataset\happy\AZZk5GS38x5Rv9fyMQYEIYT9GMwxr8793.jpg,happy
C:\Users\nihar\Documents\ML Projects\Deep Learning Projects\Dog Emotion Detection\Final dog dataset\Final dog dataset\sad\dozVdjIfQWqnJwt4VKKF9t0ZWs9Qan148.jpg,sad
C:\Users\nihar\Documents\ML Projects\Deep Learning Projects\Dog Emotion Detection\Final dog dataset\Final dog dataset\relaxed\32836683672_4a110fc62f_b.jpg,relaxed
C:\Users\nihar\Documents\ML Projects\Deep Learning Projects\Dog Emotion Detection\Final dog dataset\Final dog dataset\angry\nzIX8yxGKIBYtcAlJr0fcM4JrM491j253.jpg,angry
C:\Users\nihar\Documents\ML Projects\Deep Learning Projects\Dog Emotion Detection\Final dog dataset\Final dog dataset\sad\gYQcHTenchc3oTlifa9nG4IF6mFJDK376.jpg,sad
C:\Users\nihar\Documents\ML Projects\Deep Learning Projects\Dog Emotion Detection\Final dog dataset\Final dog dataset\sad\poNqUy71WDAkK34R2SgyeiNeHNesOY546.jpg,sad
C:\Users\nihar\Documents\ML Projects\Deep Learning Projects\Dog Emotion Detection\Final dog dataset\Final dog dataset\happy\1Aq4mqVzaUweEhMaLKOTViQ79CbBLJ874.jpg,happy
C:\Users\nihar\Documents\ML Projects\Deep Learning Projects\Dog Emotion Detection\Final dog dataset\Final dog dataset\happy\5903003803_7c35b9ef79_b.jpg,happy
C:\Users\nihar\Documents\ML Projects\Deep Learning Projects\Dog Emotion Detection\Final dog dataset\Final dog dataset\angry\bGbkY0dgheq5OqP6Vn8Vu6n7sXLWBI877.jpg,angry
C:\Users\nihar\Documents\ML Projects\Deep Learning Projects\Dog Emotion Detection\Final dog dataset\Final dog dataset\relaxed\37899420512_c05de3cdcb_b.jpg,relaxed
C:\Users\nihar\Documents\ML Projects\Deep Learning Projects\Dog Emotion Detection\Final dog dataset\Final dog dataset\sad\sgG7C44WqJlj8u3v1y6yHzLv7xCYNs333.jpg,sad
C:\Users\nihar\Documents\ML Projects\Deep Learning Projects\Dog Emotion Detection\Final dog dataset\Final dog dataset\relaxed\7100883413_a95d718cf2_b.jpg,relaxed
C:\Users\nihar\Documents\ML Projects\Deep Learning Projects\Dog Emotion Detection\Final dog dataset\Final dog dataset\relaxed\8493444179_605fb0b758_b.jpg,relaxed
C:\Users\nihar\Documents\ML Projects\Deep Learning Projects\Dog Emotion Detection\Final dog dataset\Final dog dataset\sad\ucJwlXTNW9wqcy1lw7CqcBqvcFnrOB551.jpg,sad
C:\Users\nihar\Documents\ML Projects\Deep Learning Projects\Dog Emotion Detection\Final dog dataset\Final dog dataset\happy\8235594761_85b60a5ba2_b.jpg,happy
C:\Users\nihar\Documents\ML Projects\Deep Learning Projects\Dog Emotion Detection\Final dog dataset\Final dog dataset\angry\cornd6fNzFft8bjGZdpRkKJzarn93L16.jpg,angry
C:\Users\nihar\Documents\ML Projects\Deep Learning Projects\Dog Emotion Detection\Final dog dataset\Final dog dataset\sad\zAJThxv4xB8uvZeCdqKJNYIJvRoRMN744.jpg,sad
C:\Users\nihar\Documents\ML Projects\Deep Learning Projects\Dog Emotion Detection\Final dog dataset\Final dog dataset\angry\mUoOCMQZ2iUvZb1DfRCyrV1btKpInQ180.jpg,angry
C:\Users\nihar\Documents\ML Projects\Deep Learning Projects\Dog Emotion Detection\Final dog dataset\Final dog dataset\happy\6108121588_74e4697dcf_b.jpg,happy
C:\Users\nihar\Documents\ML Projects\Deep Learning Projects\Dog Emotion Detection\Final dog dataset\Final dog dataset\sad\VjmM0UaV0i378TYFKajcccUbRIkz3y976.jpg,sad
C:\Users\nihar\Documents\ML Projects\Deep Learning Projects\Dog Emotion Detection\Final dog dataset\Final dog dataset\angry\s0ZhOsWc6KkrwUx2y7Ftbqgki0ZU2U308.jpg,angry
C:\Users\nihar\Documents\ML Projects\Deep Learning Projects\Dog Emotion Detection\Final dog dataset\Final dog dataset\relaxed\36424098665_84c13130e0_b.jpg,relaxed
C:\Users\nihar\Documents\ML Projects\Deep Learning Projects\Dog Emotion Detection\Final dog dataset\Final dog dataset\sad\joy70N9dfu59D0HLnBwMBhDyV6c14l908.jpg,sad
C:\Users\nihar\Documents\ML Projects\Deep Learning Projects\Dog Emotion Detection\Final dog dataset\Final dog dataset\happy\iHR4eQU8OV2MzWmbt6xsgIHLCDpxzN467.jpg,happy
C:\Users\nihar\Documents\ML Projects\Deep Learning Projects\Dog Emotion Detection\Final dog dataset\Final dog dataset\sad\nKJnRR5pPiXNYXnZNoCtrDHsU3OgxT952.jpg,sad
C:\Users\nihar\Documents\ML Projects\Deep Learning Projects\Dog Emotion Detection\Final dog dataset\Final dog dataset\sad\7zV2bvZ50SBWfUpcQXlJugGEhAtBu3748.jpg,sad
C:\Users\nihar\Documents\ML Projects\Deep Learning Projects\Dog Emotion Detection\Final dog dataset\Final dog dataset\happy\5674064337_db0b116c81_b.jpg,happy
C:\Users\nihar\Documents\ML Projects\Deep Learning Projects\Dog Emotion Detection\Final dog dataset\Final dog dataset\angry\ccCoA1HljHXP8bjgzgMPuZjJDb2lb8683.jpg,angry
C:\Users\nihar\Documents\ML Projects\Deep Learning Projects\Dog Emotion Detection\Final dog dataset\Final dog dataset\happy\8111758832_31497ed9c8_b.jpg,happy
C:\Users\nihar\Documents\ML Projects\Deep Learning Projects\Dog Emotion Detection\Final dog dataset\Final dog dataset\angry\nPrDukZ7BukSzg53pZ9hg8MRmR9ByD816.jpg,angry
C:\Users\nihar\Documents\ML Projects\Deep Learning Projects\Dog Emotion Detection\Final dog dataset\Final dog dataset\angry\fW7hHtzs2KMjOhXSYbVpUBVEmNycLs198.jpg,angry
C:\Users\nihar\Documents\ML Projects\Deep Learning Projects\Dog Emotion Detection\Final dog dataset\Final dog dataset\angry\oRsSoxSP3uuYEDQ3SuD3MmXHtAObLF494.jpg,angry
C:\Users\nihar\Documents\ML Projects\Deep Learning Projects\Dog Emotion Detection\Final dog dataset\Final dog dataset\angry\Cz1IlTvI4eOWNd8LxuT5ROcFIK5vaH206.jpg,angry
C:\Users\nihar\Documents\ML Projects\Deep Learning Projects\Dog Emotion Detection\Final dog dataset\Final dog dataset\happy\8c7g9hekZsZP4qpZLDuY1q8sdVHZuj397.jpg,happy
C:\Users\nihar\Documents\ML Projects\Deep Learning Projects\Dog Emotion Detection\Final dog dataset\Final dog dataset\relaxed\6012899291_53df285f7c_b.jpg,relaxed
C:\Users\nihar\Documents\ML Projects\Deep Learning Projects\Dog Emotion Detection\Final dog dataset\Final dog dataset\sad\bJSEMg6E6kWbdfi1LvxplLkGFy2wVw202.jpg,sad
C:\Users\nihar\Documents\ML Projects\Deep Learning Projects\Dog Emotion Detection\Final dog dataset\Final dog dataset\relaxed\4810588_0e5bf68b4e_b.jpg,relaxed
C:\Users\nihar\Documents\ML Projects\Deep Learning Projects\Dog Emotion Detection\Final dog dataset\Final dog dataset\angry\6Zo107gXuP3Qz2xodu13Xm7UlljNW2892.jpg,angry
C:\Users\nihar\Documents\ML Projects\Deep Learning Projects\Dog Emotion Detection\Final dog dataset\Final dog dataset\relaxed\4715312177_f0157e4326_b.jpg,relaxed
C:\Users\nihar\Documents\ML Projects\Deep Learning Projects\Dog Emotion Detection\Final dog dataset\Final dog dataset\happy\5JAKJ0hkO1wT4lBKmFP85fwDRV4vVf757.jpg,happy
C:\Users\nihar\Documents\ML Projects\Deep Learning Projects\Dog Emotion Detection\Final dog dataset\Final dog dataset\relaxed\7786696640_90088e34f0_b.jpg,relaxed
C:\Users\nihar\Documents\ML Projects\Deep Learning Projects\Dog Emotion Detection\Final dog dataset\Final dog dataset\sad\Y1kzAlBllxhUTMM8sr8KnsJphJgbnv498.jpg,sad
C:\Users\nihar\Documents\ML Projects\Deep Learning Projects\Dog Emotion Detection\Final dog dataset\Final dog dataset\relaxed\8230431318_0c09edf774_b.jpg,relaxed
C:\Users\nihar\Documents\ML Projects\Deep Learning Projects\Dog Emotion Detection\Final dog dataset\Final dog dataset\relaxed\44262010934_1bbae7f266_b.jpg,relaxed
C:\Users\nihar\Documents\ML Projects\Deep Learning Projects\Dog Emotion Detection\Final dog dataset\Final dog dataset\angry\LhMue7C04hS016B1SsDON8uMCz6hp1504.jpg,angry
C:\Users\nihar\Documents\ML Projects\Deep Learning Projects\Dog Emotion Detection\Final dog dataset\Final dog dataset\relaxed\34865641545_0eb945fef7_b.jpg,relaxed
C:\Users\nihar\Documents\ML Projects\Deep Learning Projects\Dog Emotion Detection\Final dog dataset\Final dog dataset\happy\EOgrE73E1WwuJSkLeJxTvdZGLNKZA5254.jpg,happy
C:\Users\nihar\Documents\ML Projects\Deep Learning Projects\Dog Emotion Detection\Final dog dataset\Final dog dataset\sad\xXDXKk0TmvVVlmXdpYYXUQnuoKdNOz205.jpg,sad
C:\Users\nihar\Documents\ML Projects\Deep Learning Projects\Dog Emotion Detection\Final dog dataset\Final dog dataset\happy\BuGU1DjSx0SSNfrAndEUgo65CqFeR9860.jpg,happy
C:\Users\nihar\Documents\ML Projects\Deep Learning Projects\Dog Emotion Detection\Final dog dataset\Final dog dataset\happy\DJT5DBDdSOLc1Hj1w1k9OWt8YUoLdU269.jpg,happy
C:\Users\nihar\Documents\ML Projects\Deep Learning Projects\Dog Emotion Detection\Final dog dataset\Final dog dataset\angry\hH3xcILLBRGrG88Go7FmchfT2r2IPR327.jpg,angry
C:\Users\nihar\Documents\ML Projects\Deep Learning Projects\Dog Emotion Detection\Final dog dataset\Final dog dataset\angry\91Fn1jlrN0vyFA8moaWLnUZYWQx1uj169.jpg,angry
C:\Users\nihar\Documents\ML Projects\Deep Learning Projects\Dog Emotion Detection\Final dog dataset\Final dog dataset\happy\6111594222_8d69205afb_b.jpg,happy
C:\Users\nihar\Documents\ML Projects\Deep Learning Projects\Dog Emotion Detection\Final dog dataset\Final dog dataset\happy\6156642039_5da2e07c5d_b.jpg,happy
C:\Users\nihar\Documents\ML Projects\Deep Learning Projects\Dog Emotion Detection\Final dog dataset\Final dog dataset\relaxed\534185509_591912b799_b.jpg,relaxed
C:\Users\nihar\Documents\ML Projects\Deep Learning Projects\Dog Emotion Detection\Final dog dataset\Final dog dataset\happy\5731089447_f5b06039fc_b.jpg,happy
C:\Users\nihar\Documents\ML Projects\Deep Learning Projects\Dog Emotion Detection\Final dog dataset\Final dog dataset\sad\e7okFxbmroHy41C7M2ls5T6eqhti3D682.jpg,sad
C:\Users\nihar\Documents\ML Projects\Deep Learning Projects\Dog Emotion Detection\Final dog dataset\Final dog dataset\angry\1dndVMGjpetphxG6rVVempH947atN9743.jpg,angry
C:\Users\nihar\Documents\ML Projects\Deep Learning Projects\Dog Emotion Detection\Final dog dataset\Final dog dataset\relaxed\8557833404_79c222440f_b.jpg,relaxed
C:\Users\nihar\Documents\ML Projects\Deep Learning Projects\Dog Emotion Detection\Final dog dataset\Final dog dataset\relaxed\6305807928_d74bb31d03_b.jpg,relaxed
C:\Users\nihar\Documents\ML Projects\Deep Learning Projects\Dog Emotion Detection\Final dog dataset\Final dog dataset\happy\botc9mtXbiJvTzCIVuO2sfXwsMLl35985.jpg,happy
C:\Users\nihar\Documents\ML Projects\Deep Learning Projects\Dog Emotion Detection\Final dog dataset\Final dog dataset\angry\rYt8pBdQcMzBw2Qd46YRPzzK8rUO5n602.jpg,angry
C:\Users\nihar\Documents\ML Projects\Deep Learning Projects\Dog Emotion Detection\Final dog dataset\Final dog dataset\angry\JF9u3IEVwFl3487TnJlxtODwxjHpZH337.jpg,angry
C:\Users\nihar\Documents\ML Projects\Deep Learning Projects\Dog Emotion Detection\Final dog dataset\Final dog dataset\relaxed\42063821331_308151a04e_b.jpg,relaxed
C:\Users\nihar\Documents\ML Projects\Deep Learning Projects\Dog Emotion Detection\Final dog dataset\Final dog dataset\angry\KXQT21nw4o9K1E1wrfFdsmbMHrXQr9467.jpg,angry
C:\Users\nihar\Documents\ML Projects\Deep Learning Projects\Dog Emotion Detection\Final dog dataset\Final dog dataset\happy\5810318783_56253423d6_b.jpg,happy
C:\Users\nihar\Documents\ML Projects\Deep Learning Projects\Dog Emotion Detection\Final dog dataset\Final dog dataset\angry\5547351965_2053a0dc3d_b.jpg,angry
C:\Users\nihar\Documents\ML Projects\Deep Learning Projects\Dog Emotion Detection\Final dog dataset\Final dog dataset\angry\ErpETv00Y7pwxNeDD1KkeJ6j06wuMh241.jpg,angry
C:\Users\nihar\Documents\ML Projects\Deep Learning Projects\Dog Emotion Detection\Final dog dataset\Final dog dataset\relaxed\7983236451_0bd893faab_b.jpg,relaxed
C:\Users\nihar\Documents\ML Projects\Deep Learning Projects\Dog Emotion Detection\Final dog dataset\Final dog dataset\relaxed\8316932908_98170f7abe_b.jpg,relaxed
C:\Users\nihar\Documents\ML Projects\Deep Learning Projects\Dog Emotion Detection\Final dog dataset\Final dog dataset\relaxed\34618503005_3bd6f2d235_b.jpg,relaxed
C:\Users\nihar\Documents\ML Projects\Deep Learning Projects\Dog Emotion Detection\Final dog dataset\Final dog dataset\sad\TKreU8AL0f24rr5NVHBVXHpR9ly4UC592.jpg,sad
C:\Users\nihar\Documents\ML Projects\Deep Learning Projects\Dog Emotion Detection\Final dog dataset\Final dog dataset\happy\6784527963_f8fbcf5c0d_b.jpg,happy
C:\Users\nihar\Documents\ML Projects\Deep Learning Projects\Dog Emotion Detection\Final dog dataset\Final dog dataset\angry\xGbMMSGF25uJDfvUI5R0hyDCZtTPog582.jpg,angry
C:\Users\nihar\Documents\ML Projects\Deep Learning Projects\Dog Emotion Detection\Final dog dataset\Final dog dataset\angry\mReCDmBT3yDedO2o671WkIAQLtUUFr812.jpg,angry
C:\Users\nihar\Documents\ML Projects\Deep Learning Projects\Dog Emotion Detection\Final dog dataset\Final dog dataset\sad\qZgEuB6P9pNz1jQK6uC2ctuUMta4EE481.jpg,sad
C:\Users\nihar\Documents\ML Projects\Deep Learning Projects\Dog Emotion Detection\Final dog dataset\Final dog dataset\relaxed\51227555551_5162142fa4_b.jpg,relaxed
C:\Users\nihar\Documents\ML Projects\Deep Learning Projects\Dog Emotion Detection\Final dog dataset\Final dog dataset\happy\7475216214_8c3372f614_b.jpg,happy
C:\Users\nihar\Documents\ML Projects\Deep Learning Projects\Dog Emotion Detection\Final dog dataset\Final dog dataset\sad\7ISRaqPMl08QqVnt7BeHfjJ6DFjt3H615.jpg,sad
C:\Users\nihar\Documents\ML Projects\Deep Learning Projects\Dog Emotion Detection\Final dog dataset\Final dog dataset\sad\9y1g95NMgQyqnmlNMwuetq8ve0Sgbl609.jpg,sad
C:\Users\nihar\Documents\ML Projects\Deep Learning Projects\Dog Emotion Detection\Final dog dataset\Final dog dataset\relaxed\8203858481_c9962ef517_b.jpg,relaxed
C:\Users\nihar\Documents\ML Projects\Deep Learning Projects\Dog Emotion Detection\Final dog dataset\Final dog dataset\relaxed\4858421_30207956a4_b.jpg,relaxed
C:\Users\nihar\Documents\ML Projects\Deep Learning Projects\Dog Emotion Detection\Final dog dataset\Final dog dataset\sad\Xv1F3oVIjqnjAdr84tl83UnhBNKf4e2.jpg,sad
C:\Users\nihar\Documents\ML Projects\Deep Learning Projects\Dog Emotion Detection\Final dog dataset\Final dog dataset\happy\8229235941_727615a1f2_b.jpg,happy
C:\Users\nihar\Documents\ML Projects\Deep Learning Projects\Dog Emotion Detection\Final dog dataset\Final dog dataset\relaxed\317766415_decb98671c_b.jpg,relaxed
C:\Users\nihar\Documents\ML Projects\Deep Learning Projects\Dog Emotion Detection\Final dog dataset\Final dog dataset\happy\HjiKqUq3ZKUpo62d1AaPWC7uI40Hpv693.jpg,happy
C:\Users\nihar\Documents\ML Projects\Deep Learning Projects\Dog Emotion Detection\Final dog dataset\Final dog dataset\sad\wTIxEVrFRwOBlu2w8GTev8UT75XmDs672.jpg,sad
C:\Users\nihar\Documents\ML Projects\Deep Learning Projects\Dog Emotion Detection\Final dog dataset\Final dog dataset\relaxed\42323326242_d7647b572f_b.jpg,relaxed
C:\Users\nihar\Documents\ML Projects\Deep Learning Projects\Dog Emotion Detection\Final dog dataset\Final dog dataset\happy\1CghnczvrarpRY5zxNmPP3XiphsFlf335.jpg,happy
C:\Users\nihar\Documents\ML Projects\Deep Learning Projects\Dog Emotion Detection\Final dog dataset\Final dog dataset\sad\V36BLZNlBnmbhzNT5ggCYixtaG4mYo243.jpg,sad
C:\Users\nihar\Documents\ML Projects\Deep Learning Projects\Dog Emotion Detection\Final dog dataset\Final dog dataset\relaxed\8086285163_41ce00a6bc_b.jpg,relaxed
C:\Users\nihar\Documents\ML Projects\Deep Learning Projects\Dog Emotion Detection\Final dog dataset\Final dog dataset\sad\8740374327_4770ca8a78_b.jpg,sad
C:\Users\nihar\Documents\ML Projects\Deep Learning Projects\Dog Emotion Detection\Final dog dataset\Final dog dataset\relaxed\34593311825_ca15dae1ac_b.jpg,relaxed
C:\Users\nihar\Documents\ML Projects\Deep Learning Projects\Dog Emotion Detection\Final dog dataset\Final dog dataset\angry\yavNSEpvlbHi9OX066RvpcmZogBdIe345.jpg,angry
C:\Users\nihar\Documents\ML Projects\Deep Learning Projects\Dog Emotion Detection\Final dog dataset\Final dog dataset\relaxed\8363473011_7f28600741_b.jpg,relaxed
C:\Users\nihar\Documents\ML Projects\Deep Learning Projects\Dog Emotion Detection\Final dog dataset\Final dog dataset\angry\rMD7wzmV87RITYQLdYFEuv0DOtCJJd444.jpg,angry
C:\Users\nihar\Documents\ML Projects\Deep Learning Projects\Dog Emotion Detection\Final dog dataset\Final dog dataset\relaxed\5214390434_b12ef8c12c_b.jpg,relaxed
C:\Users\nihar\Documents\ML Projects\Deep Learning Projects\Dog Emotion Detection\Final dog dataset\Final dog dataset\angry\Jb3jbZsizfo2X3h7nOPQClRoe3vLdk36.jpg,angry
C:\Users\nihar\Documents\ML Projects\Deep Learning Projects\Dog Emotion Detection\Final dog dataset\Final dog dataset\angry\vcbfs29ZhZUJxVHZMpE9oZQz1AogY3112.jpg,angry
C:\Users\nihar\Documents\ML Projects\Deep Learning Projects\Dog Emotion Detection\Final dog dataset\Final dog dataset\relaxed\395746360_9c5d5dd9c6_b.jpg,relaxed
C:\Users\nihar\Documents\ML Projects\Deep Learning Projects\Dog Emotion Detection\Final dog dataset\Final dog dataset\happy\eVUpvvom3dMcYhtFVegTbIuoWmVFdu422.jpg,happy
C:\Users\nihar\Documents\ML Projects\Deep Learning Projects\Dog Emotion Detection\Final dog dataset\Final dog dataset\happy\EGXGnHcaLo0bMaaOSy9Ox0WV9lLbqK710.jpg,happy
C:\Users\nihar\Documents\ML Projects\Deep Learning Projects\Dog Emotion Detection\Final dog dataset\Final dog dataset\sad\42PF4prlcNN6xSmXV7uCsexLiT3oRR635.jpg,sad
C:\Users\nihar\Documents\ML Projects\Deep Learning Projects\Dog Emotion Detection\Final dog dataset\Final dog dataset\happy\7292844552_a9ee901faa_b.jpg,happy
C:\Users\nihar\Documents\ML Projects\Deep Learning Projects\Dog Emotion Detection\Final dog dataset\Final dog dataset\sad\xUeBt7ZbgG3EtxTrMcSdUeMcRAmB60947.jpg,sad
C:\Users\nihar\Documents\ML Projects\Deep Learning Projects\Dog Emotion Detection\Final dog dataset\Final dog dataset\angry\egrqKMDq5OG3t5aGekn3PiG4mMX68Y604.jpg,angry
C:\Users\nihar\Documents\ML Projects\Deep Learning Projects\Dog Emotion Detection\Final dog dataset\Final dog dataset\happy\e6ROJVrDbKvOZTb9rh0X7sOOdM7Iu945.jpg,happy
C:\Users\nihar\Documents\ML Projects\Deep Learning Projects\Dog Emotion Detection\Final dog dataset\Final dog dataset\angry\mkuDad0A4HKaQZEBAkYIgkgtClwYOP729.jpg,angry
C:\Users\nihar\Documents\ML Projects\Deep Learning Projects\Dog Emotion Detection\Final dog dataset\Final dog dataset\angry\MLbRLVMJljcn5AUnc72VWaGhbdV4ny992.jpg,angry
C:\Users\nihar\Documents\ML Projects\Deep Learning Projects\Dog Emotion Detection\Final dog dataset\Final dog dataset\sad\pltzkECaFIDjqau1p93oq8Lcd8k9KQ674.jpg,sad
C:\Users\nihar\Documents\ML Projects\Deep Learning Projects\Dog Emotion Detection\Final dog dataset\Final dog dataset\angry\GytdNYZq2ysRlIL5uLe2qOiy5gjvwF686.jpg,angry
C:\Users\nihar\Documents\ML Projects\Deep Learning Projects\Dog Emotion Detection\Final dog dataset\Final dog dataset\sad\jWd1AmrPWRF3bFYo9wfkKPTI0VABK3700.jpg,sad
C:\Users\nihar\Documents\ML Projects\Deep Learning Projects\Dog Emotion Detection\Final dog dataset\Final dog dataset\sad\GDYUi6jMdIioGD2c3UET5qfOr0nslF404.jpg,sad
C:\Users\nihar\Documents\ML Projects\Deep Learning Projects\Dog Emotion Detection\Final dog dataset\Final dog dataset\sad\6RocDWbOIYax0cS4OTu0oQ2HCmcuv5288.jpg,sad
C:\Users\nihar\Documents\ML Projects\Deep Learning Projects\Dog Emotion Detection\Final dog dataset\Final dog dataset\happy\8629526013_f28e9851c0_b.jpg,happy
C:\Users\nihar\Documents\ML Projects\Deep Learning Projects\Dog Emotion Detection\Final dog dataset\Final dog dataset\angry\qOR2RVmGF2FveTVihdaJvz5SmeUkI2773.jpg,angry
C:\Users\nihar\Documents\ML Projects\Deep Learning Projects\Dog Emotion Detection\Final dog dataset\Final dog dataset\happy\GSgj1fVt4ajDHVDwJH14RKGx4ZPrQW816.jpg,happy
C:\Users\nihar\Documents\ML Projects\Deep Learning Projects\Dog Emotion Detection\Final dog dataset\Final dog dataset\sad\i3h6qukJUYGQcUrRomxBClgqhmaZaU400.jpg,sad
C:\Users\nihar\Documents\ML Projects\Deep Learning Projects\Dog Emotion Detection\Final dog dataset\Final dog dataset\sad\QBesed35NYZKzlmepN4osjAS7nLm8d469.jpg,sad
C:\Users\nihar\Documents\ML Projects\Deep Learning Projects\Dog Emotion Detection\Final dog dataset\Final dog dataset\happy\7832700018_e60a9be756_b.jpg,happy
C:\Users\nihar\Documents\ML Projects\Deep Learning Projects\Dog Emotion Detection\Final dog dataset\Final dog dataset\happy\iALj7hlzZDjSkLLOQG6bF0OiuFmFnW624.jpg,happy
C:\Users\nihar\Documents\ML Projects\Deep Learning Projects\Dog Emotion Detection\Final dog dataset\Final dog dataset\happy\ank17mafSrChKpXh1cKhvWA2qjyB98277.jpg,happy
C:\Users\nihar\Documents\ML Projects\Deep Learning Projects\Dog Emotion Detection\Final dog dataset\Final dog dataset\happy\Hl1KUhb09OD62z9myOdr1bmyx6jTFU830.jpg,happy
C:\Users\nihar\Documents\ML Projects\Deep Learning Projects\Dog Emotion Detection\Final dog dataset\Final dog dataset\angry\Atu4Regd9Q3rR4T8CnZytB07NYJWYm358.jpg,angry
C:\Users\nihar\Documents\ML Projects\Deep Learning Projects\Dog Emotion Detection\Final dog dataset\Final dog dataset\sad\qfkJK4MLaQVxBPnlecweOLqEBlCV0l99.jpg,sad
C:\Users\nihar\Documents\ML Projects\Deep Learning Projects\Dog Emotion Detection\Final dog dataset\Final dog dataset\happy\2hAmgXf8tDs3PZ3AQzXpCLGMkzsb09583.jpg,happy
C:\Users\nihar\Documents\ML Projects\Deep Learning Projects\Dog Emotion Detection\Final dog dataset\Final dog dataset\happy\1INB5yzmwJu7vUpjU3VDwsN4Bo5RTU518.jpg,happy
C:\Users\nihar\Documents\ML Projects\Deep Learning Projects\Dog Emotion Detection\Final dog dataset\Final dog dataset\angry\KzUGALc85F25IQP8tj0LuKydz0WXbq603.jpg,angry
C:\Users\nihar\Documents\ML Projects\Deep Learning Projects\Dog Emotion Detection\Final dog dataset\Final dog dataset\sad\nLnl3RuUjCRALmmAh4Tp8L5F07Q6BU779.jpg,sad
C:\Users\nihar\Documents\ML Projects\Deep Learning Projects\Dog Emotion Detection\Final dog dataset\Final dog dataset\angry\gilPgn3SZnpmuLfI2iK1oYmfA0aTUH464.jpg,angry
C:\Users\nihar\Documents\ML Projects\Deep Learning Projects\Dog Emotion Detection\Final dog dataset\Final dog dataset\happy\969332853_e738bae6b7_b.jpg,happy
C:\Users\nihar\Documents\ML Projects\Deep Learning Projects\Dog Emotion Detection\Final dog dataset\Final dog dataset\relaxed\42672121630_61123b6352_b.jpg,relaxed
C:\Users\nihar\Documents\ML Projects\Deep Learning Projects\Dog Emotion Detection\Final dog dataset\Final dog dataset\angry\hphUdrwU4f1wL9oiTu3WSywztCePlj364.jpg,angry
C:\Users\nihar\Documents\ML Projects\Deep Learning Projects\Dog Emotion Detection\Final dog dataset\Final dog dataset\sad\ibub5YfErqRahkG8razqfQckU4UAam310.jpg,sad
C:\Users\nihar\Documents\ML Projects\Deep Learning Projects\Dog Emotion Detection\Final dog dataset\Final dog dataset\sad\12453413204_8801774b9f_b.jpg,sad
C:\Users\nihar\Documents\ML Projects\Deep Learning Projects\Dog Emotion Detection\Final dog dataset\Final dog dataset\relaxed\5457925865_c2fcf516e3_b.jpg,relaxed
C:\Users\nihar\Documents\ML Projects\Deep Learning Projects\Dog Emotion Detection\Final dog dataset\Final dog dataset\happy\eUPhEhBnmGNZgftd7oXdB2bvBa2X5p650.jpg,happy
C:\Users\nihar\Documents\ML Projects\Deep Learning Projects\Dog Emotion Detection\Final dog dataset\Final dog dataset\angry\uxWwrtft9oUkozEFZGOB80UIZiyKpB803.jpg,angry
C:\Users\nihar\Documents\ML Projects\Deep Learning Projects\Dog Emotion Detection\Final dog dataset\Final dog dataset\relaxed\5703019332_da5a650e66_b.jpg,relaxed
C:\Users\nihar\Documents\ML Projects\Deep Learning Projects\Dog Emotion Detection\Final dog dataset\Final dog dataset\sad\mcdkYR9AB0Ec8Tr5rb4O1FXSjAry2U75.jpg,sad
C:\Users\nihar\Documents\ML Projects\Deep Learning Projects\Dog Emotion Detection\Final dog dataset\Final dog dataset\sad\8ihS8iNl1oEk1poDZDM0mMnOl1KZ7u90.jpg,sad
C:\Users\nihar\Documents\ML Projects\Deep Learning Projects\Dog Emotion Detection\Final dog dataset\Final dog dataset\angry\LZh3z3w5B4JfpUjBIypaoYOEeXrxrX708.jpg,angry
C:\Users\nihar\Documents\ML Projects\Deep Learning Projects\Dog Emotion Detection\Final dog dataset\Final dog dataset\happy\6838722834_f2da4fc2ff_b.jpg,happy
C:\Users\nihar\Documents\ML Projects\Deep Learning Projects\Dog Emotion Detection\Final dog dataset\Final dog dataset\sad\64Hnb43ZZ5L9XBSYFw2bNhjm8USkwT286.jpg,sad
C:\Users\nihar\Documents\ML Projects\Deep Learning Projects\Dog Emotion Detection\Final dog dataset\Final dog dataset\angry\k06J5ToZPbqX4RKtMk1GAInVGf0a9I245.jpg,angry
C:\Users\nihar\Documents\ML Projects\Deep Learning Projects\Dog Emotion Detection\Final dog dataset\Final dog dataset\happy\6937176079_44d75fa053_b.jpg,happy
C:\Users\nihar\Documents\ML Projects\Deep Learning Projects\Dog Emotion Detection\Final dog dataset\Final dog dataset\angry\hMHsyO8XFhDuo6P5pkxBCQZTjLFi8o256.jpg,angry
C:\Users\nihar\Documents\ML Projects\Deep Learning Projects\Dog Emotion Detection\Final dog dataset\Final dog dataset\relaxed\6859068126_6f7fd1d714_b.jpg,relaxed
C:\Users\nihar\Documents\ML Projects\Deep Learning Projects\Dog Emotion Detection\Final dog dataset\Final dog dataset\angry\Elco8ii80iNUUQOt23xvjCJXa7UqU0157.jpg,angry
C:\Users\nihar\Documents\ML Projects\Deep Learning Projects\Dog Emotion Detection\Final dog dataset\Final dog dataset\sad\zXd8gnBft1Op8Wgj2SMATNfZ9K51DA315.jpg,sad
C:\Users\nihar\Documents\ML Projects\Deep Learning Projects\Dog Emotion Detection\Final dog dataset\Final dog dataset\sad\3QVNVBrLExe5Jyb6VPyjcFRI8ugVtj891.jpg,sad
C:\Users\nihar\Documents\ML Projects\Deep Learning Projects\Dog Emotion Detection\Final dog dataset\Final dog dataset\happy\AeROp4YlaFtipd7W7rgpaLVkYmdp5a604.jpg,happy
C:\Users\nihar\Documents\ML Projects\Deep Learning Projects\Dog Emotion Detection\Final dog dataset\Final dog dataset\angry\J2S0LtEjYBPmp1q0fy6wL2ZPvtA0uN710.jpg,angry
C:\Users\nihar\Documents\ML Projects\Deep Learning Projects\Dog Emotion Detection\Final dog dataset\Final dog dataset\relaxed\685595477_96732f18c9_b.jpg,relaxed
C:\Users\nihar\Documents\ML Projects\Deep Learning Projects\Dog Emotion Detection\Final dog dataset\Final dog dataset\relaxed\345947631_c4fa91a3dc_b.jpg,relaxed
C:\Users\nihar\Documents\ML Projects\Deep Learning Projects\Dog Emotion Detection\Final dog dataset\Final dog dataset\relaxed\8403235209_384b87f179_b.jpg,relaxed
C:\Users\nihar\Documents\ML Projects\Deep Learning Projects\Dog Emotion Detection\Final dog dataset\Final dog dataset\angry\Wy3U5OyutSBk6o3oDILPcfcSwtvNdn105.jpg,angry
C:\Users\nihar\Documents\ML Projects\Deep Learning Projects\Dog Emotion Detection\Final dog dataset\Final dog dataset\relaxed\6843986179_e657cd5c33_b.jpg,relaxed
C:\Users\nihar\Documents\ML Projects\Deep Learning Projects\Dog Emotion Detection\Final dog dataset\Final dog dataset\sad\st38KYZrmjeESeitQE2alsM1IxFBNv240.jpg,sad
C:\Users\nihar\Documents\ML Projects\Deep Learning Projects\Dog Emotion Detection\Final dog dataset\Final dog dataset\relaxed\3467491069_fbced65613_b.jpg,relaxed
C:\Users\nihar\Documents\ML Projects\Deep Learning Projects\Dog Emotion Detection\Final dog dataset\Final dog dataset\sad\6n99cvzyInrpVUoKRUsXzXs4Jz42Qo140.jpg,sad
C:\Users\nihar\Documents\ML Projects\Deep Learning Projects\Dog Emotion Detection\Final dog dataset\Final dog dataset\happy\l1Lqm4nkHUTplBUxdceoQ1D5uK9GVL868.jpg,happy
C:\Users\nihar\Documents\ML Projects\Deep Learning Projects\Dog Emotion Detection\Final dog dataset\Final dog dataset\happy\9vDayz72S5LfcEz83VC71VKLGKyBz6194.jpg,happy
C:\Users\nihar\Documents\ML Projects\Deep Learning Projects\Dog Emotion Detection\Final dog dataset\Final dog dataset\happy\7wtAldaKufBGVytNP9CvgdinnZhXZM973.jpg,happy
C:\Users\nihar\Documents\ML Projects\Deep Learning Projects\Dog Emotion Detection\Final dog dataset\Final dog dataset\relaxed\5555928877_73b82a7f5f_b.jpg,relaxed
C:\Users\nihar\Documents\ML Projects\Deep Learning Projects\Dog Emotion Detection\Final dog dataset\Final dog dataset\angry\xdarcCSo1xQfaDBplfYcrJR1EO1TZb362.jpg,angry
C:\Users\nihar\Documents\ML Projects\Deep Learning Projects\Dog Emotion Detection\Final dog dataset\Final dog dataset\relaxed\5891475710_55963915ce_b.jpg,relaxed
C:\Users\nihar\Documents\ML Projects\Deep Learning Projects\Dog Emotion Detection\Final dog dataset\Final dog dataset\angry\4NTAH3jJtDRS9dJ0HiUYlSah7lknfi151.jpg,angry
C:\Users\nihar\Documents\ML Projects\Deep Learning Projects\Dog Emotion Detection\Final dog dataset\Final dog dataset\happy\1id4uEflgMojRxkrMM9NQkcZrKSF11148.jpg,happy
C:\Users\nihar\Documents\ML Projects\Deep Learning Projects\Dog Emotion Detection\Final dog dataset\Final dog dataset\angry\BrqT2RuggxxdU7TMgP37ycFMQaaDrL155.jpg,angry
C:\Users\nihar\Documents\ML Projects\Deep Learning Projects\Dog Emotion Detection\Final dog dataset\Final dog dataset\relaxed\8206288433_684a9f184d_b.jpg,relaxed
C:\Users\nihar\Documents\ML Projects\Deep Learning Projects\Dog Emotion Detection\Final dog dataset\Final dog dataset\happy\gKkziDcuoH28p4jkHcgYacWGCk28lT237.jpg,happy
C:\Users\nihar\Documents\ML Projects\Deep Learning Projects\Dog Emotion Detection\Final dog dataset\Final dog dataset\angry\vl7Nh4AX1y8u4L85J1ui6qAMAOSkLD138.jpg,angry
C:\Users\nihar\Documents\ML Projects\Deep Learning Projects\Dog Emotion Detection\Final dog dataset\Final dog dataset\relaxed\50215391677_57e43d67bf_b.jpg,relaxed
C:\Users\nihar\Documents\ML Projects\Deep Learning Projects\Dog Emotion Detection\Final dog dataset\Final dog dataset\happy\CIcfIWrO9WupEY0ScPtEbGpRScNzNp466.jpg,happy
C:\Users\nihar\Documents\ML Projects\Deep Learning Projects\Dog Emotion Detection\Final dog dataset\Final dog dataset\happy\cg7h0yZG3nMcjFQWSSgVLvhGLVUuWm392.jpg,happy
C:\Users\nihar\Documents\ML Projects\Deep Learning Projects\Dog Emotion Detection\Final dog dataset\Final dog dataset\angry\cYJFFLBvaoUkX3pB5mbTrEx3CC85J2852.jpg,angry
C:\Users\nihar\Documents\ML Projects\Deep Learning Projects\Dog Emotion Detection\Final dog dataset\Final dog dataset\sad\NFkJVkia6X0n9KBicc7CNVPmcLj00I767.jpg,sad
C:\Users\nihar\Documents\ML Projects\Deep Learning Projects\Dog Emotion Detection\Final dog dataset\Final dog dataset\happy\jtLulkckKGiedrg9dLQtYVDGZE1KuT256.jpg,happy
C:\Users\nihar\Documents\ML Projects\Deep Learning Projects\Dog Emotion Detection\Final dog dataset\Final dog dataset\relaxed\7728772920_25255812c5_b.jpg,relaxed
C:\Users\nihar\Documents\ML Projects\Deep Learning Projects\Dog Emotion Detection\Final dog dataset\Final dog dataset\sad\QZnRKvt0gwVmx2gXSgm0Vpmb0687BY922.jpg,sad
C:\Users\nihar\Documents\ML Projects\Deep Learning Projects\Dog Emotion Detection\Final dog dataset\Final dog dataset\sad\UY2TLtdemnszW3TkzG67TmAE916IFw15.jpg,sad
C:\Users\nihar\Documents\ML Projects\Deep Learning Projects\Dog Emotion Detection\Final dog dataset\Final dog dataset\happy\gn7Y31ZU1bPX4Z4xTwLnXjBx4NBWUM817.jpg,happy
C:\Users\nihar\Documents\ML Projects\Deep Learning Projects\Dog Emotion Detection\Final dog dataset\Final dog dataset\sad\pm47pwxywWbV3vrF2o3nKiwT8sCJIk479.jpg,sad
C:\Users\nihar\Documents\ML Projects\Deep Learning Projects\Dog Emotion Detection\Final dog dataset\Final dog dataset\sad\XweenHYnJiIGaYFKpOLNo1vv2svzka133.jpg,sad
C:\Users\nihar\Documents\ML Projects\Deep Learning Projects\Dog Emotion Detection\Final dog dataset\Final dog dataset\sad\U9otjzQsnJUqNdkBfJKLEG7L4vmsTQ101.jpg,sad
C:\Users\nihar\Documents\ML Projects\Deep Learning Projects\Dog Emotion Detection\Final dog dataset\Final dog dataset\happy\6137858778_39f68db4ff_b.jpg,happy
C:\Users\nihar\Documents\ML Projects\Deep Learning Projects\Dog Emotion Detection\Final dog dataset\Final dog dataset\sad\LN2nmoh2U4BlmGhLFz0CQQ9wGt2Vxs859.jpg,sad
C:\Users\nihar\Documents\ML Projects\Deep Learning Projects\Dog Emotion Detection\Final dog dataset\Final dog dataset\angry\Bn6WutIC8TlI8BffGuMRghZlXkPCFo235.jpg,angry
C:\Users\nihar\Documents\ML Projects\Deep Learning Projects\Dog Emotion Detection\Final dog dataset\Final dog dataset\angry\6hltKcNCDAfAQTBdmpV0NQZSpLEwe2592.jpg,angry
C:\Users\nihar\Documents\ML Projects\Deep Learning Projects\Dog Emotion Detection\Final dog dataset\Final dog dataset\relaxed\9380373030_6d07aa7f77_b.jpg,relaxed
C:\Users\nihar\Documents\ML Projects\Deep Learning Projects\Dog Emotion Detection\Final dog dataset\Final dog dataset\happy\EJxP8coPRimuJX2uk85NPZvm4rfeTy747.jpg,happy
C:\Users\nihar\Documents\ML Projects\Deep Learning Projects\Dog Emotion Detection\Final dog dataset\Final dog dataset\relaxed\5723400360_767ba58c25_b.jpg,relaxed
C:\Users\nihar\Documents\ML Projects\Deep Learning Projects\Dog Emotion Detection\Final dog dataset\Final dog dataset\relaxed\8409188396_96c5cb616e_b.jpg,relaxed
C:\Users\nihar\Documents\ML Projects\Deep Learning Projects\Dog Emotion Detection\Final dog dataset\Final dog dataset\sad\boKGxJiahfpbM6dVaB56oInbgWe0GN813.jpg,sad
C:\Users\nihar\Documents\ML Projects\Deep Learning Projects\Dog Emotion Detection\Final dog dataset\Final dog dataset\relaxed\4094488759_1478f4cdfb_b.jpg,relaxed
C:\Users\nihar\Documents\ML Projects\Deep Learning Projects\Dog Emotion Detection\Final dog dataset\Final dog dataset\sad\ParL3tZo806qZcf5l0NggcIKGWXj96850.jpg,sad
C:\Users\nihar\Documents\ML Projects\Deep Learning Projects\Dog Emotion Detection\Final dog dataset\Final dog dataset\happy\8375779962_67490c59b0_b.jpg,happy
C:\Users\nihar\Documents\ML Projects\Deep Learning Projects\Dog Emotion Detection\Final dog dataset\Final dog dataset\sad\35YrrItLeMI8AQJNvexJUtg1E6zMY2718.jpg,sad
C:\Users\nihar\Documents\ML Projects\Deep Learning Projects\Dog Emotion Detection\Final dog dataset\Final dog dataset\sad\wSN8dYitT53GaqgmcAqojMmbkB7o6B958.jpg,sad
C:\Users\nihar\Documents\ML Projects\Deep Learning Projects\Dog Emotion Detection\Final dog dataset\Final dog dataset\relaxed\9189483236_465614a4cf_b.jpg,relaxed
C:\Users\nihar\Documents\ML Projects\Deep Learning Projects\Dog Emotion Detection\Final dog dataset\Final dog dataset\happy\daqwvnkVsmtjSXOs7gFnModdCEKa5j665.jpg,happy
C:\Users\nihar\Documents\ML Projects\Deep Learning Projects\Dog Emotion Detection\Final dog dataset\Final dog dataset\relaxed\5087866204_30d86cab12_b.jpg,relaxed
C:\Users\nihar\Documents\ML Projects\Deep Learning Projects\Dog Emotion Detection\Final dog dataset\Final dog dataset\relaxed\3224819480_79a673b5f2_b.jpg,relaxed
C:\Users\nihar\Documents\ML Projects\Deep Learning Projects\Dog Emotion Detection\Final dog dataset\Final dog dataset\sad\WrnvVcEVNYRXP5nwfvapDQV1nLsOEu879.jpg,sad
C:\Users\nihar\Documents\ML Projects\Deep Learning Projects\Dog Emotion Detection\Final dog dataset\Final dog dataset\relaxed\75228800_2854c88d63_b.jpg,relaxed
C:\Users\nihar\Documents\ML Projects\Deep Learning Projects\Dog Emotion Detection\Final dog dataset\Final dog dataset\relaxed\468951976_c4f24659cc_b.jpg,relaxed
C:\Users\nihar\Documents\ML Projects\Deep Learning Projects\Dog Emotion Detection\Final dog dataset\Final dog dataset\sad\qdElZiIPy5aCYncyVzL0LBzxlRwTlK134.jpg,sad
C:\Users\nihar\Documents\ML Projects\Deep Learning Projects\Dog Emotion Detection\Final dog dataset\Final dog dataset\happy\45Y79sLK0NVKa6lR8r3lJWJgsF7679994.jpg,happy
C:\Users\nihar\Documents\ML Projects\Deep Learning Projects\Dog Emotion Detection\Final dog dataset\Final dog dataset\angry\Lacp1kWm2EPweYQz0WTRyUm8AfxEEJ272.jpg,angry
C:\Users\nihar\Documents\ML Projects\Deep Learning Projects\Dog Emotion Detection\Final dog dataset\Final dog dataset\happy\8290748594_d623a1f758_b.jpg,happy
C:\Users\nihar\Documents\ML Projects\Deep Learning Projects\Dog Emotion Detection\Final dog dataset\Final dog dataset\relaxed\47936108921_2aef61b5f7_b.jpg,relaxed
C:\Users\nihar\Documents\ML Projects\Deep Learning Projects\Dog Emotion Detection\Final dog dataset\Final dog dataset\sad\az8wKgkeYFSc5FluQtOZmxLLEaIU8E734.jpg,sad
C:\Users\nihar\Documents\ML Projects\Deep Learning Projects\Dog Emotion Detection\Final dog dataset\Final dog dataset\sad\V8cLG82OgosQzpenpgXiRKkIOKyJYJ995.jpg,sad
C:\Users\nihar\Documents\ML Projects\Deep Learning Projects\Dog Emotion Detection\Final dog dataset\Final dog dataset\happy\6844555404_c00d8cd774_b.jpg,happy
C:\Users\nihar\Documents\ML Projects\Deep Learning Projects\Dog Emotion Detection\Final dog dataset\Final dog dataset\relaxed\7665575690_ce13770216_b.jpg,relaxed
C:\Users\nihar\Documents\ML Projects\Deep Learning Projects\Dog Emotion Detection\Final dog dataset\Final dog dataset\happy\a01soV7642iABs8LzewC5U65xQWqoU544.jpg,happy
C:\Users\nihar\Documents\ML Projects\Deep Learning Projects\Dog Emotion Detection\Final dog dataset\Final dog dataset\angry\CFtyYe1ePXjMeImuLr0nrpCnp6TJjO407.jpg,angry
C:\Users\nihar\Documents\ML Projects\Deep Learning Projects\Dog Emotion Detection\Final dog dataset\Final dog dataset\happy\5669560391_f7b2f2a09d_b.jpg,happy
C:\Users\nihar\Documents\ML Projects\Deep Learning Projects\Dog Emotion Detection\Final dog dataset\Final dog dataset\sad\VP1q9wRj6hU2EhdF6SEqkbHXmpgYtn792.jpg,sad
C:\Users\nihar\Documents\ML Projects\Deep Learning Projects\Dog Emotion Detection\Final dog dataset\Final dog dataset\angry\yRbmSaJ8HfAQx9mQDdUr9lFjjHqdik312.jpg,angry
C:\Users\nihar\Documents\ML Projects\Deep Learning Projects\Dog Emotion Detection\Final dog dataset\Final dog dataset\sad\UMPOnTTTGsGicEzcBAwVIhfZc7GcQM345.jpg,sad
C:\Users\nihar\Documents\ML Projects\Deep Learning Projects\Dog Emotion Detection\Final dog dataset\Final dog dataset\sad\tQ9vb1uwriyLzD6duV6Ftlqj6fKKyK264.jpg,sad
C:\Users\nihar\Documents\ML Projects\Deep Learning Projects\Dog Emotion Detection\Final dog dataset\Final dog dataset\angry\Tq4x12NBKeARCav9hXrbiteZ7VeAfo395.jpg,angry
C:\Users\nihar\Documents\ML Projects\Deep Learning Projects\Dog Emotion Detection\Final dog dataset\Final dog dataset\sad\jzVSgKVKfC4X7HBJSd8kJS8x08PlGc649.jpg,sad
C:\Users\nihar\Documents\ML Projects\Deep Learning Projects\Dog Emotion Detection\Final dog dataset\Final dog dataset\sad\5uy323GBdkd4d64Hp658AC1ac8U9TZ940.jpg,sad
C:\Users\nihar\Documents\ML Projects\Deep Learning Projects\Dog Emotion Detection\Final dog dataset\Final dog dataset\relaxed\7050315167_cde60be922_b.jpg,relaxed
C:\Users\nihar\Documents\ML Projects\Deep Learning Projects\Dog Emotion Detection\Final dog dataset\Final dog dataset\happy\6699506039_96c9d90a7c_b.jpg,happy
C:\Users\nihar\Documents\ML Projects\Deep Learning Projects\Dog Emotion Detection\Final dog dataset\Final dog dataset\angry\M8XqsMMRdPf6PjLWTTWR23R5jnkfvl92.jpg,angry
C:\Users\nihar\Documents\ML Projects\Deep Learning Projects\Dog Emotion Detection\Final dog dataset\Final dog dataset\angry\on6LOFG2LWp5AnrNpYw4fbYS7arO5o757.jpg,angry
C:\Users\nihar\Documents\ML Projects\Deep Learning Projects\Dog Emotion Detection\Final dog dataset\Final dog dataset\happy\Edm0YR3t4sCVHZSFXS9IaWRicL4adH591.jpg,happy
C:\Users\nihar\Documents\ML Projects\Deep Learning Projects\Dog Emotion Detection\Final dog dataset\Final dog dataset\happy\3G64DoD00YQdXZz5BMNcMfXgeZ4uBK431.jpg,happy
C:\Users\nihar\Documents\ML Projects\Deep Learning Projects\Dog Emotion Detection\Final dog dataset\Final dog dataset\relaxed\5517044155_92c053f4cf_b.jpg,relaxed
C:\Users\nihar\Documents\ML Projects\Deep Learning Projects\Dog Emotion Detection\Final dog dataset\Final dog dataset\sad\kbSgVxHeb5AouGBL39UOnSo4kdOyO0728.jpg,sad
C:\Users\nihar\Documents\ML Projects\Deep Learning Projects\Dog Emotion Detection\Final dog dataset\Final dog dataset\angry\Md2DJENHBn3yvjPhQnM60yn8sh1qX9851.jpg,angry
C:\Users\nihar\Documents\ML Projects\Deep Learning Projects\Dog Emotion Detection\Final dog dataset\Final dog dataset\happy\8189649615_c86dd94d3d_b.jpg,happy
C:\Users\nihar\Documents\ML Projects\Deep Learning Projects\Dog Emotion Detection\Final dog dataset\Final dog dataset\angry\uQeR2pr0IY2BGdocBkF4AcU6QRcd0b215.jpg,angry
C:\Users\nihar\Documents\ML Projects\Deep Learning Projects\Dog Emotion Detection\Final dog dataset\Final dog dataset\relaxed\6863621492_54cd8deb1c_b.jpg,relaxed
C:\Users\nihar\Documents\ML Projects\Deep Learning Projects\Dog Emotion Detection\Final dog dataset\Final dog dataset\relaxed\8637100356_4d69522442_b.jpg,relaxed
C:\Users\nihar\Documents\ML Projects\Deep Learning Projects\Dog Emotion Detection\Final dog dataset\Final dog dataset\angry\jGtcgPYq1xDkthoBGIJa0NT68Q8kQb342.jpg,angry
C:\Users\nihar\Documents\ML Projects\Deep Learning Projects\Dog Emotion Detection\Final dog dataset\Final dog dataset\angry\8761041101_4a27ba13d5_b.jpg,angry
C:\Users\nihar\Documents\ML Projects\Deep Learning Projects\Dog Emotion Detection\Final dog dataset\Final dog dataset\relaxed\3256705569_3f265bbf9e_b.jpg,relaxed
C:\Users\nihar\Documents\ML Projects\Deep Learning Projects\Dog Emotion Detection\Final dog dataset\Final dog dataset\happy\7651827042_bb29e1ed47_b.jpg,happy
C:\Users\nihar\Documents\ML Projects\Deep Learning Projects\Dog Emotion Detection\Final dog dataset\Final dog dataset\sad\xvXGCzHSG7ZmFE2SCNBl02m8OJZ78g197.jpg,sad
C:\Users\nihar\Documents\ML Projects\Deep Learning Projects\Dog Emotion Detection\Final dog dataset\Final dog dataset\angry\W7rjXyzev1SkHjF5UBUKFdGxAWH5qf696.jpg,angry
C:\Users\nihar\Documents\ML Projects\Deep Learning Projects\Dog Emotion Detection\Final dog dataset\Final dog dataset\angry\69Vbf1BMR9yXdZ6TnhsVy1yzbLJdQ9793.jpg,angry
C:\Users\nihar\Documents\ML Projects\Deep Learning Projects\Dog Emotion Detection\Final dog dataset\Final dog dataset\sad\k5jioK6bByEIz1CL7lhvnhHdwkzZ9S633.jpg,sad
C:\Users\nihar\Documents\ML Projects\Deep Learning Projects\Dog Emotion Detection\Final dog dataset\Final dog dataset\happy\7084991373_b62888643c_b.jpg,happy
C:\Users\nihar\Documents\ML Projects\Deep Learning Projects\Dog Emotion Detection\Final dog dataset\Final dog dataset\sad\Q3GKqUSFsGKmcSqjKCxItbuU7V0jUi103.jpg,sad
C:\Users\nihar\Documents\ML Projects\Deep Learning Projects\Dog Emotion Detection\Final dog dataset\Final dog dataset\sad\2MsWC0PIkIJfSzXzVXVLXzxOE47WC8541.jpg,sad
C:\Users\nihar\Documents\ML Projects\Deep Learning Projects\Dog Emotion Detection\Final dog dataset\Final dog dataset\sad\jgwxJJS2asaYRfv7LZxdBsCVlTrsht750.jpg,sad
C:\Users\nihar\Documents\ML Projects\Deep Learning Projects\Dog Emotion Detection\Final dog dataset\Final dog dataset\happy\600708041_6c4684c6cc_b.jpg,happy
C:\Users\nihar\Documents\ML Projects\Deep Learning Projects\Dog Emotion Detection\Final dog dataset\Final dog dataset\happy\9626001356_99b68564e2_b.jpg,happy
C:\Users\nihar\Documents\ML Projects\Deep Learning Projects\Dog Emotion Detection\Final dog dataset\Final dog dataset\relaxed\917649961_724bd6c53a_b.jpg,relaxed
C:\Users\nihar\Documents\ML Projects\Deep Learning Projects\Dog Emotion Detection\Final dog dataset\Final dog dataset\sad\AH8D7vq28uJ3SyRbxuzbYhf9SsY5es656.jpg,sad
C:\Users\nihar\Documents\ML Projects\Deep Learning Projects\Dog Emotion Detection\Final dog dataset\Final dog dataset\happy\bvle4yPhg4o2btXhsZkw6xRaIdUijL915.jpg,happy
C:\Users\nihar\Documents\ML Projects\Deep Learning Projects\Dog Emotion Detection\Final dog dataset\Final dog dataset\happy\7668617706_1436fc21be_b.jpg,happy
C:\Users\nihar\Documents\ML Projects\Deep Learning Projects\Dog Emotion Detection\Final dog dataset\Final dog dataset\relaxed\7855430810_8d86befb91_b.jpg,relaxed
C:\Users\nihar\Documents\ML Projects\Deep Learning Projects\Dog Emotion Detection\Final dog dataset\Final dog dataset\sad\DVXYP77KzLtKho4eiR9O1qS3iTlmrg158.jpg,sad
C:\Users\nihar\Documents\ML Projects\Deep Learning Projects\Dog Emotion Detection\Final dog dataset\Final dog dataset\sad\4u7yOnXOBmveNl2KTNT2hlrafyXlDS617.jpg,sad
C:\Users\nihar\Documents\ML Projects\Deep Learning Projects\Dog Emotion Detection\Final dog dataset\Final dog dataset\happy\3IghK4UAmOKUtiWYcHGrjZL6see2M094.jpg,happy
C:\Users\nihar\Documents\ML Projects\Deep Learning Projects\Dog Emotion Detection\Final dog dataset\Final dog dataset\angry\KvYhsfXUNTxkCz3aeUfPwM0KNjvaPd115.jpg,angry
C:\Users\nihar\Documents\ML Projects\Deep Learning Projects\Dog Emotion Detection\Final dog dataset\Final dog dataset\relaxed\9486598422_06a93178f9_b.jpg,relaxed
C:\Users\nihar\Documents\ML Projects\Deep Learning Projects\Dog Emotion Detection\Final dog dataset\Final dog dataset\relaxed\9370794965_535244fca6_b.jpg,relaxed
C:\Users\nihar\Documents\ML Projects\Deep Learning Projects\Dog Emotion Detection\Final dog dataset\Final dog dataset\relaxed\8280160271_f563b65d82_b.jpg,relaxed
C:\Users\nihar\Documents\ML Projects\Deep Learning Projects\Dog Emotion Detection\Final dog dataset\Final dog dataset\angry\i2oMBEWbpZW26BcO1svEkhGkZGwa7V408.jpg,angry
C:\Users\nihar\Documents\ML Projects\Deep Learning Projects\Dog Emotion Detection\Final dog dataset\Final dog dataset\sad\QtLqKP5rINhoSt0npKy2Uigsa5yFqa311.jpg,sad
C:\Users\nihar\Documents\ML Projects\Deep Learning Projects\Dog Emotion Detection\Final dog dataset\Final dog dataset\happy\FwnhiY76hLooogO1SvmUiKjiZARIRz525.jpg,happy
C:\Users\nihar\Documents\ML Projects\Deep Learning Projects\Dog Emotion Detection\Final dog dataset\Final dog dataset\relaxed\51872464100_4f98b503a6_b.jpg,relaxed
C:\Users\nihar\Documents\ML Projects\Deep Learning Projects\Dog Emotion Detection\Final dog dataset\Final dog dataset\happy\4ZBiAF49jI0w3QYOU7CnT6LQwfsH7W508.jpg,happy
C:\Users\nihar\Documents\ML Projects\Deep Learning Projects\Dog Emotion Detection\Final dog dataset\Final dog dataset\happy\8aA8gRqbIEg4w1HPevPkA2FufixcLV357.jpg,happy
C:\Users\nihar\Documents\ML Projects\Deep Learning Projects\Dog Emotion Detection\Final dog dataset\Final dog dataset\sad\ZoV2amONVsjc06B0QBLf5ssWQJv47T331.jpg,sad
C:\Users\nihar\Documents\ML Projects\Deep Learning Projects\Dog Emotion Detection\Final dog dataset\Final dog dataset\angry\QzjydyXS5PuXa0m2nepaMDjIzl8zUT958.jpg,angry
C:\Users\nihar\Documents\ML Projects\Deep Learning Projects\Dog Emotion Detection\Final dog dataset\Final dog dataset\happy\ADSEf8k9nv985WbcWyJ9pscNgZtACC646.jpg,happy
C:\Users\nihar\Documents\ML Projects\Deep Learning Projects\Dog Emotion Detection\Final dog dataset\Final dog dataset\happy\8SmgZZqiQ6troZHgPnONXgynxgk5zh596.jpg,happy
C:\Users\nihar\Documents\ML Projects\Deep Learning Projects\Dog Emotion Detection\Final dog dataset\Final dog dataset\sad\qEE6kSjyLCmh6I3omG6clMFAF3ix4R279.jpg,sad
C:\Users\nihar\Documents\ML Projects\Deep Learning Projects\Dog Emotion Detection\Final dog dataset\Final dog dataset\relaxed\8615865520_eff4fcc42d_b.jpg,relaxed
C:\Users\nihar\Documents\ML Projects\Deep Learning Projects\Dog Emotion Detection\Final dog dataset\Final dog dataset\sad\001ndHD2FL3RHNrUp29Qp4WvTiHo5K388.jpg,sad
C:\Users\nihar\Documents\ML Projects\Deep Learning Projects\Dog Emotion Detection\Final dog dataset\Final dog dataset\sad\7nsBbKXlBNun7YaFJQrOGwCQEj1PZU397.jpg,sad
C:\Users\nihar\Documents\ML Projects\Deep Learning Projects\Dog Emotion Detection\Final dog dataset\Final dog dataset\sad\1RNY5jJJlhTYvem20jta0JyuQKKB6b855.jpg,sad
C:\Users\nihar\Documents\ML Projects\Deep Learning Projects\Dog Emotion Detection\Final dog dataset\Final dog dataset\relaxed\8056556810_a4dd4a8c5c_b.jpg,relaxed
C:\Users\nihar\Documents\ML Projects\Deep Learning Projects\Dog Emotion Detection\Final dog dataset\Final dog dataset\angry\WzCKF9GSR0zCZl57VfjaPyMsTE46i5294.jpg,angry
C:\Users\nihar\Documents\ML Projects\Deep Learning Projects\Dog Emotion Detection\Final dog dataset\Final dog dataset\angry\MYhjva9ofpE9akppVAGZFgP8sV2y8C499.jpg,angry
C:\Users\nihar\Documents\ML Projects\Deep Learning Projects\Dog Emotion Detection\Final dog dataset\Final dog dataset\angry\5g5AGokiT61EY835V5hVux1DPsrMRu868.jpg,angry
C:\Users\nihar\Documents\ML Projects\Deep Learning Projects\Dog Emotion Detection\Final dog dataset\Final dog dataset\relaxed\5859344011_e30ea2a0ff_b.jpg,relaxed
C:\Users\nihar\Documents\ML Projects\Deep Learning Projects\Dog Emotion Detection\Final dog dataset\Final dog dataset\relaxed\4600709036_34508992e4_b.jpg,relaxed
C:\Users\nihar\Documents\ML Projects\Deep Learning Projects\Dog Emotion Detection\Final dog dataset\Final dog dataset\happy\6535663277_026083ca5e_b.jpg,happy
C:\Users\nihar\Documents\ML Projects\Deep Learning Projects\Dog Emotion Detection\Final dog dataset\Final dog dataset\happy\6003738147_ce55a60e45_b.jpg,happy
C:\Users\nihar\Documents\ML Projects\Deep Learning Projects\Dog Emotion Detection\Final dog dataset\Final dog dataset\relaxed\7055607321_dea960d79a_b.jpg,relaxed
C:\Users\nihar\Documents\ML Projects\Deep Learning Projects\Dog Emotion Detection\Final dog dataset\Final dog dataset\happy\c2GLwq4h1NhJjzsIkvx5x3gmVN69a4162.jpg,happy
C:\Users\nihar\Documents\ML Projects\Deep Learning Projects\Dog Emotion Detection\Final dog dataset\Final dog dataset\relaxed\423437219_0338fc1e18_b.jpg,relaxed
C:\Users\nihar\Documents\ML Projects\Deep Learning Projects\Dog Emotion Detection\Final dog dataset\Final dog dataset\relaxed\32668164227_8c46474b31_b.jpg,relaxed
C:\Users\nihar\Documents\ML Projects\Deep Learning Projects\Dog Emotion Detection\Final dog dataset\Final dog dataset\relaxed\5430082422_c7ffd02eac_b.jpg,relaxed
C:\Users\nihar\Documents\ML Projects\Deep Learning Projects\Dog Emotion Detection\Final dog dataset\Final dog dataset\sad\OWRUNc7mmqiX7zv3IIaJzwxlGalS6a273.jpg,sad
C:\Users\nihar\Documents\ML Projects\Deep Learning Projects\Dog Emotion Detection\Final dog dataset\Final dog dataset\happy\5714067614_95d6bd90d3_b.jpg,happy
C:\Users\nihar\Documents\ML Projects\Deep Learning Projects\Dog Emotion Detection\Final dog dataset\Final dog dataset\sad\fbvq3GLEzh25g3bvyZa3cFURHGOVbd783.jpg,sad
C:\Users\nihar\Documents\ML Projects\Deep Learning Projects\Dog Emotion Detection\Final dog dataset\Final dog dataset\relaxed\4441839898_164aa9276d_b.jpg,relaxed
C:\Users\nihar\Documents\ML Projects\Deep Learning Projects\Dog Emotion Detection\Final dog dataset\Final dog dataset\angry\YOl3FW5SRUiKGNQx6javZP4CoPowCv853.jpg,angry
C:\Users\nihar\Documents\ML Projects\Deep Learning Projects\Dog Emotion Detection\Final dog dataset\Final dog dataset\happy\9077245995_f1913c96a4_b.jpg,happy
C:\Users\nihar\Documents\ML Projects\Deep Learning Projects\Dog Emotion Detection\Final dog dataset\Final dog dataset\angry\D4ZPP69eb6l0lFvNU5k5C4DffDzEsA786.jpg,angry
C:\Users\nihar\Documents\ML Projects\Deep Learning Projects\Dog Emotion Detection\Final dog dataset\Final dog dataset\happy\8302379552_569f6d5aba_b.jpg,happy
C:\Users\nihar\Documents\ML Projects\Deep Learning Projects\Dog Emotion Detection\Final dog dataset\Final dog dataset\relaxed\34934572620_930ed473ef_b.jpg,relaxed
C:\Users\nihar\Documents\ML Projects\Deep Learning Projects\Dog Emotion Detection\Final dog dataset\Final dog dataset\happy\6109254255_cb392c38e0_b.jpg,happy
C:\Users\nihar\Documents\ML Projects\Deep Learning Projects\Dog Emotion Detection\Final dog dataset\Final dog dataset\relaxed\6508707839_8805c0bc9c_b.jpg,relaxed
C:\Users\nihar\Documents\ML Projects\Deep Learning Projects\Dog Emotion Detection\Final dog dataset\Final dog dataset\sad\dRjCt9RqkwxpvNnUFEdTBrlYYAUng2593.jpg,sad
C:\Users\nihar\Documents\ML Projects\Deep Learning Projects\Dog Emotion Detection\Final dog dataset\Final dog dataset\angry\AL78UMzeeCSRUYbLJlNS7Eb8ElRzM6236.jpg,angry
C:\Users\nihar\Documents\ML Projects\Deep Learning Projects\Dog Emotion Detection\Final dog dataset\Final dog dataset\relaxed\4435391812_b940f745e0_b.jpg,relaxed
C:\Users\nihar\Documents\ML Projects\Deep Learning Projects\Dog Emotion Detection\Final dog dataset\Final dog dataset\happy\eEYvEMaGrXjsG8vvIEwiTUheSdNYEc855.jpg,happy
C:\Users\nihar\Documents\ML Projects\Deep Learning Projects\Dog Emotion Detection\Final dog dataset\Final dog dataset\angry\dR6NChdxyB1qX6TRQ9TJtrj9TbzEAH972.jpg,angry
C:\Users\nihar\Documents\ML Projects\Deep Learning Projects\Dog Emotion Detection\Final dog dataset\Final dog dataset\happy\cifO8UoDG6Fjk52zWyifYgnAXfHkcu497.jpg,happy
C:\Users\nihar\Documents\ML Projects\Deep Learning Projects\Dog Emotion Detection\Final dog dataset\Final dog dataset\relaxed\4926330486_f47107c696_b.jpg,relaxed
C:\Users\nihar\Documents\ML Projects\Deep Learning Projects\Dog Emotion Detection\Final dog dataset\Final dog dataset\sad\dNrgj6LhQiyZ5nKhz4EffNyAXfP9xc33.jpg,sad
C:\Users\nihar\Documents\ML Projects\Deep Learning Projects\Dog Emotion Detection\Final dog dataset\Final dog dataset\angry\zxiNdvt5dZ7dcvtxNcNeP7VHuPdQfk270.jpg,angry
C:\Users\nihar\Documents\ML Projects\Deep Learning Projects\Dog Emotion Detection\Final dog dataset\Final dog dataset\happy\kGy0ernpItU63NZiFPin4uMxghvcl1494.jpg,happy
C:\Users\nihar\Documents\ML Projects\Deep Learning Projects\Dog Emotion Detection\Final dog dataset\Final dog dataset\relaxed\4475256458_077d44072d_b.jpg,relaxed
C:\Users\nihar\Documents\ML Projects\Deep Learning Projects\Dog Emotion Detection\Final dog dataset\Final dog dataset\relaxed\8244995390_14b246de1f_b.jpg,relaxed
C:\Users\nihar\Documents\ML Projects\Deep Learning Projects\Dog Emotion Detection\Final dog dataset\Final dog dataset\happy\h2LqpxMgAYxpTqRlMTaJ7u6UjTIyuX359.jpg,happy
C:\Users\nihar\Documents\ML Projects\Deep Learning Projects\Dog Emotion Detection\Final dog dataset\Final dog dataset\happy\9372191098_f69ff34602_b.jpg,happy
C:\Users\nihar\Documents\ML Projects\Deep Learning Projects\Dog Emotion Detection\Final dog dataset\Final dog dataset\relaxed\40922256382_ae86e45e0f_b.jpg,relaxed
C:\Users\nihar\Documents\ML Projects\Deep Learning Projects\Dog Emotion Detection\Final dog dataset\Final dog dataset\relaxed\40903072444_0267f8855c_b.jpg,relaxed
C:\Users\nihar\Documents\ML Projects\Deep Learning Projects\Dog Emotion Detection\Final dog dataset\Final dog dataset\happy\5Khw3BCIXIlpcpQlqHmqRy89mnppgD444.jpg,happy
C:\Users\nihar\Documents\ML Projects\Deep Learning Projects\Dog Emotion Detection\Final dog dataset\Final dog dataset\sad\ABxDTJq0c7TtEtjsh9BnpFKfpWNYPA204.jpg,sad
C:\Users\nihar\Documents\ML Projects\Deep Learning Projects\Dog Emotion Detection\Final dog dataset\Final dog dataset\happy\hPu9e1qOm26iDH8fGjomLlOWkqC8dl53.jpg,happy
C:\Users\nihar\Documents\ML Projects\Deep Learning Projects\Dog Emotion Detection\Final dog dataset\Final dog dataset\happy\6329638674_d5a93640a8_b.jpg,happy
C:\Users\nihar\Documents\ML Projects\Deep Learning Projects\Dog Emotion Detection\Final dog dataset\Final dog dataset\angry\OI1K00n3xqThGJUkGs2cI4LgqEKeQk766.jpg,angry
C:\Users\nihar\Documents\ML Projects\Deep Learning Projects\Dog Emotion Detection\Final dog dataset\Final dog dataset\angry\Rf3Hf41OGrZZRAdTxM6SLkWlLRe3kh356.jpg,angry
C:\Users\nihar\Documents\ML Projects\Deep Learning Projects\Dog Emotion Detection\Final dog dataset\Final dog dataset\angry\2RjDxA7ONK70VKnqz74UtaJ4iAzwL5427.jpg,angry
C:\Users\nihar\Documents\ML Projects\Deep Learning Projects\Dog Emotion Detection\Final dog dataset\Final dog dataset\happy\KSaJ1nRGBGPLHHMdufVpW0yp7GmBs3146.jpg,happy
C:\Users\nihar\Documents\ML Projects\Deep Learning Projects\Dog Emotion Detection\Final dog dataset\Final dog dataset\relaxed\4935124267_ae622988a0_b.jpg,relaxed
C:\Users\nihar\Documents\ML Projects\Deep Learning Projects\Dog Emotion Detection\Final dog dataset\Final dog dataset\happy\d7fgJbRRyJ0irKVIibVbRM1xfbGELS642.jpg,happy
C:\Users\nihar\Documents\ML Projects\Deep Learning Projects\Dog Emotion Detection\Final dog dataset\Final dog dataset\sad\d7J63Jmyf4lZYJtYQNOXO0qo9cRi7z892.jpg,sad
C:\Users\nihar\Documents\ML Projects\Deep Learning Projects\Dog Emotion Detection\Final dog dataset\Final dog dataset\angry\dk0okv368rfRnvwKxnjaVGyDh5J9wJ761.jpg,angry
C:\Users\nihar\Documents\ML Projects\Deep Learning Projects\Dog Emotion Detection\Final dog dataset\Final dog dataset\happy\6076967720_5d0706e8fe_b.jpg,happy
C:\Users\nihar\Documents\ML Projects\Deep Learning Projects\Dog Emotion Detection\Final dog dataset\Final dog dataset\happy\7503265890_65aba35fe2_b.jpg,happy
C:\Users\nihar\Documents\ML Projects\Deep Learning Projects\Dog Emotion Detection\Final dog dataset\Final dog dataset\happy\9008501328_a5a823873c_b.jpg,happy
C:\Users\nihar\Documents\ML Projects\Deep Learning Projects\Dog Emotion Detection\Final dog dataset\Final dog dataset\sad\8745456008_68eaf6dbe9_b.jpg,sad
C:\Users\nihar\Documents\ML Projects\Deep Learning Projects\Dog Emotion Detection\Final dog dataset\Final dog dataset\sad\OXaNOhIpBrEjZp4rVMkVbHh7aL6rZQ596.jpg,sad
C:\Users\nihar\Documents\ML Projects\Deep Learning Projects\Dog Emotion Detection\Final dog dataset\Final dog dataset\happy\8496408816_97f40970a2_b.jpg,happy
C:\Users\nihar\Documents\ML Projects\Deep Learning Projects\Dog Emotion Detection\Final dog dataset\Final dog dataset\angry\e6Fj4l7ceTmH4z0adS7jQSezSsvci5372.jpg,angry
C:\Users\nihar\Documents\ML Projects\Deep Learning Projects\Dog Emotion Detection\Final dog dataset\Final dog dataset\happy\8FUPvxuBkp4CBStnRel2D0rxMzTpoE889.jpg,happy
C:\Users\nihar\Documents\ML Projects\Deep Learning Projects\Dog Emotion Detection\Final dog dataset\Final dog dataset\relaxed\41733430620_2a057da93f_b.jpg,relaxed
C:\Users\nihar\Documents\ML Projects\Deep Learning Projects\Dog Emotion Detection\Final dog dataset\Final dog dataset\relaxed\7253955970_13486ff696_b.jpg,relaxed
C:\Users\nihar\Documents\ML Projects\Deep Learning Projects\Dog Emotion Detection\Final dog dataset\Final dog dataset\sad\tiSZkfaOKr9CBQCg4NZukxvTPXSaaJ234.jpg,sad
C:\Users\nihar\Documents\ML Projects\Deep Learning Projects\Dog Emotion Detection\Final dog dataset\Final dog dataset\angry\Wm3x346QYJXRg7cw8SaiVzZlP8y19D731.jpg,angry
C:\Users\nihar\Documents\ML Projects\Deep Learning Projects\Dog Emotion Detection\Final dog dataset\Final dog dataset\sad\KWiIf0s9r9b6SQAqOeTyUL3YCg1oDn483.jpg,sad
C:\Users\nihar\Documents\ML Projects\Deep Learning Projects\Dog Emotion Detection\Final dog dataset\Final dog dataset\relaxed\34620270371_d91c208500_b.jpg,relaxed
C:\Users\nihar\Documents\ML Projects\Deep Learning Projects\Dog Emotion Detection\Final dog dataset\Final dog dataset\sad\vbYCFnsQqu3WkAbNy67m9BdSMGBeNm832.jpg,sad
C:\Users\nihar\Documents\ML Projects\Deep Learning Projects\Dog Emotion Detection\Final dog dataset\Final dog dataset\happy\8NlPrDlTPV2ioaAEUdC3RErfcpj0cW261.jpg,happy
C:\Users\nihar\Documents\ML Projects\Deep Learning Projects\Dog Emotion Detection\Final dog dataset\Final dog dataset\angry\GqeyI8TbTmKmon3wDDAqMsGsLW8GUv777.jpg,angry
C:\Users\nihar\Documents\ML Projects\Deep Learning Projects\Dog Emotion Detection\Final dog dataset\Final dog dataset\relaxed\5924163730_9f9c3cc293_b.jpg,relaxed
C:\Users\nihar\Documents\ML Projects\Deep Learning Projects\Dog Emotion Detection\Final dog dataset\Final dog dataset\angry\txCMEXG9AJDpPcVvOP5UXLlG927EVa348.jpg,angry
C:\Users\nihar\Documents\ML Projects\Deep Learning Projects\Dog Emotion Detection\Final dog dataset\Final dog dataset\happy\GbBmswnlDc1Rhms2qIfELAgHMnb7Zt109.jpg,happy
C:\Users\nihar\Documents\ML Projects\Deep Learning Projects\Dog Emotion Detection\Final dog dataset\Final dog dataset\angry\lNH6KBtfXoKVdXmSGse5LrynHUeojd121.jpg,angry
C:\Users\nihar\Documents\ML Projects\Deep Learning Projects\Dog Emotion Detection\Final dog dataset\Final dog dataset\happy\9709327685_42590a0cdf_b.jpg,happy
C:\Users\nihar\Documents\ML Projects\Deep Learning Projects\Dog Emotion Detection\Final dog dataset\Final dog dataset\sad\LG2SaJzEIEsCuwEXaUdV2s6sQN2GVh837.jpg,sad
C:\Users\nihar\Documents\ML Projects\Deep Learning Projects\Dog Emotion Detection\Final dog dataset\Final dog dataset\sad\n4T2dEopJ6QuEKOY8OWsddGiUqFiRv710.jpg,sad
C:\Users\nihar\Documents\ML Projects\Deep Learning Projects\Dog Emotion Detection\Final dog dataset\Final dog dataset\angry\v853Q93ZHkJDOtDg4dcnbv2sZrgjmA379.jpg,angry
C:\Users\nihar\Documents\ML Projects\Deep Learning Projects\Dog Emotion Detection\Final dog dataset\Final dog dataset\sad\HflJNlXT8DZIIHjtT7DfXS8GHslivZ774.jpg,sad
C:\Users\nihar\Documents\ML Projects\Deep Learning Projects\Dog Emotion Detection\Final dog dataset\Final dog dataset\sad\8MkrcWFIxrdTFeRxiUHeSfm5KOJp3M470.jpg,sad
C:\Users\nihar\Documents\ML Projects\Deep Learning Projects\Dog Emotion Detection\Final dog dataset\Final dog dataset\relaxed\6654415821_08619e1d2c_b.jpg,relaxed
C:\Users\nihar\Documents\ML Projects\Deep Learning Projects\Dog Emotion Detection\Final dog dataset\Final dog dataset\sad\ATpwWSngW2sa9bYuf84sjaWgU4z9CX443.jpg,sad
C:\Users\nihar\Documents\ML Projects\Deep Learning Projects\Dog Emotion Detection\Final dog dataset\Final dog dataset\relaxed\3468945755_6a26243e0c_b.jpg,relaxed
C:\Users\nihar\Documents\ML Projects\Deep Learning Projects\Dog Emotion Detection\Final dog dataset\Final dog dataset\relaxed\5460725349_910b74b581_b.jpg,relaxed
C:\Users\nihar\Documents\ML Projects\Deep Learning Projects\Dog Emotion Detection\Final dog dataset\Final dog dataset\happy\BC0o9JCtVRkPYSmVY4qMzWNdm4gzUA657.jpg,happy
C:\Users\nihar\Documents\ML Projects\Deep Learning Projects\Dog Emotion Detection\Final dog dataset\Final dog dataset\sad\bLLBvoB8eAChE3ApFjwye203mcjy6i685.jpg,sad
C:\Users\nihar\Documents\ML Projects\Deep Learning Projects\Dog Emotion Detection\Final dog dataset\Final dog dataset\sad\GpWHumQbuYyWTToqHxiOidYz9QK74O626.jpg,sad
C:\Users\nihar\Documents\ML Projects\Deep Learning Projects\Dog Emotion Detection\Final dog dataset\Final dog dataset\relaxed\8221600915_9806873931_b.jpg,relaxed
C:\Users\nihar\Documents\ML Projects\Deep Learning Projects\Dog Emotion Detection\Final dog dataset\Final dog dataset\happy\cTBvM7kl1Af456hQ4QHE4DMdIW7mTI707.jpg,happy
C:\Users\nihar\Documents\ML Projects\Deep Learning Projects\Dog Emotion Detection\Final dog dataset\Final dog dataset\happy\6T2fnPmcsHNtpYM4OFBZLh0vQdPkfG815.jpg,happy
C:\Users\nihar\Documents\ML Projects\Deep Learning Projects\Dog Emotion Detection\Final dog dataset\Final dog dataset\relaxed\38968382211_f279820677_b.jpg,relaxed
C:\Users\nihar\Documents\ML Projects\Deep Learning Projects\Dog Emotion Detection\Final dog dataset\Final dog dataset\happy\6084787268_c9c87c3050_b.jpg,happy
C:\Users\nihar\Documents\ML Projects\Deep Learning Projects\Dog Emotion Detection\Final dog dataset\Final dog dataset\angry\poDJBOYIFBMf2ASOZAKkagClMSksI7624.jpg,angry
C:\Users\nihar\Documents\ML Projects\Deep Learning Projects\Dog Emotion Detection\Final dog dataset\Final dog dataset\angry\GVD9hDbdh1yzxH8ahuwCtM0lVO5Fub505.jpg,angry
C:\Users\nihar\Documents\ML Projects\Deep Learning Projects\Dog Emotion Detection\Final dog dataset\Final dog dataset\happy\EhrplNgr7xxrMLCl36Sx9ebIg16bno621.jpg,happy
C:\Users\nihar\Documents\ML Projects\Deep Learning Projects\Dog Emotion Detection\Final dog dataset\Final dog dataset\relaxed\5792383808_3bef51b34e_b.jpg,relaxed
C:\Users\nihar\Documents\ML Projects\Deep Learning Projects\Dog Emotion Detection\Final dog dataset\Final dog dataset\relaxed\3510549692_0a10d5a3f6_b.jpg,relaxed
C:\Users\nihar\Documents\ML Projects\Deep Learning Projects\Dog Emotion Detection\Final dog dataset\Final dog dataset\happy\3CZjxXu89ghmUtDObskJxmtz3D3owi28.jpg,happy
C:\Users\nihar\Documents\ML Projects\Deep Learning Projects\Dog Emotion Detection\Final dog dataset\Final dog dataset\happy\8339965128_2d8ef1176e_b.jpg,happy
C:\Users\nihar\Documents\ML Projects\Deep Learning Projects\Dog Emotion Detection\Final dog dataset\Final dog dataset\sad\hwCcG83RSXWQSIyoNHDvjn53aUQYrv789.jpg,sad
C:\Users\nihar\Documents\ML Projects\Deep Learning Projects\Dog Emotion Detection\Final dog dataset\Final dog dataset\happy\hs0DQWUvgCZcDqlPubG1VkKiuucKEc138.jpg,happy
C:\Users\nihar\Documents\ML Projects\Deep Learning Projects\Dog Emotion Detection\Final dog dataset\Final dog dataset\angry\z7GGcy9hbOuFG3lBoiDFhUyCoEqOfn916.jpg,angry
C:\Users\nihar\Documents\ML Projects\Deep Learning Projects\Dog Emotion Detection\Final dog dataset\Final dog dataset\relaxed\5468760198_062f609f02_b.jpg,relaxed
C:\Users\nihar\Documents\ML Projects\Deep Learning Projects\Dog Emotion Detection\Final dog dataset\Final dog dataset\angry\pX1RhsToZ8NJA5NkTedjmqJwGmKJ8U265.jpg,angry
C:\Users\nihar\Documents\ML Projects\Deep Learning Projects\Dog Emotion Detection\Final dog dataset\Final dog dataset\relaxed\5372112049_3630cfd4ac_b.jpg,relaxed
C:\Users\nihar\Documents\ML Projects\Deep Learning Projects\Dog Emotion Detection\Final dog dataset\Final dog dataset\angry\KGmCspR3iPvWUPkoJZ85Qc1AUKjUJO931.jpg,angry
C:\Users\nihar\Documents\ML Projects\Deep Learning Projects\Dog Emotion Detection\Final dog dataset\Final dog dataset\angry\pG7yvNwIQ9d00x0iYdLV7QWJxHpmMa94.jpg,angry
C:\Users\nihar\Documents\ML Projects\Deep Learning Projects\Dog Emotion Detection\Final dog dataset\Final dog dataset\relaxed\3532682821_775eec53b4_b.jpg,relaxed
C:\Users\nihar\Documents\ML Projects\Deep Learning Projects\Dog Emotion Detection\Final dog dataset\Final dog dataset\sad\V04anT6PDq0Dafh4vf0O5gzKt2uB1x885.jpg,sad
C:\Users\nihar\Documents\ML Projects\Deep Learning Projects\Dog Emotion Detection\Final dog dataset\Final dog dataset\relaxed\38875382932_65056883d9_b.jpg,relaxed
C:\Users\nihar\Documents\ML Projects\Deep Learning Projects\Dog Emotion Detection\Final dog dataset\Final dog dataset\sad\DzH5K87eLPs2ifjOn60Hw7uvOE74pf237.jpg,sad
C:\Users\nihar\Documents\ML Projects\Deep Learning Projects\Dog Emotion Detection\Final dog dataset\Final dog dataset\relaxed\6938520685_30e6ac9401_b.jpg,relaxed
C:\Users\nihar\Documents\ML Projects\Deep Learning Projects\Dog Emotion Detection\Final dog dataset\Final dog dataset\sad\Gh2i9ZpjyMGV4gNqY1aJGJeVhEJFvr714.jpg,sad
C:\Users\nihar\Documents\ML Projects\Deep Learning Projects\Dog Emotion Detection\Final dog dataset\Final dog dataset\happy\8680835965_382c675609_b.jpg,happy
C:\Users\nihar\Documents\ML Projects\Deep Learning Projects\Dog Emotion Detection\Final dog dataset\Final dog dataset\happy\9GiRnqjYQYUqCZV2Z8hLxvDd4SB2rt557.jpg,happy
C:\Users\nihar\Documents\ML Projects\Deep Learning Projects\Dog Emotion Detection\Final dog dataset\Final dog dataset\relaxed\8208234725_bcf8663d72_b.jpg,relaxed
C:\Users\nihar\Documents\ML Projects\Deep Learning Projects\Dog Emotion Detection\Final dog dataset\Final dog dataset\angry\7kWP5u00lVvvZINm5t630K9jKwfWBd297.jpg,angry
C:\Users\nihar\Documents\ML Projects\Deep Learning Projects\Dog Emotion Detection\Final dog dataset\Final dog dataset\happy\8951924168_6f485fcd18_b.jpg,happy
C:\Users\nihar\Documents\ML Projects\Deep Learning Projects\Dog Emotion Detection\Final dog dataset\Final dog dataset\angry\h3vKWZQQPMJZbYL12ELkpPBtXSbWrj507.jpg,angry
C:\Users\nihar\Documents\ML Projects\Deep Learning Projects\Dog Emotion Detection\Final dog dataset\Final dog dataset\happy\6830780140_15a1e70a2b_b.jpg,happy
C:\Users\nihar\Documents\ML Projects\Deep Learning Projects\Dog Emotion Detection\Final dog dataset\Final dog dataset\angry\Pc5AohHUEIkregOyzkybgJ9uLUifvJ800.jpg,angry
C:\Users\nihar\Documents\ML Projects\Deep Learning Projects\Dog Emotion Detection\Final dog dataset\Final dog dataset\happy\9671858165_1b1ca618ea_b.jpg,happy
C:\Users\nihar\Documents\ML Projects\Deep Learning Projects\Dog Emotion Detection\Final dog dataset\Final dog dataset\happy\ayvJSC1qIa1wfYigEZCZ3db1HXye7T640.jpg,happy
C:\Users\nihar\Documents\ML Projects\Deep Learning Projects\Dog Emotion Detection\Final dog dataset\Final dog dataset\relaxed\46922435984_9f1f2e7dfc_b.jpg,relaxed
C:\Users\nihar\Documents\ML Projects\Deep Learning Projects\Dog Emotion Detection\Final dog dataset\Final dog dataset\sad\qNWpU3UGh9XzdKft6RP7kvLpgLx8KA221.jpg,sad
C:\Users\nihar\Documents\ML Projects\Deep Learning Projects\Dog Emotion Detection\Final dog dataset\Final dog dataset\sad\qqWMJbvabqKT2n0NNQQ3Vwg4Xr4LHm887.jpg,sad
C:\Users\nihar\Documents\ML Projects\Deep Learning Projects\Dog Emotion Detection\Final dog dataset\Final dog dataset\sad\SbhJgwOtLKkcO9UrCCaQW7lnbn6Zqu349.jpg,sad
C:\Users\nihar\Documents\ML Projects\Deep Learning Projects\Dog Emotion Detection\Final dog dataset\Final dog dataset\angry\3GT6pXffwN7eYLwLaUpmzDZjoH5Axs335.jpg,angry
C:\Users\nihar\Documents\ML Projects\Deep Learning Projects\Dog Emotion Detection\Final dog dataset\Final dog dataset\sad\dIVt5TEh5hcbVmFCt7FGXZrl2YOE9R77.jpg,sad
C:\Users\nihar\Documents\ML Projects\Deep Learning Projects\Dog Emotion Detection\Final dog dataset\Final dog dataset\relaxed\34679619673_de326ffce5_b.jpg,relaxed
C:\Users\nihar\Documents\ML Projects\Deep Learning Projects\Dog Emotion Detection\Final dog dataset\Final dog dataset\relaxed\8731567054_545b92d05a_b.jpg,relaxed
C:\Users\nihar\Documents\ML Projects\Deep Learning Projects\Dog Emotion Detection\Final dog dataset\Final dog dataset\happy\6950217266_f0f058aecc_b.jpg,happy
C:\Users\nihar\Documents\ML Projects\Deep Learning Projects\Dog Emotion Detection\Final dog dataset\Final dog dataset\sad\Enn1DV5k7n3OFJPGacx9M7yVsscteF904.jpg,sad
C:\Users\nihar\Documents\ML Projects\Deep Learning Projects\Dog Emotion Detection\Final dog dataset\Final dog dataset\relaxed\5509871823_280aa4658f_b.jpg,relaxed
C:\Users\nihar\Documents\ML Projects\Deep Learning Projects\Dog Emotion Detection\Final dog dataset\Final dog dataset\relaxed\4656033707_9187b52069_b.jpg,relaxed
C:\Users\nihar\Documents\ML Projects\Deep Learning Projects\Dog Emotion Detection\Final dog dataset\Final dog dataset\relaxed\9421889582_514f190ff2_b.jpg,relaxed
C:\Users\nihar\Documents\ML Projects\Deep Learning Projects\Dog Emotion Detection\Final dog dataset\Final dog dataset\relaxed\5453198777_184834bf56_b.jpg,relaxed
C:\Users\nihar\Documents\ML Projects\Deep Learning Projects\Dog Emotion Detection\Final dog dataset\Final dog dataset\relaxed\7495476382_f577aeb070_b.jpg,relaxed
C:\Users\nihar\Documents\ML Projects\Deep Learning Projects\Dog Emotion Detection\Final dog dataset\Final dog dataset\relaxed\45501294_8f655a36f4_b.jpg,relaxed
C:\Users\nihar\Documents\ML Projects\Deep Learning Projects\Dog Emotion Detection\Final dog dataset\Final dog dataset\angry\nKBtjgEeB8dbu0XOEVPdpF9e7kTdD8976.jpg,angry
C:\Users\nihar\Documents\ML Projects\Deep Learning Projects\Dog Emotion Detection\Final dog dataset\Final dog dataset\angry\sNNvsW5j0F652gMXygZrAuXaXazmnW416.jpg,angry
C:\Users\nihar\Documents\ML Projects\Deep Learning Projects\Dog Emotion Detection\Final dog dataset\Final dog dataset\happy\Ko9cyqpJcq6aTANDN8Zm4MzyIErhxA161.jpg,happy
C:\Users\nihar\Documents\ML Projects\Deep Learning Projects\Dog Emotion Detection\Final dog dataset\Final dog dataset\angry\JMFMprLadwwKyjaJzl3rV52fJG2xdH66.jpg,angry
C:\Users\nihar\Documents\ML Projects\Deep Learning Projects\Dog Emotion Detection\Final dog dataset\Final dog dataset\happy\5QO8xWtfOp5Rd3Orw4zhVlYwmitSdd345.jpg,happy
C:\Users\nihar\Documents\ML Projects\Deep Learning Projects\Dog Emotion Detection\Final dog dataset\Final dog dataset\happy\7NSSgAcvAxnMlyCj6ZbtAdfLvEuBAW991.jpg,happy
C:\Users\nihar\Documents\ML Projects\Deep Learning Projects\Dog Emotion Detection\Final dog dataset\Final dog dataset\angry\qKWyQgUo49ISj1oyIxS6TgJ4RBScwX144.jpg,angry
C:\Users\nihar\Documents\ML Projects\Deep Learning Projects\Dog Emotion Detection\Final dog dataset\Final dog dataset\angry\4FGpaJWiQBdgYbPWU1zXipHpjV6BPP828.jpeg,angry
C:\Users\nihar\Documents\ML Projects\Deep Learning Projects\Dog Emotion Detection\Final dog dataset\Final dog dataset\relaxed\33287617366_d897be3c11_b.jpg,relaxed
C:\Users\nihar\Documents\ML Projects\Deep Learning Projects\Dog Emotion Detection\Final dog dataset\Final dog dataset\happy\g0hZvbqwN9ghMLG7ra7Hq32rqZwxLi233.jpg,happy
C:\Users\nihar\Documents\ML Projects\Deep Learning Projects\Dog Emotion Detection\Final dog dataset\Final dog dataset\happy\jRxBjb0oDEBgegSc4WfyXBsLg6POif688.jpg,happy
C:\Users\nihar\Documents\ML Projects\Deep Learning Projects\Dog Emotion Detection\Final dog dataset\Final dog dataset\happy\4SYmdmsqb3SuypGGtXWJGMsEjbeXWO954.jpg,happy
C:\Users\nihar\Documents\ML Projects\Deep Learning Projects\Dog Emotion Detection\Final dog dataset\Final dog dataset\angry\PiXs0Xre5q9yN1iUTd6KLdsn6UAiTC371.jpg,angry
C:\Users\nihar\Documents\ML Projects\Deep Learning Projects\Dog Emotion Detection\Final dog dataset\Final dog dataset\sad\OkMpUSGqwdf8Q3biVWb6CKqqkkegcv161.jpg,sad
C:\Users\nihar\Documents\ML Projects\Deep Learning Projects\Dog Emotion Detection\Final dog dataset\Final dog dataset\relaxed\3377209437_5b821a0cd4_b.jpg,relaxed
C:\Users\nihar\Documents\ML Projects\Deep Learning Projects\Dog Emotion Detection\Final dog dataset\Final dog dataset\angry\n6yQLFcmhL2WNMDHvy5K6EwYKopGNr618.jpg,angry
C:\Users\nihar\Documents\ML Projects\Deep Learning Projects\Dog Emotion Detection\Final dog dataset\Final dog dataset\relaxed\33488465573_8b597c72b1_b.jpg,relaxed
C:\Users\nihar\Documents\ML Projects\Deep Learning Projects\Dog Emotion Detection\Final dog dataset\Final dog dataset\happy\gDeVe7zmYi9ZqWIqk4t7Ms8hzXps5r440.jpg,happy
C:\Users\nihar\Documents\ML Projects\Deep Learning Projects\Dog Emotion Detection\Final dog dataset\Final dog dataset\sad\mcQeoaiVyTChor7K16OQmg6ZB9RZ6E679.jpg,sad
C:\Users\nihar\Documents\ML Projects\Deep Learning Projects\Dog Emotion Detection\Final dog dataset\Final dog dataset\relaxed\42641558242_f9a4c62e15_b.jpg,relaxed
C:\Users\nihar\Documents\ML Projects\Deep Learning Projects\Dog Emotion Detection\Final dog dataset\Final dog dataset\relaxed\7996013236_e94ab28dbf_b.jpg,relaxed
C:\Users\nihar\Documents\ML Projects\Deep Learning Projects\Dog Emotion Detection\Final dog dataset\Final dog dataset\happy\4FylXoembvN1aBqwWEJbtPXokUmpY5534.jpg,happy
C:\Users\nihar\Documents\ML Projects\Deep Learning Projects\Dog Emotion Detection\Final dog dataset\Final dog dataset\sad\VJQgQd7TaMZRyXyfCLSsC2ektV8lQ4283.jpg,sad
C:\Users\nihar\Documents\ML Projects\Deep Learning Projects\Dog Emotion Detection\Final dog dataset\Final dog dataset\relaxed\32687600491_e4277744f2_b.jpg,relaxed
C:\Users\nihar\Documents\ML Projects\Deep Learning Projects\Dog Emotion Detection\Final dog dataset\Final dog dataset\relaxed\7571713454_f8bc6e317f_b.jpg,relaxed
C:\Users\nihar\Documents\ML Projects\Deep Learning Projects\Dog Emotion Detection\Final dog dataset\Final dog dataset\happy\8137144683_9071584fd1_b.jpg,happy
C:\Users\nihar\Documents\ML Projects\Deep Learning Projects\Dog Emotion Detection\Final dog dataset\Final dog dataset\sad\Omc3MOqX05zXwFS4HU0nITxWeArwar180.jpg,sad
C:\Users\nihar\Documents\ML Projects\Deep Learning Projects\Dog Emotion Detection\Final dog dataset\Final dog dataset\sad\ahSUgzGRZ50wAObVbskG27fcQETcre339.jpg,sad
C:\Users\nihar\Documents\ML Projects\Deep Learning Projects\Dog Emotion Detection\Final dog dataset\Final dog dataset\sad\ZbmsQP0SNk8zXI9kpxXB6BVSP2QQKd526.jpg,sad
C:\Users\nihar\Documents\ML Projects\Deep Learning Projects\Dog Emotion Detection\Final dog dataset\Final dog dataset\relaxed\542990276_519b1f5cea_b.jpg,relaxed
C:\Users\nihar\Documents\ML Projects\Deep Learning Projects\Dog Emotion Detection\Final dog dataset\Final dog dataset\sad\eiLbdea0jzhrXd0YVPPrt3Sl0njXcz515.jpg,sad
C:\Users\nihar\Documents\ML Projects\Deep Learning Projects\Dog Emotion Detection\Final dog dataset\Final dog dataset\angry\Ke6xejmrcvHlfaWTr4vYrafOxhNcRL100.jpg,angry
C:\Users\nihar\Documents\ML Projects\Deep Learning Projects\Dog Emotion Detection\Final dog dataset\Final dog dataset\angry\M8rIc4ro3FPs5ZoOZgKhDdFwP6aXVm856.jpg,angry
C:\Users\nihar\Documents\ML Projects\Deep Learning Projects\Dog Emotion Detection\Final dog dataset\Final dog dataset\happy\5zvZD8R4OlbUjz3ZotAQkgG6s7b7St607.jpg,happy
C:\Users\nihar\Documents\ML Projects\Deep Learning Projects\Dog Emotion Detection\Final dog dataset\Final dog dataset\angry\oDP4iPJDCJh8VD5Hid92IFDM8C5aw8340.jpg,angry
C:\Users\nihar\Documents\ML Projects\Deep Learning Projects\Dog Emotion Detection\Final dog dataset\Final dog dataset\sad\7GypEsQg8y1mePNihZraRbcz66iUEi970.jpg,sad
C:\Users\nihar\Documents\ML Projects\Deep Learning Projects\Dog Emotion Detection\Final dog dataset\Final dog dataset\angry\qn2MdIgjuGUSO0m45yW6zVxmWDyPVH286.jpg,angry
C:\Users\nihar\Documents\ML Projects\Deep Learning Projects\Dog Emotion Detection\Final dog dataset\Final dog dataset\happy\9554462972_decae50ac9_b.jpg,happy
C:\Users\nihar\Documents\ML Projects\Deep Learning Projects\Dog Emotion Detection\Final dog dataset\Final dog dataset\sad\nvMgoGOf8UMvERBnFSatFO1FWrykAA112.jpg,sad
C:\Users\nihar\Documents\ML Projects\Deep Learning Projects\Dog Emotion Detection\Final dog dataset\Final dog dataset\sad\XeGbmxP0vNYAuz4JXc46rElqjlb90G851.jpg,sad
C:\Users\nihar\Documents\ML Projects\Deep Learning Projects\Dog Emotion Detection\Final dog dataset\Final dog dataset\relaxed\46269302054_8cd2e98434_b.jpg,relaxed
C:\Users\nihar\Documents\ML Projects\Deep Learning Projects\Dog Emotion Detection\Final dog dataset\Final dog dataset\sad\ve6FdNwm1BcjQT3a9aPEUtYko0hOyn356.jpg,sad
C:\Users\nihar\Documents\ML Projects\Deep Learning Projects\Dog Emotion Detection\Final dog dataset\Final dog dataset\relaxed\32973472922_f22272eba6_b.jpg,relaxed
C:\Users\nihar\Documents\ML Projects\Deep Learning Projects\Dog Emotion Detection\Final dog dataset\Final dog dataset\happy\8629936924_357031ec20_b.jpg,happy
C:\Users\nihar\Documents\ML Projects\Deep Learning Projects\Dog Emotion Detection\Final dog dataset\Final dog dataset\sad\6rLUXnk2dAdtQH59jtV73s3DCGQg0D822.jpg,sad
C:\Users\nihar\Documents\ML Projects\Deep Learning Projects\Dog Emotion Detection\Final dog dataset\Final dog dataset\angry\QyEuyUBq02u7dfhkdSofhr9a9a84iF323.jpg,angry
C:\Users\nihar\Documents\ML Projects\Deep Learning Projects\Dog Emotion Detection\Final dog dataset\Final dog dataset\angry\Pvrh70VNq4GqYhrUR5aKEJ6g9BgLK5554.jpg,angry
C:\Users\nihar\Documents\ML Projects\Deep Learning Projects\Dog Emotion Detection\Final dog dataset\Final dog dataset\angry\raONAtkC5k9rd6xLVdOmkWBKqHAA7q939.jpg,angry
C:\Users\nihar\Documents\ML Projects\Deep Learning Projects\Dog Emotion Detection\Final dog dataset\Final dog dataset\happy\6916536116_9e8ebe9e18_b.jpg,happy
C:\Users\nihar\Documents\ML Projects\Deep Learning Projects\Dog Emotion Detection\Final dog dataset\Final dog dataset\relaxed\8442703679_e173ddeb93_b.jpg,relaxed
C:\Users\nihar\Documents\ML Projects\Deep Learning Projects\Dog Emotion Detection\Final dog dataset\Final dog dataset\angry\lp2VpbxUDw41VRL8V5qZWIgWxUUW2K733.jpg,angry
C:\Users\nihar\Documents\ML Projects\Deep Learning Projects\Dog Emotion Detection\Final dog dataset\Final dog dataset\relaxed\7168911996_76dd9ce089_b.jpg,relaxed
C:\Users\nihar\Documents\ML Projects\Deep Learning Projects\Dog Emotion Detection\Final dog dataset\Final dog dataset\sad\nSvQaFqgVHVsKLJlCXmiN8181SoJJi214.jpg,sad
C:\Users\nihar\Documents\ML Projects\Deep Learning Projects\Dog Emotion Detection\Final dog dataset\Final dog dataset\sad\sJ1gOMTPiloz6uW6PnuksNRczQkQ6U555.jpg,sad
C:\Users\nihar\Documents\ML Projects\Deep Learning Projects\Dog Emotion Detection\Final dog dataset\Final dog dataset\happy\867054976_f730eefe26_b.jpg,happy
C:\Users\nihar\Documents\ML Projects\Deep Learning Projects\Dog Emotion Detection\Final dog dataset\Final dog dataset\sad\sdlB1uI11LeGPM7YDi9KOoH8FjXjyG914.jpg,sad
C:\Users\nihar\Documents\ML Projects\Deep Learning Projects\Dog Emotion Detection\Final dog dataset\Final dog dataset\sad\b9Ec7891Cqs9R7lZCYQs9CRi1YPAk7461.jpg,sad
C:\Users\nihar\Documents\ML Projects\Deep Learning Projects\Dog Emotion Detection\Final dog dataset\Final dog dataset\relaxed\48687697826_bdfeaa2e05_b.jpg,relaxed
C:\Users\nihar\Documents\ML Projects\Deep Learning Projects\Dog Emotion Detection\Final dog dataset\Final dog dataset\angry\xDiWudo2F545at18mCKWvbWlvnGDv057.jpg,angry
C:\Users\nihar\Documents\ML Projects\Deep Learning Projects\Dog Emotion Detection\Final dog dataset\Final dog dataset\happy\6796573072_764a9ac113_b.jpg,happy
C:\Users\nihar\Documents\ML Projects\Deep Learning Projects\Dog Emotion Detection\Final dog dataset\Final dog dataset\happy\6419110081_3e438ce61e_b.jpg,happy
C:\Users\nihar\Documents\ML Projects\Deep Learning Projects\Dog Emotion Detection\Final dog dataset\Final dog dataset\relaxed\39587397365_d3f6c24589_b.jpg,relaxed
C:\Users\nihar\Documents\ML Projects\Deep Learning Projects\Dog Emotion Detection\Final dog dataset\Final dog dataset\angry\MQyNWVJLTS2rkc3Qvh3wl0OfylP3MC994.jpg,angry
C:\Users\nihar\Documents\ML Projects\Deep Learning Projects\Dog Emotion Detection\Final dog dataset\Final dog dataset\relaxed\7019550177_65e36493d9_b.jpg,relaxed
C:\Users\nihar\Documents\ML Projects\Deep Learning Projects\Dog Emotion Detection\Final dog dataset\Final dog dataset\angry\3135806921_e9c4ee5f69_b.jpg,angry
C:\Users\nihar\Documents\ML Projects\Deep Learning Projects\Dog Emotion Detection\Final dog dataset\Final dog dataset\happy\D1yNugq2s7SfkU5hyETdPVy3fY6NiV775.jpg,happy
C:\Users\nihar\Documents\ML Projects\Deep Learning Projects\Dog Emotion Detection\Final dog dataset\Final dog dataset\angry\XfnWuZ0euAC1ij9xEEO9hkvhqdbkLN131.jpg,angry
C:\Users\nihar\Documents\ML Projects\Deep Learning Projects\Dog Emotion Detection\Final dog dataset\Final dog dataset\sad\kdDGOBHWFiL1Mjwss0LVAMKZK4lJIH849.jpg,sad
C:\Users\nihar\Documents\ML Projects\Deep Learning Projects\Dog Emotion Detection\Final dog dataset\Final dog dataset\happy\5850417014_3e60162582_b.jpg,happy
C:\Users\nihar\Documents\ML Projects\Deep Learning Projects\Dog Emotion Detection\Final dog dataset\Final dog dataset\angry\T0jeINxcGpCVk5pCdsvzjstxgR3a9w714.jpg,angry
C:\Users\nihar\Documents\ML Projects\Deep Learning Projects\Dog Emotion Detection\Final dog dataset\Final dog dataset\relaxed\32708662315_1c1b6ba0ab_b.jpg,relaxed
C:\Users\nihar\Documents\ML Projects\Deep Learning Projects\Dog Emotion Detection\Final dog dataset\Final dog dataset\relaxed\3877690369_b88df3f1ee_b.jpg,relaxed
C:\Users\nihar\Documents\ML Projects\Deep Learning Projects\Dog Emotion Detection\Final dog dataset\Final dog dataset\relaxed\9690747004_35d1635c4b_b.jpg,relaxed
C:\Users\nihar\Documents\ML Projects\Deep Learning Projects\Dog Emotion Detection\Final dog dataset\Final dog dataset\relaxed\7184660542_506aa3d050_b.jpg,relaxed
C:\Users\nihar\Documents\ML Projects\Deep Learning Projects\Dog Emotion Detection\Final dog dataset\Final dog dataset\sad\DXfesaifqWkghs5GFBR0g3FODl7q9e358.jpg,sad
C:\Users\nihar\Documents\ML Projects\Deep Learning Projects\Dog Emotion Detection\Final dog dataset\Final dog dataset\sad\Y8uSZU2f2zCaWK2yX5i5Ba8pxWu6r7435.jpg,sad
C:\Users\nihar\Documents\ML Projects\Deep Learning Projects\Dog Emotion Detection\Final dog dataset\Final dog dataset\sad\NmGSq1WJ6xlNsPvYeEFuz1hgj49yU8935.jpg,sad
C:\Users\nihar\Documents\ML Projects\Deep Learning Projects\Dog Emotion Detection\Final dog dataset\Final dog dataset\relaxed\946149392_95b0038bbc_b.jpg,relaxed
C:\Users\nihar\Documents\ML Projects\Deep Learning Projects\Dog Emotion Detection\Final dog dataset\Final dog dataset\relaxed\8460867669_29bfc7ee30_b.jpg,relaxed
C:\Users\nihar\Documents\ML Projects\Deep Learning Projects\Dog Emotion Detection\Final dog dataset\Final dog dataset\relaxed\9283817206_e2b00e02aa_b.jpg,relaxed
C:\Users\nihar\Documents\ML Projects\Deep Learning Projects\Dog Emotion Detection\Final dog dataset\Final dog dataset\sad\mwnVKahEISFgw2SoqxeOZcr8zGnutz804.jpg,sad
C:\Users\nihar\Documents\ML Projects\Deep Learning Projects\Dog Emotion Detection\Final dog dataset\Final dog dataset\relaxed\7623956526_5c55bfee35_b.jpg,relaxed
C:\Users\nihar\Documents\ML Projects\Deep Learning Projects\Dog Emotion Detection\Final dog dataset\Final dog dataset\sad\nTofOr936yFGmsh6riBjzumNLZUhG2990.jpg,sad
C:\Users\nihar\Documents\ML Projects\Deep Learning Projects\Dog Emotion Detection\Final dog dataset\Final dog dataset\happy\IoP4F4H29uOW7cBD0axJ1FOyxHzpYT975.jpg,happy
C:\Users\nihar\Documents\ML Projects\Deep Learning Projects\Dog Emotion Detection\Final dog dataset\Final dog dataset\sad\buFF9q7sfdmJ31c35Y570jj1I2mVsI201.jpg,sad
C:\Users\nihar\Documents\ML Projects\Deep Learning Projects\Dog Emotion Detection\Final dog dataset\Final dog dataset\relaxed\8362529574_19e72bcc5c_b.jpg,relaxed
C:\Users\nihar\Documents\ML Projects\Deep Learning Projects\Dog Emotion Detection\Final dog dataset\Final dog dataset\happy\8063237303_6b07675560_b.jpg,happy
C:\Users\nihar\Documents\ML Projects\Deep Learning Projects\Dog Emotion Detection\Final dog dataset\Final dog dataset\happy\8165261472_13887be1f2_b.jpg,happy
C:\Users\nihar\Documents\ML Projects\Deep Learning Projects\Dog Emotion Detection\Final dog dataset\Final dog dataset\happy\651859019_daa4f08c33_b.jpg,happy
C:\Users\nihar\Documents\ML Projects\Deep Learning Projects\Dog Emotion Detection\Final dog dataset\Final dog dataset\sad\SFUpUIkPPpat9EN9kqy8GYGq0an1ge825.jpg,sad
C:\Users\nihar\Documents\ML Projects\Deep Learning Projects\Dog Emotion Detection\Final dog dataset\Final dog dataset\happy\8714333607_7b7784de9f_b.jpg,happy
C:\Users\nihar\Documents\ML Projects\Deep Learning Projects\Dog Emotion Detection\Final dog dataset\Final dog dataset\happy\khs2r1RY3WrXUVuLbVcmvNh0mEfnXi177.jpg,happy
C:\Users\nihar\Documents\ML Projects\Deep Learning Projects\Dog Emotion Detection\Final dog dataset\Final dog dataset\sad\jmKHkAGha4XHcL8vMSGW2hyih4OOb2647.jpg,sad
C:\Users\nihar\Documents\ML Projects\Deep Learning Projects\Dog Emotion Detection\Final dog dataset\Final dog dataset\relaxed\4631279904_91afcfdec3_b.jpg,relaxed
C:\Users\nihar\Documents\ML Projects\Deep Learning Projects\Dog Emotion Detection\Final dog dataset\Final dog dataset\angry\fiHo62gF2HHSuTruoQnqMThlRMCxky321.jpg,angry
C:\Users\nihar\Documents\ML Projects\Deep Learning Projects\Dog Emotion Detection\Final dog dataset\Final dog dataset\sad\KtuIHMHVf0i4rgjj3pSPjQviV7Nyp7965.jpg,sad
C:\Users\nihar\Documents\ML Projects\Deep Learning Projects\Dog Emotion Detection\Final dog dataset\Final dog dataset\happy\6Aqdd6ibeJG2SR4i95BDXAmnjfLREu410.jpg,happy
C:\Users\nihar\Documents\ML Projects\Deep Learning Projects\Dog Emotion Detection\Final dog dataset\Final dog dataset\sad\J7npNfcP0rMhrE9qpQ04og1rRdDn1p74.jpg,sad
C:\Users\nihar\Documents\ML Projects\Deep Learning Projects\Dog Emotion Detection\Final dog dataset\Final dog dataset\happy\2c4fOfz8Gkt3oRuCzo8Ojc05adVHDp471.jpg,happy
C:\Users\nihar\Documents\ML Projects\Deep Learning Projects\Dog Emotion Detection\Final dog dataset\Final dog dataset\happy\AsRO80OlPoPylUJDkrZunVWwGbB1W7496.jpg,happy
C:\Users\nihar\Documents\ML Projects\Deep Learning Projects\Dog Emotion Detection\Final dog dataset\Final dog dataset\relaxed\33130802743_38b5336a0b_b.jpg,relaxed
C:\Users\nihar\Documents\ML Projects\Deep Learning Projects\Dog Emotion Detection\Final dog dataset\Final dog dataset\relaxed\40738512652_70d1c9f4dc_b.jpg,relaxed
C:\Users\nihar\Documents\ML Projects\Deep Learning Projects\Dog Emotion Detection\Final dog dataset\Final dog dataset\relaxed\7051748041_d7a0580010_b.jpg,relaxed
C:\Users\nihar\Documents\ML Projects\Deep Learning Projects\Dog Emotion Detection\Final dog dataset\Final dog dataset\happy\AUN2sxfSaB2tPt1sFhSjNtVCB3rGMe376.jpg,happy
C:\Users\nihar\Documents\ML Projects\Deep Learning Projects\Dog Emotion Detection\Final dog dataset\Final dog dataset\relaxed\5056160944_8836f4cdbe_b.jpg,relaxed
C:\Users\nihar\Documents\ML Projects\Deep Learning Projects\Dog Emotion Detection\Final dog dataset\Final dog dataset\happy\7EwUREADc7O3u4EvWUbkhJp07BQur6329.jpg,happy
C:\Users\nihar\Documents\ML Projects\Deep Learning Projects\Dog Emotion Detection\Final dog dataset\Final dog dataset\happy\7105772105_f9a1afaaed_b.jpg,happy
C:\Users\nihar\Documents\ML Projects\Deep Learning Projects\Dog Emotion Detection\Final dog dataset\Final dog dataset\sad\ZLrOuRLR8ZAnqUQVfBnsjfcYmZ4PRd784.jpg,sad
C:\Users\nihar\Documents\ML Projects\Deep Learning Projects\Dog Emotion Detection\Final dog dataset\Final dog dataset\angry\GXPcKwsOEQqqtRaIq8w0zFQCMUbFx6977.jpg,angry
C:\Users\nihar\Documents\ML Projects\Deep Learning Projects\Dog Emotion Detection\Final dog dataset\Final dog dataset\happy\7944073978_2e285a05c8_b.jpg,happy
C:\Users\nihar\Documents\ML Projects\Deep Learning Projects\Dog Emotion Detection\Final dog dataset\Final dog dataset\sad\t4rRwfbsaY6QFSeD3LN58WRygCzWik391.jpg,sad
C:\Users\nihar\Documents\ML Projects\Deep Learning Projects\Dog Emotion Detection\Final dog dataset\Final dog dataset\angry\qbVPoDhlvixnTAtxiyE4KmhSUFdGa6211.jpg,angry
C:\Users\nihar\Documents\ML Projects\Deep Learning Projects\Dog Emotion Detection\Final dog dataset\Final dog dataset\happy\EyKARIefJP13yQdbbtzI43EGTmL8Oo804.jpg,happy
C:\Users\nihar\Documents\ML Projects\Deep Learning Projects\Dog Emotion Detection\Final dog dataset\Final dog dataset\happy\KWqWO5tsPIqfXVXrhFSqYFNBtulkfw195.jpg,happy
C:\Users\nihar\Documents\ML Projects\Deep Learning Projects\Dog Emotion Detection\Final dog dataset\Final dog dataset\angry\R9SA3mjD5yhNT0aywMpsxCMy0Zkc94974.jpg,angry
C:\Users\nihar\Documents\ML Projects\Deep Learning Projects\Dog Emotion Detection\Final dog dataset\Final dog dataset\sad\nJel9gAZAVDEwE3lhX70Vyqqu3SihO351.jpg,sad
C:\Users\nihar\Documents\ML Projects\Deep Learning Projects\Dog Emotion Detection\Final dog dataset\Final dog dataset\relaxed\37245978_6c326f41ab_b.jpg,relaxed
C:\Users\nihar\Documents\ML Projects\Deep Learning Projects\Dog Emotion Detection\Final dog dataset\Final dog dataset\sad\cTr0cvgoDBf7DWYhPUpdBXkMatVVXS409.jpg,sad
C:\Users\nihar\Documents\ML Projects\Deep Learning Projects\Dog Emotion Detection\Final dog dataset\Final dog dataset\happy\FdDQjCaoXYunOvIsLtjv66tfx5y2JQ417.jpg,happy
C:\Users\nihar\Documents\ML Projects\Deep Learning Projects\Dog Emotion Detection\Final dog dataset\Final dog dataset\happy\6316540271_59cd0bc9d9_b.jpg,happy
C:\Users\nihar\Documents\ML Projects\Deep Learning Projects\Dog Emotion Detection\Final dog dataset\Final dog dataset\relaxed\5452824330_2dacdd4ab3_b.jpg,relaxed
C:\Users\nihar\Documents\ML Projects\Deep Learning Projects\Dog Emotion Detection\Final dog dataset\Final dog dataset\sad\MXPpmud5uvQoAccmVMZrN0Ahs9Y4z8549.jpg,sad
C:\Users\nihar\Documents\ML Projects\Deep Learning Projects\Dog Emotion Detection\Final dog dataset\Final dog dataset\happy\ES3yuQJ9CdOVHV4fFyvbGV330XpbvJ528.jpg,happy
C:\Users\nihar\Documents\ML Projects\Deep Learning Projects\Dog Emotion Detection\Final dog dataset\Final dog dataset\happy\aeBBkqjXDLs1N6cJbyPWJDdpoeSbVV282.jpg,happy
C:\Users\nihar\Documents\ML Projects\Deep Learning Projects\Dog Emotion Detection\Final dog dataset\Final dog dataset\sad\8RqxD9D9T7LH7IV377QNK7zheIuIeY997.jpg,sad
C:\Users\nihar\Documents\ML Projects\Deep Learning Projects\Dog Emotion Detection\Final dog dataset\Final dog dataset\sad\v4kht5PhHzFyHvbjuVsno4HkHzgi49559.jpg,sad
C:\Users\nihar\Documents\ML Projects\Deep Learning Projects\Dog Emotion Detection\Final dog dataset\Final dog dataset\relaxed\4855117306_2a94a8b734_b.jpg,relaxed
C:\Users\nihar\Documents\ML Projects\Deep Learning Projects\Dog Emotion Detection\Final dog dataset\Final dog dataset\happy\7773610146_06250058b2_b.jpg,happy
C:\Users\nihar\Documents\ML Projects\Deep Learning Projects\Dog Emotion Detection\Final dog dataset\Final dog dataset\angry\Va9rSZPFWZaYUWXBQbn9YxfObaRdlr873.jpg,angry
C:\Users\nihar\Documents\ML Projects\Deep Learning Projects\Dog Emotion Detection\Final dog dataset\Final dog dataset\sad\mjsqfkGHxbxYHeR6I40yWTZQeGVEuv53.jpg,sad
C:\Users\nihar\Documents\ML Projects\Deep Learning Projects\Dog Emotion Detection\Final dog dataset\Final dog dataset\angry\9eN6Wx3HOionUPHDyKEVRleyXkmnjS413.jpg,angry
C:\Users\nihar\Documents\ML Projects\Deep Learning Projects\Dog Emotion Detection\Final dog dataset\Final dog dataset\angry\Vb7ERbhQ7iwt1Kqni38gggXcdRFHiL296.jpg,angry
C:\Users\nihar\Documents\ML Projects\Deep Learning Projects\Dog Emotion Detection\Final dog dataset\Final dog dataset\angry\gBzeS4vs385r8QyK7QNYOMSGlCH6Cu438.jpg,angry
C:\Users\nihar\Documents\ML Projects\Deep Learning Projects\Dog Emotion Detection\Final dog dataset\Final dog dataset\relaxed\7253968830_9a9bb6fbe5_b.jpg,relaxed
C:\Users\nihar\Documents\ML Projects\Deep Learning Projects\Dog Emotion Detection\Final dog dataset\Final dog dataset\angry\SwgGsoE0Cto8NuNOXSpeRSSEdMlT2U224.jpg,angry
C:\Users\nihar\Documents\ML Projects\Deep Learning Projects\Dog Emotion Detection\Final dog dataset\Final dog dataset\relaxed\3980411000_784480aabe_b.jpg,relaxed
C:\Users\nihar\Documents\ML Projects\Deep Learning Projects\Dog Emotion Detection\Final dog dataset\Final dog dataset\relaxed\4855565992_110862dddd_b.jpg,relaxed
C:\Users\nihar\Documents\ML Projects\Deep Learning Projects\Dog Emotion Detection\Final dog dataset\Final dog dataset\sad\PqWe5VHTYYwPywPqBMe8I526co4t0f447.jpg,sad
C:\Users\nihar\Documents\ML Projects\Deep Learning Projects\Dog Emotion Detection\Final dog dataset\Final dog dataset\sad\Ipm5G01jevxoG6Q1eBaBqy1c8lVIU7966.jpg,sad
C:\Users\nihar\Documents\ML Projects\Deep Learning Projects\Dog Emotion Detection\Final dog dataset\Final dog dataset\sad\fmjN10kRMofjkXBrPNjwzHvYylzE0a854.jpg,sad
C:\Users\nihar\Documents\ML Projects\Deep Learning Projects\Dog Emotion Detection\Final dog dataset\Final dog dataset\happy\gNNSC7aL4v7lErXDayWhHYZUjhshwB516.jpg,happy
C:\Users\nihar\Documents\ML Projects\Deep Learning Projects\Dog Emotion Detection\Final dog dataset\Final dog dataset\angry\pGUxlojcYNJ9VAdkjHGeDmok3vYlEb349.jpg,angry
C:\Users\nihar\Documents\ML Projects\Deep Learning Projects\Dog Emotion Detection\Final dog dataset\Final dog dataset\angry\j26VcgHDAzC6eoMTTuXoCfTBtwJDH0524.jpeg,angry
C:\Users\nihar\Documents\ML Projects\Deep Learning Projects\Dog Emotion Detection\Final dog dataset\Final dog dataset\relaxed\3195302402_aeffb45299_b.jpg,relaxed
C:\Users\nihar\Documents\ML Projects\Deep Learning Projects\Dog Emotion Detection\Final dog dataset\Final dog dataset\relaxed\9216069018_47aba922cc_b.jpg,relaxed
C:\Users\nihar\Documents\ML Projects\Deep Learning Projects\Dog Emotion Detection\Final dog dataset\Final dog dataset\happy\Gchq22p8OYpurEa0MZNiFUEIpx6EPr809.jpg,happy
C:\Users\nihar\Documents\ML Projects\Deep Learning Projects\Dog Emotion Detection\Final dog dataset\Final dog dataset\sad\57LfavAO7D9R87WEoNQH6HC7ToBusk678.jpg,sad
C:\Users\nihar\Documents\ML Projects\Deep Learning Projects\Dog Emotion Detection\Final dog dataset\Final dog dataset\relaxed\50872261498_4a79f74ddd_b.jpg,relaxed
C:\Users\nihar\Documents\ML Projects\Deep Learning Projects\Dog Emotion Detection\Final dog dataset\Final dog dataset\angry\lzFJ88EQYZ1CPn6l7CGsWMyqrk2ffI233.jpg,angry
C:\Users\nihar\Documents\ML Projects\Deep Learning Projects\Dog Emotion Detection\Final dog dataset\Final dog dataset\relaxed\4242582203_21a0cbd53d_b.jpg,relaxed
C:\Users\nihar\Documents\ML Projects\Deep Learning Projects\Dog Emotion Detection\Final dog dataset\Final dog dataset\angry\gRDOMGpHdH2AGodl4wCK2JxEvwvJfn390.jpg,angry
C:\Users\nihar\Documents\ML Projects\Deep Learning Projects\Dog Emotion Detection\Final dog dataset\Final dog dataset\relaxed\6183572820_f1b1fec37d_b.jpg,relaxed
C:\Users\nihar\Documents\ML Projects\Deep Learning Projects\Dog Emotion Detection\Final dog dataset\Final dog dataset\sad\dOZayfpJdoP5Dy69BBKj05rof0rdG0926.jpg,sad
C:\Users\nihar\Documents\ML Projects\Deep Learning Projects\Dog Emotion Detection\Final dog dataset\Final dog dataset\angry\v7cHD1BFwJw1vqZVrrUwFrm6EadWN5997.jpg,angry
C:\Users\nihar\Documents\ML Projects\Deep Learning Projects\Dog Emotion Detection\Final dog dataset\Final dog dataset\happy\7391502300_f987f36a92_b.jpg,happy
C:\Users\nihar\Documents\ML Projects\Deep Learning Projects\Dog Emotion Detection\Final dog dataset\Final dog dataset\relaxed\45761309794_d065506a33_b.jpg,relaxed
C:\Users\nihar\Documents\ML Projects\Deep Learning Projects\Dog Emotion Detection\Final dog dataset\Final dog dataset\relaxed\9568710047_0c4d381e9f_b.jpg,relaxed
C:\Users\nihar\Documents\ML Projects\Deep Learning Projects\Dog Emotion Detection\Final dog dataset\Final dog dataset\angry\FnbTSganN2LTWW5Qjd9SzNzMogySY7932.jpg,angry
C:\Users\nihar\Documents\ML Projects\Deep Learning Projects\Dog Emotion Detection\Final dog dataset\Final dog dataset\sad\ChJMrQjJRQbRjRfggVc4XkSSn8CEDG807.jpg,sad
C:\Users\nihar\Documents\ML Projects\Deep Learning Projects\Dog Emotion Detection\Final dog dataset\Final dog dataset\relaxed\5247028906_36c075f873_b.jpg,relaxed
C:\Users\nihar\Documents\ML Projects\Deep Learning Projects\Dog Emotion Detection\Final dog dataset\Final dog dataset\angry\r2prcc7OV5noWyW4AwQVJwybtCHhv3316.jpg,angry
C:\Users\nihar\Documents\ML Projects\Deep Learning Projects\Dog Emotion Detection\Final dog dataset\Final dog dataset\happy\6302597671_5545c458f9_b.jpg,happy
C:\Users\nihar\Documents\ML Projects\Deep Learning Projects\Dog Emotion Detection\Final dog dataset\Final dog dataset\happy\6884837778_b29dee26e7_b.jpg,happy
C:\Users\nihar\Documents\ML Projects\Deep Learning Projects\Dog Emotion Detection\Final dog dataset\Final dog dataset\relaxed\515204119_db20ac87f7_b.jpg,relaxed
C:\Users\nihar\Documents\ML Projects\Deep Learning Projects\Dog Emotion Detection\Final dog dataset\Final dog dataset\relaxed\45529508251_a94e148c91_b.jpg,relaxed
C:\Users\nihar\Documents\ML Projects\Deep Learning Projects\Dog Emotion Detection\Final dog dataset\Final dog dataset\sad\0wRJFKTRjVA7GvDUvWM7PM1pDytj8I868.jpg,sad
C:\Users\nihar\Documents\ML Projects\Deep Learning Projects\Dog Emotion Detection\Final dog dataset\Final dog dataset\sad\LRoueZFGIogtqFnD9TDHjjpShLzLr1118.jpg,sad
C:\Users\nihar\Documents\ML Projects\Deep Learning Projects\Dog Emotion Detection\Final dog dataset\Final dog dataset\relaxed\6331677600_6751f584ae_b.jpg,relaxed
C:\Users\nihar\Documents\ML Projects\Deep Learning Projects\Dog Emotion Detection\Final dog dataset\Final dog dataset\angry\5536997617_039ae4d2c2_b.jpg,angry
C:\Users\nihar\Documents\ML Projects\Deep Learning Projects\Dog Emotion Detection\Final dog dataset\Final dog dataset\relaxed\9161291551_47fdb7beef_b.jpg,relaxed
C:\Users\nihar\Documents\ML Projects\Deep Learning Projects\Dog Emotion Detection\Final dog dataset\Final dog dataset\happy\1Bd8w8zWibVSb2nyQoLMRNcVKWELba270.jpg,happy
C:\Users\nihar\Documents\ML Projects\Deep Learning Projects\Dog Emotion Detection\Final dog dataset\Final dog dataset\happy\2gUa6Q1EmPsDanb1TRdPt6Im0llmf7616.jpg,happy
C:\Users\nihar\Documents\ML Projects\Deep Learning Projects\Dog Emotion Detection\Final dog dataset\Final dog dataset\angry\wTduYj3KjM8XiewHg68cOTnnePt6ou109.jpg,angry
C:\Users\nihar\Documents\ML Projects\Deep Learning Projects\Dog Emotion Detection\Final dog dataset\Final dog dataset\relaxed\40265981160_9ec59ed7c0_b.jpg,relaxed
C:\Users\nihar\Documents\ML Projects\Deep Learning Projects\Dog Emotion Detection\Final dog dataset\Final dog dataset\relaxed\7188923085_6eb243e7e3_b.jpg,relaxed
C:\Users\nihar\Documents\ML Projects\Deep Learning Projects\Dog Emotion Detection\Final dog dataset\Final dog dataset\sad\8wUNb87je8xzVdleRld1HgtR3cMEnv209.jpg,sad
C:\Users\nihar\Documents\ML Projects\Deep Learning Projects\Dog Emotion Detection\Final dog dataset\Final dog dataset\sad\TV5IWaj227sCscNudqeEVJOKXxob3r244.jpg,sad
C:\Users\nihar\Documents\ML Projects\Deep Learning Projects\Dog Emotion Detection\Final dog dataset\Final dog dataset\sad\X1hPO2CrAjSAN56WQODxAiZjCnQByO307.jpg,sad
C:\Users\nihar\Documents\ML Projects\Deep Learning Projects\Dog Emotion Detection\Final dog dataset\Final dog dataset\relaxed\6817032105_04d84f52ef_b.jpg,relaxed
C:\Users\nihar\Documents\ML Projects\Deep Learning Projects\Dog Emotion Detection\Final dog dataset\Final dog dataset\angry\F3YV6rxKkpdrp5AkWUHXinKA26iSo2248.jpg,angry
C:\Users\nihar\Documents\ML Projects\Deep Learning Projects\Dog Emotion Detection\Final dog dataset\Final dog dataset\happy\ipa1siZFAArbA40m1XfFkDY0RAnaSO299.jpg,happy
C:\Users\nihar\Documents\ML Projects\Deep Learning Projects\Dog Emotion Detection\Final dog dataset\Final dog dataset\relaxed\5849835588_a2e9dcbbdb_b.jpg,relaxed
C:\Users\nihar\Documents\ML Projects\Deep Learning Projects\Dog Emotion Detection\Final dog dataset\Final dog dataset\happy\kRvINJV68bRz4qDWPl84d6DWhizc7E131.jpg,happy
C:\Users\nihar\Documents\ML Projects\Deep Learning Projects\Dog Emotion Detection\Final dog dataset\Final dog dataset\sad\TN5VAUG1zHiA5Bnt56GBSj3zBrMICE536.jpg,sad
C:\Users\nihar\Documents\ML Projects\Deep Learning Projects\Dog Emotion Detection\Final dog dataset\Final dog dataset\sad\N8Nq4f0TgxjoDzWFaTDjm0t7tcpwYi348.jpg,sad
C:\Users\nihar\Documents\ML Projects\Deep Learning Projects\Dog Emotion Detection\Final dog dataset\Final dog dataset\angry\OXhJSgZMUw5HeHGbMOpBg9iTbZKK0f694.jpg,angry
C:\Users\nihar\Documents\ML Projects\Deep Learning Projects\Dog Emotion Detection\Final dog dataset\Final dog dataset\relaxed\72830733_8801a94920_b.jpg,relaxed
C:\Users\nihar\Documents\ML Projects\Deep Learning Projects\Dog Emotion Detection\Final dog dataset\Final dog dataset\angry\zEym9zDFMJrdSJlNhDiWqHwP1EpiUd12.jpg,angry
C:\Users\nihar\Documents\ML Projects\Deep Learning Projects\Dog Emotion Detection\Final dog dataset\Final dog dataset\relaxed\38384142265_a2b45f775e_b.jpg,relaxed
C:\Users\nihar\Documents\ML Projects\Deep Learning Projects\Dog Emotion Detection\Final dog dataset\Final dog dataset\relaxed\8204070139_b2734c641e_b.jpg,relaxed
C:\Users\nihar\Documents\ML Projects\Deep Learning Projects\Dog Emotion Detection\Final dog dataset\Final dog dataset\happy\5ZDCqzXwKSdR089hbWMJvTWxDXT7wv405.jpg,happy
C:\Users\nihar\Documents\ML Projects\Deep Learning Projects\Dog Emotion Detection\Final dog dataset\Final dog dataset\happy\5I2umBtLnfsZSoiyJ1P5zSIhpRxlJm289.jpg,happy
C:\Users\nihar\Documents\ML Projects\Deep Learning Projects\Dog Emotion Detection\Final dog dataset\Final dog dataset\sad\tNuO1diU4XD8tvyxj0wWAyFbBEJuDr136.jpg,sad
C:\Users\nihar\Documents\ML Projects\Deep Learning Projects\Dog Emotion Detection\Final dog dataset\Final dog dataset\relaxed\80852208_306ff6c825_b.jpg,relaxed
C:\Users\nihar\Documents\ML Projects\Deep Learning Projects\Dog Emotion Detection\Final dog dataset\Final dog dataset\happy\biD2EQvATxNzMZ3rhjsUJHC4jMnvoh141.jpg,happy
C:\Users\nihar\Documents\ML Projects\Deep Learning Projects\Dog Emotion Detection\Final dog dataset\Final dog dataset\relaxed\5545805343_ff86cd2cde_b.jpg,relaxed
C:\Users\nihar\Documents\ML Projects\Deep Learning Projects\Dog Emotion Detection\Final dog dataset\Final dog dataset\angry\wao9ayQHwMuXZCFwAolxJRAVaFvmo7476.jpg,angry
C:\Users\nihar\Documents\ML Projects\Deep Learning Projects\Dog Emotion Detection\Final dog dataset\Final dog dataset\relaxed\38831525185_88f56165e6_b.jpg,relaxed
C:\Users\nihar\Documents\ML Projects\Deep Learning Projects\Dog Emotion Detection\Final dog dataset\Final dog dataset\relaxed\5408168591_b781809648_b.jpg,relaxed
C:\Users\nihar\Documents\ML Projects\Deep Learning Projects\Dog Emotion Detection\Final dog dataset\Final dog dataset\sad\SqOwmo73jLgvRLq5ADEFV38x95wQAo550.jpg,sad
C:\Users\nihar\Documents\ML Projects\Deep Learning Projects\Dog Emotion Detection\Final dog dataset\Final dog dataset\sad\BlGgPBllhBAptzelqr1Cl0UkBBdzjU403.jpg,sad
C:\Users\nihar\Documents\ML Projects\Deep Learning Projects\Dog Emotion Detection\Final dog dataset\Final dog dataset\sad\ZyKSNXuhXWLsfS3TF0y6vdD6aWDeRQ916.jpg,sad
C:\Users\nihar\Documents\ML Projects\Deep Learning Projects\Dog Emotion Detection\Final dog dataset\Final dog dataset\happy\7259923248_a88cc3d254_b.jpg,happy
C:\Users\nihar\Documents\ML Projects\Deep Learning Projects\Dog Emotion Detection\Final dog dataset\Final dog dataset\happy\4GmFhvfxYTCz4XgynDBcWiPrQmk2cr108.jpg,happy
C:\Users\nihar\Documents\ML Projects\Deep Learning Projects\Dog Emotion Detection\Final dog dataset\Final dog dataset\sad\DHcZyxqg7ETE5YpCzjxI4jLfjFIguF994.jpg,sad
C:\Users\nihar\Documents\ML Projects\Deep Learning Projects\Dog Emotion Detection\Final dog dataset\Final dog dataset\relaxed\33688206175_f8dacfbb3a_b.jpg,relaxed
C:\Users\nihar\Documents\ML Projects\Deep Learning Projects\Dog Emotion Detection\Final dog dataset\Final dog dataset\happy\8kqJQoW0YBbtANGyEnniiZ8fndHCKR201.jpg,happy
C:\Users\nihar\Documents\ML Projects\Deep Learning Projects\Dog Emotion Detection\Final dog dataset\Final dog dataset\happy\8723643969_a7248a8e2b_b.jpg,happy
C:\Users\nihar\Documents\ML Projects\Deep Learning Projects\Dog Emotion Detection\Final dog dataset\Final dog dataset\angry\16AW3Eb2DYtJGt9oxodmGhv1eC3xiG613.jpg,angry
C:\Users\nihar\Documents\ML Projects\Deep Learning Projects\Dog Emotion Detection\Final dog dataset\Final dog dataset\happy\broO4hFmi9VwCjChWlg7RUkfs3pFcJ932.jpg,happy
C:\Users\nihar\Documents\ML Projects\Deep Learning Projects\Dog Emotion Detection\Final dog dataset\Final dog dataset\happy\CO7YCpdVmpTNWkkvES8GStNRgzv9VT425.jpg,happy
C:\Users\nihar\Documents\ML Projects\Deep Learning Projects\Dog Emotion Detection\Final dog dataset\Final dog dataset\angry\lwihjGu5mEfZHfDw5H3M0ioTlEqcGN37.jpg,angry
C:\Users\nihar\Documents\ML Projects\Deep Learning Projects\Dog Emotion Detection\Final dog dataset\Final dog dataset\happy\6079033176_1a6c55e7dc_b.jpg,happy
C:\Users\nihar\Documents\ML Projects\Deep Learning Projects\Dog Emotion Detection\Final dog dataset\Final dog dataset\happy\81abPg9epvVT46sTl0MudaEejz7YPC891.jpg,happy
C:\Users\nihar\Documents\ML Projects\Deep Learning Projects\Dog Emotion Detection\Final dog dataset\Final dog dataset\sad\5zNmNnqwcJKWKLcRRdODiW6NvRf29A226.jpg,sad
C:\Users\nihar\Documents\ML Projects\Deep Learning Projects\Dog Emotion Detection\Final dog dataset\Final dog dataset\sad\XJr5XDPXTlewD854SXynOe4N2vhQQY692.jpg,sad
C:\Users\nihar\Documents\ML Projects\Deep Learning Projects\Dog Emotion Detection\Final dog dataset\Final dog dataset\relaxed\43101488531_7f34984a6b_b.jpg,relaxed
C:\Users\nihar\Documents\ML Projects\Deep Learning Projects\Dog Emotion Detection\Final dog dataset\Final dog dataset\relaxed\5201692622_f703670571_b.jpg,relaxed
C:\Users\nihar\Documents\ML Projects\Deep Learning Projects\Dog Emotion Detection\Final dog dataset\Final dog dataset\relaxed\51008582038_7f768431bb_b.jpg,relaxed
C:\Users\nihar\Documents\ML Projects\Deep Learning Projects\Dog Emotion Detection\Final dog dataset\Final dog dataset\sad\j2bU8WmVP9XIlseYpWI7FS4OTcmufs669.jpg,sad
C:\Users\nihar\Documents\ML Projects\Deep Learning Projects\Dog Emotion Detection\Final dog dataset\Final dog dataset\angry\o0BEPHdEltt07Y99RYVjlOTt0crZ9B290.jpg,angry
C:\Users\nihar\Documents\ML Projects\Deep Learning Projects\Dog Emotion Detection\Final dog dataset\Final dog dataset\relaxed\4655584257_72e73daa70_b.jpg,relaxed
C:\Users\nihar\Documents\ML Projects\Deep Learning Projects\Dog Emotion Detection\Final dog dataset\Final dog dataset\angry\royYsXyDEfvKxXcVI72HXxQEFQESET531.jpg,angry
C:\Users\nihar\Documents\ML Projects\Deep Learning Projects\Dog Emotion Detection\Final dog dataset\Final dog dataset\relaxed\52023627990_2d351b0936_b.jpg,relaxed
C:\Users\nihar\Documents\ML Projects\Deep Learning Projects\Dog Emotion Detection\Final dog dataset\Final dog dataset\relaxed\4415710260_a1f8df343c_b.jpg,relaxed
C:\Users\nihar\Documents\ML Projects\Deep Learning Projects\Dog Emotion Detection\Final dog dataset\Final dog dataset\sad\6RVLg7UXrtpJx6eRxntTrr0hTLiPyd1.jpg,sad
C:\Users\nihar\Documents\ML Projects\Deep Learning Projects\Dog Emotion Detection\Final dog dataset\Final dog dataset\happy\AUenRdaBQDpz7dNNpbYzsrvzPzdYA8143.jpg,happy
C:\Users\nihar\Documents\ML Projects\Deep Learning Projects\Dog Emotion Detection\Final dog dataset\Final dog dataset\relaxed\8509492389_3f8049c66c_b.jpg,relaxed
C:\Users\nihar\Documents\ML Projects\Deep Learning Projects\Dog Emotion Detection\Final dog dataset\Final dog dataset\sad\qXAa28rtvbPPdwx8l1C29b5G2aA4pd164.jpg,sad
C:\Users\nihar\Documents\ML Projects\Deep Learning Projects\Dog Emotion Detection\Final dog dataset\Final dog dataset\happy\4xouxHmb2n4mD4TleRmlVlOwzOwIsX513.jpg,happy
C:\Users\nihar\Documents\ML Projects\Deep Learning Projects\Dog Emotion Detection\Final dog dataset\Final dog dataset\sad\Axx2xfTClyoKFttZ20pKLj70sIbihh603.jpg,sad
C:\Users\nihar\Documents\ML Projects\Deep Learning Projects\Dog Emotion Detection\Final dog dataset\Final dog dataset\relaxed\9557201270_1759e9fdbc_b.jpg,relaxed
C:\Users\nihar\Documents\ML Projects\Deep Learning Projects\Dog Emotion Detection\Final dog dataset\Final dog dataset\angry\HGHm4XWwjKHpTZvCg6qmbh0etEkvqH890.jpg,angry
C:\Users\nihar\Documents\ML Projects\Deep Learning Projects\Dog Emotion Detection\Final dog dataset\Final dog dataset\sad\glKJs0LU3qS5NgtM8GIJmtHfjiVLMd242.jpg,sad
C:\Users\nihar\Documents\ML Projects\Deep Learning Projects\Dog Emotion Detection\Final dog dataset\Final dog dataset\sad\o2ry15GBIwHIJUzwLvxci5VMAjk9AQ295.jpg,sad
C:\Users\nihar\Documents\ML Projects\Deep Learning Projects\Dog Emotion Detection\Final dog dataset\Final dog dataset\relaxed\5909068919_74b57a1539_b.jpg,relaxed
C:\Users\nihar\Documents\ML Projects\Deep Learning Projects\Dog Emotion Detection\Final dog dataset\Final dog dataset\happy\cwUf0YtPhKE2CVvyN62ovOs4GjFrlD390.jpg,happy
C:\Users\nihar\Documents\ML Projects\Deep Learning Projects\Dog Emotion Detection\Final dog dataset\Final dog dataset\happy\7296051426_026a3d4103_b.jpg,happy
C:\Users\nihar\Documents\ML Projects\Deep Learning Projects\Dog Emotion Detection\Final dog dataset\Final dog dataset\relaxed\6171327648_d542aa949d_b.jpg,relaxed
C:\Users\nihar\Documents\ML Projects\Deep Learning Projects\Dog Emotion Detection\Final dog dataset\Final dog dataset\happy\Ib5hvXPXXbOSk6m9EW87YOIQnIauXz327.jpg,happy
C:\Users\nihar\Documents\ML Projects\Deep Learning Projects\Dog Emotion Detection\Final dog dataset\Final dog dataset\angry\vjIOlWwcKQGSgZPL8M3CPAsZDdMHcW31.jpg,angry
C:\Users\nihar\Documents\ML Projects\Deep Learning Projects\Dog Emotion Detection\Final dog dataset\Final dog dataset\relaxed\8658566864_c19560bef6_b.jpg,relaxed
C:\Users\nihar\Documents\ML Projects\Deep Learning Projects\Dog Emotion Detection\Final dog dataset\Final dog dataset\angry\GsuLD6JJ7bBpxlD7iGepKdWPpeFTTz7.jpg,angry
C:\Users\nihar\Documents\ML Projects\Deep Learning Projects\Dog Emotion Detection\Final dog dataset\Final dog dataset\happy\3t9u0v6Bk551Sib6R75gxjoSHtSggk223.jpg,happy
C:\Users\nihar\Documents\ML Projects\Deep Learning Projects\Dog Emotion Detection\Final dog dataset\Final dog dataset\relaxed\5612273162_e099b190aa_b.jpg,relaxed
C:\Users\nihar\Documents\ML Projects\Deep Learning Projects\Dog Emotion Detection\Final dog dataset\Final dog dataset\angry\tU4IPJJkpXT6lpAqq1HS0wcjXRGpF2653.jpg,angry
C:\Users\nihar\Documents\ML Projects\Deep Learning Projects\Dog Emotion Detection\Final dog dataset\Final dog dataset\relaxed\9328975731_a55d22fe76_b.jpg,relaxed
C:\Users\nihar\Documents\ML Projects\Deep Learning Projects\Dog Emotion Detection\Final dog dataset\Final dog dataset\happy\CrrLC9L317gD8XgqK6r4rzbKPADhV6925.jpg,happy
C:\Users\nihar\Documents\ML Projects\Deep Learning Projects\Dog Emotion Detection\Final dog dataset\Final dog dataset\relaxed\51958372066_f16a1036e9_b.jpg,relaxed
C:\Users\nihar\Documents\ML Projects\Deep Learning Projects\Dog Emotion Detection\Final dog dataset\Final dog dataset\happy\KBtrormXEH1oxOmOC8ZJPCbyR5Z58e970.jpg,happy
C:\Users\nihar\Documents\ML Projects\Deep Learning Projects\Dog Emotion Detection\Final dog dataset\Final dog dataset\angry\7jKdWW8LysHwswNgSThTbDqdb7pRMQ951.jpg,angry
C:\Users\nihar\Documents\ML Projects\Deep Learning Projects\Dog Emotion Detection\Final dog dataset\Final dog dataset\happy\846696647_31f1609b2d_b.jpg,happy
C:\Users\nihar\Documents\ML Projects\Deep Learning Projects\Dog Emotion Detection\Final dog dataset\Final dog dataset\happy\hepGJyL4UCDQYVSz54G54Qw34DNMDg309.jpg,happy
C:\Users\nihar\Documents\ML Projects\Deep Learning Projects\Dog Emotion Detection\Final dog dataset\Final dog dataset\happy\6868833854_51487d638c_b.jpg,happy
C:\Users\nihar\Documents\ML Projects\Deep Learning Projects\Dog Emotion Detection\Final dog dataset\Final dog dataset\happy\6137125861_22e78ac8f4_b.jpg,happy
C:\Users\nihar\Documents\ML Projects\Deep Learning Projects\Dog Emotion Detection\Final dog dataset\Final dog dataset\relaxed\50506401803_f76b611a5d_b.jpg,relaxed
C:\Users\nihar\Documents\ML Projects\Deep Learning Projects\Dog Emotion Detection\Final dog dataset\Final dog dataset\happy\6770101101_d1bfbf1ea8_b.jpg,happy
C:\Users\nihar\Documents\ML Projects\Deep Learning Projects\Dog Emotion Detection\Final dog dataset\Final dog dataset\happy\6571451407_132884bbe0_b.jpg,happy
C:\Users\nihar\Documents\ML Projects\Deep Learning Projects\Dog Emotion Detection\Final dog dataset\Final dog dataset\angry\5544007691_780085d531_b.jpg,angry
C:\Users\nihar\Documents\ML Projects\Deep Learning Projects\Dog Emotion Detection\Final dog dataset\Final dog dataset\happy\9207661759_2687472312_b.jpg,happy
C:\Users\nihar\Documents\ML Projects\Deep Learning Projects\Dog Emotion Detection\Final dog dataset\Final dog dataset\relaxed\7618277504_12a9e58577_b.jpg,relaxed
C:\Users\nihar\Documents\ML Projects\Deep Learning Projects\Dog Emotion Detection\Final dog dataset\Final dog dataset\happy\8007637229_e9f1ca01d8_b.jpg,happy
C:\Users\nihar\Documents\ML Projects\Deep Learning Projects\Dog Emotion Detection\Final dog dataset\Final dog dataset\relaxed\33585084386_a42600379c_b.jpg,relaxed
C:\Users\nihar\Documents\ML Projects\Deep Learning Projects\Dog Emotion Detection\Final dog dataset\Final dog dataset\angry\R8MbcjQVU7ENo6Kspwo3jSemKp5ZB4866.jpeg,angry
C:\Users\nihar\Documents\ML Projects\Deep Learning Projects\Dog Emotion Detection\Final dog dataset\Final dog dataset\happy\5552521116_d0e83782f2_b.jpg,happy
C:\Users\nihar\Documents\ML Projects\Deep Learning Projects\Dog Emotion Detection\Final dog dataset\Final dog dataset\angry\8lxLl0k5ulpcgSAueDQfcibXqlvdxQ930.jpg,angry
C:\Users\nihar\Documents\ML Projects\Deep Learning Projects\Dog Emotion Detection\Final dog dataset\Final dog dataset\happy\7895614602_dd1aeba2e1_b.jpg,happy
C:\Users\nihar\Documents\ML Projects\Deep Learning Projects\Dog Emotion Detection\Final dog dataset\Final dog dataset\sad\iixD1zNZd2EG6CrmQwUdd8RaGcf1zk169.jpg,sad
C:\Users\nihar\Documents\ML Projects\Deep Learning Projects\Dog Emotion Detection\Final dog dataset\Final dog dataset\relaxed\4788442853_a58d4bb39e_b.jpg,relaxed
C:\Users\nihar\Documents\ML Projects\Deep Learning Projects\Dog Emotion Detection\Final dog dataset\Final dog dataset\angry\yFrnoLVnR14TvMOUrfS3fnxiHaSFR8715.jpg,angry
C:\Users\nihar\Documents\ML Projects\Deep Learning Projects\Dog Emotion Detection\Final dog dataset\Final dog dataset\sad\maTuZCwFdONobekz8JdooOJJ8BOXZb191.jpg,sad
C:\Users\nihar\Documents\ML Projects\Deep Learning Projects\Dog Emotion Detection\Final dog dataset\Final dog dataset\happy\7819349018_ea77f541e2_b.jpg,happy
C:\Users\nihar\Documents\ML Projects\Deep Learning Projects\Dog Emotion Detection\Final dog dataset\Final dog dataset\angry\fnuBOWHjO6qrTFOrnPrB5Uehvv9yi8203.jpg,angry
C:\Users\nihar\Documents\ML Projects\Deep Learning Projects\Dog Emotion Detection\Final dog dataset\Final dog dataset\sad\qoqf2B2uLQRqFTLU4gmgvBDBM6UeNe913.jpg,sad
C:\Users\nihar\Documents\ML Projects\Deep Learning Projects\Dog Emotion Detection\Final dog dataset\Final dog dataset\angry\i6L6gJ9T1Wf61e819wqOIaJb1JciMm134.jpg,angry
C:\Users\nihar\Documents\ML Projects\Deep Learning Projects\Dog Emotion Detection\Final dog dataset\Final dog dataset\angry\aAy5vX7qoeCPGU3UKAUwIse9PQZ7Ew546.jpg,angry
C:\Users\nihar\Documents\ML Projects\Deep Learning Projects\Dog Emotion Detection\Final dog dataset\Final dog dataset\happy\7360169654_4cd20bf34a_b.jpg,happy
C:\Users\nihar\Documents\ML Projects\Deep Learning Projects\Dog Emotion Detection\Final dog dataset\Final dog dataset\happy\8580475405_303eaf14b8_b.jpg,happy
C:\Users\nihar\Documents\ML Projects\Deep Learning Projects\Dog Emotion Detection\Final dog dataset\Final dog dataset\sad\B4dgSBVj4sxNoraQLoH942QKmTq6m0494.jpg,sad
C:\Users\nihar\Documents\ML Projects\Deep Learning Projects\Dog Emotion Detection\Final dog dataset\Final dog dataset\sad\jcZ7epQGRMkJsGHHWG2mrwsdnyslvK697.jpg,sad
C:\Users\nihar\Documents\ML Projects\Deep Learning Projects\Dog Emotion Detection\Final dog dataset\Final dog dataset\angry\jOssWhhEPGY0Ky0GFlQPUTfxIdTSs6195.jpg,angry
C:\Users\nihar\Documents\ML Projects\Deep Learning Projects\Dog Emotion Detection\Final dog dataset\Final dog dataset\angry\lwJ10itB6vdK8vtXVBCw9VjAkQJi4o76.jpg,angry
C:\Users\nihar\Documents\ML Projects\Deep Learning Projects\Dog Emotion Detection\Final dog dataset\Final dog dataset\happy\6725228459_7114088c6b_b.jpg,happy
C:\Users\nihar\Documents\ML Projects\Deep Learning Projects\Dog Emotion Detection\Final dog dataset\Final dog dataset\sad\80a9r4jhblcaCeYdxV9hWVD7Z1H9xa9.jpg,sad
C:\Users\nihar\Documents\ML Projects\Deep Learning Projects\Dog Emotion Detection\Final dog dataset\Final dog dataset\relaxed\9635936376_2d303c3119_b.jpg,relaxed
C:\Users\nihar\Documents\ML Projects\Deep Learning Projects\Dog Emotion Detection\Final dog dataset\Final dog dataset\happy\6725991933_2796b3c8a5_b.jpg,happy
C:\Users\nihar\Documents\ML Projects\Deep Learning Projects\Dog Emotion Detection\Final dog dataset\Final dog dataset\sad\2jKDS5gWzF5BOCB7H96Dnb7KZUbI3N91.jpg,sad
C:\Users\nihar\Documents\ML Projects\Deep Learning Projects\Dog Emotion Detection\Final dog dataset\Final dog dataset\sad\beOUZb9ZtAKZiTkU1uYB8sRfNxI6NT446.jpg,sad
C:\Users\nihar\Documents\ML Projects\Deep Learning Projects\Dog Emotion Detection\Final dog dataset\Final dog dataset\relaxed\8812115178_743a6f3555_b.jpg,relaxed
C:\Users\nihar\Documents\ML Projects\Deep Learning Projects\Dog Emotion Detection\Final dog dataset\Final dog dataset\happy\IJCst3yWrtA8odDtYOOdImQtvU899F165.jpg,happy
C:\Users\nihar\Documents\ML Projects\Deep Learning Projects\Dog Emotion Detection\Final dog dataset\Final dog dataset\happy\6864143342_ccabc61718_b.jpg,happy
C:\Users\nihar\Documents\ML Projects\Deep Learning Projects\Dog Emotion Detection\Final dog dataset\Final dog dataset\relaxed\37584976986_e46d18ee56_b.jpg,relaxed
C:\Users\nihar\Documents\ML Projects\Deep Learning Projects\Dog Emotion Detection\Final dog dataset\Final dog dataset\relaxed\4843099045_2f8ccbfb41_b.jpg,relaxed
C:\Users\nihar\Documents\ML Projects\Deep Learning Projects\Dog Emotion Detection\Final dog dataset\Final dog dataset\angry\eJmD4DmTxItRHstTYGQuWs8Z5OKGGz139.jpg,angry
C:\Users\nihar\Documents\ML Projects\Deep Learning Projects\Dog Emotion Detection\Final dog dataset\Final dog dataset\angry\Ltifdq9yik2rnh48cURBLapnVzpyXs720.jpg,angry
C:\Users\nihar\Documents\ML Projects\Deep Learning Projects\Dog Emotion Detection\Final dog dataset\Final dog dataset\relaxed\34676105721_108d91013e_b.jpg,relaxed
C:\Users\nihar\Documents\ML Projects\Deep Learning Projects\Dog Emotion Detection\Final dog dataset\Final dog dataset\happy\6814973882_e53e761359_b.jpg,happy
C:\Users\nihar\Documents\ML Projects\Deep Learning Projects\Dog Emotion Detection\Final dog dataset\Final dog dataset\angry\rRKhKntRbdNvVjUMs0pob9tCCvmCrJ240.jpg,angry
C:\Users\nihar\Documents\ML Projects\Deep Learning Projects\Dog Emotion Detection\Final dog dataset\Final dog dataset\sad\DU5xjCx99rcPi9Ue7puBE6LBpByqeo802.jpg,sad
C:\Users\nihar\Documents\ML Projects\Deep Learning Projects\Dog Emotion Detection\Final dog dataset\Final dog dataset\sad\Px7nB7Qx6OghxeV01LmuXHU1kA8ccH16.jpg,sad
C:\Users\nihar\Documents\ML Projects\Deep Learning Projects\Dog Emotion Detection\Final dog dataset\Final dog dataset\happy\kvf8bcJkaPVWemGEGebe7kmWJ6yqD233.jpg,happy
C:\Users\nihar\Documents\ML Projects\Deep Learning Projects\Dog Emotion Detection\Final dog dataset\Final dog dataset\sad\2pGFcdvWlJ82y0S6n8ojINGPqYPY7m980.jpg,sad
C:\Users\nihar\Documents\ML Projects\Deep Learning Projects\Dog Emotion Detection\Final dog dataset\Final dog dataset\happy\ggyKZY5cZAFEUlt6UGDXKXK0MbPpL4842.jpg,happy
C:\Users\nihar\Documents\ML Projects\Deep Learning Projects\Dog Emotion Detection\Final dog dataset\Final dog dataset\relaxed\8989062338_7bc05817eb_b.jpg,relaxed
C:\Users\nihar\Documents\ML Projects\Deep Learning Projects\Dog Emotion Detection\Final dog dataset\Final dog dataset\relaxed\7905643236_129efe127d_b.jpg,relaxed
C:\Users\nihar\Documents\ML Projects\Deep Learning Projects\Dog Emotion Detection\Final dog dataset\Final dog dataset\happy\5753699080_4a08e98eac_b.jpg,happy
C:\Users\nihar\Documents\ML Projects\Deep Learning Projects\Dog Emotion Detection\Final dog dataset\Final dog dataset\angry\8653877467_f5e1ec2e36_b.jpg,angry
C:\Users\nihar\Documents\ML Projects\Deep Learning Projects\Dog Emotion Detection\Final dog dataset\Final dog dataset\happy\5602480698_f25321e9a1_b.jpg,happy
C:\Users\nihar\Documents\ML Projects\Deep Learning Projects\Dog Emotion Detection\Final dog dataset\Final dog dataset\sad\lwk4rDTw7xAjTR9OBzSxy9idPf3DMS509.jpg,sad
C:\Users\nihar\Documents\ML Projects\Deep Learning Projects\Dog Emotion Detection\Final dog dataset\Final dog dataset\angry\EOqBFoeGUZWSWYjXrF8zp75xi8fFty226.jpg,angry
C:\Users\nihar\Documents\ML Projects\Deep Learning Projects\Dog Emotion Detection\Final dog dataset\Final dog dataset\relaxed\46889589052_7379363510_b.jpg,relaxed
C:\Users\nihar\Documents\ML Projects\Deep Learning Projects\Dog Emotion Detection\Final dog dataset\Final dog dataset\happy\7354075906_94efe7d01b_b.jpg,happy
C:\Users\nihar\Documents\ML Projects\Deep Learning Projects\Dog Emotion Detection\Final dog dataset\Final dog dataset\sad\5YDumoWsn24MUS5ilqUCHvefO2nMBd729.jpg,sad
C:\Users\nihar\Documents\ML Projects\Deep Learning Projects\Dog Emotion Detection\Final dog dataset\Final dog dataset\happy\2mSDYmclz1x8Nyg86GAelsDQRwbxZS447.jpg,happy
C:\Users\nihar\Documents\ML Projects\Deep Learning Projects\Dog Emotion Detection\Final dog dataset\Final dog dataset\happy\CNfG1TdPO2Pd4JdWVxASd90T7Zn7iw187.jpg,happy
C:\Users\nihar\Documents\ML Projects\Deep Learning Projects\Dog Emotion Detection\Final dog dataset\Final dog dataset\sad\QtldW6J0mZ6rGD4kQBN4yJqy1FBtjz930.jpg,sad
C:\Users\nihar\Documents\ML Projects\Deep Learning Projects\Dog Emotion Detection\Final dog dataset\Final dog dataset\relaxed\3307857681_684474d313_b.jpg,relaxed
C:\Users\nihar\Documents\ML Projects\Deep Learning Projects\Dog Emotion Detection\Final dog dataset\Final dog dataset\relaxed\4563036835_08b16dbee3_b.jpg,relaxed
C:\Users\nihar\Documents\ML Projects\Deep Learning Projects\Dog Emotion Detection\Final dog dataset\Final dog dataset\angry\PHZ94eVJ6ND39OypzIq9BcdtaJ0ge624.jpg,angry
C:\Users\nihar\Documents\ML Projects\Deep Learning Projects\Dog Emotion Detection\Final dog dataset\Final dog dataset\happy\ExI6edxxB6Vls1LGizwJmutLUotXtY128.jpg,happy
C:\Users\nihar\Documents\ML Projects\Deep Learning Projects\Dog Emotion Detection\Final dog dataset\Final dog dataset\sad\D36XwKiTXiIqqmQX2zSABoPvDbZLgp566.jpg,sad
C:\Users\nihar\Documents\ML Projects\Deep Learning Projects\Dog Emotion Detection\Final dog dataset\Final dog dataset\angry\AeV9eu0dR4osuJsuw6wN1aRRx5GUdv99.jpg,angry
C:\Users\nihar\Documents\ML Projects\Deep Learning Projects\Dog Emotion Detection\Final dog dataset\Final dog dataset\happy\Inwtcd35W50MKPyzpX3IMhqIWcFjRh151.jpg,happy
C:\Users\nihar\Documents\ML Projects\Deep Learning Projects\Dog Emotion Detection\Final dog dataset\Final dog dataset\sad\WMSEdsI93WbYZ9rcgHiX68torL4xHy322.jpg,sad
C:\Users\nihar\Documents\ML Projects\Deep Learning Projects\Dog Emotion Detection\Final dog dataset\Final dog dataset\happy\Cfi1VE0S0lSoQxZk67ynjLbPBMevD2771.jpg,happy
C:\Users\nihar\Documents\ML Projects\Deep Learning Projects\Dog Emotion Detection\Final dog dataset\Final dog dataset\relaxed\5250297404_b87221a742_b.jpg,relaxed
C:\Users\nihar\Documents\ML Projects\Deep Learning Projects\Dog Emotion Detection\Final dog dataset\Final dog dataset\angry\fNHFMHJU9o6ATtxuFMUZHkA0g1kNBQ383.jpg,angry
C:\Users\nihar\Documents\ML Projects\Deep Learning Projects\Dog Emotion Detection\Final dog dataset\Final dog dataset\relaxed\6236975626_f72aac846c_b.jpg,relaxed
C:\Users\nihar\Documents\ML Projects\Deep Learning Projects\Dog Emotion Detection\Final dog dataset\Final dog dataset\sad\GH1CZ0gQwcM0qK1dqbLLBIZmrJKmVU192.jpg,sad
C:\Users\nihar\Documents\ML Projects\Deep Learning Projects\Dog Emotion Detection\Final dog dataset\Final dog dataset\relaxed\41091046421_b729b3f4a6_b.jpg,relaxed
C:\Users\nihar\Documents\ML Projects\Deep Learning Projects\Dog Emotion Detection\Final dog dataset\Final dog dataset\sad\Zv6jFEYVRnqAeTZ3EvPSmH5AaslCQD463.jpg,sad
C:\Users\nihar\Documents\ML Projects\Deep Learning Projects\Dog Emotion Detection\Final dog dataset\Final dog dataset\relaxed\9548789912_0469561323_b.jpg,relaxed
C:\Users\nihar\Documents\ML Projects\Deep Learning Projects\Dog Emotion Detection\Final dog dataset\Final dog dataset\happy\7285437584_671f79cd73_b.jpg,happy
C:\Users\nihar\Documents\ML Projects\Deep Learning Projects\Dog Emotion Detection\Final dog dataset\Final dog dataset\relaxed\4128647607_8b609b0bc1_b.jpg,relaxed
C:\Users\nihar\Documents\ML Projects\Deep Learning Projects\Dog Emotion Detection\Final dog dataset\Final dog dataset\angry\NwAWRtiEywQEC2ElRjVw9KN5rtxEu7844.jpg,angry
C:\Users\nihar\Documents\ML Projects\Deep Learning Projects\Dog Emotion Detection\Final dog dataset\Final dog dataset\relaxed\6508572987_40b0e7ed97_b.jpg,relaxed
C:\Users\nihar\Documents\ML Projects\Deep Learning Projects\Dog Emotion Detection\Final dog dataset\Final dog dataset\sad\hd8BVrvJo9RH45flLxq2zQjmswklRw352.jpg,sad
C:\Users\nihar\Documents\ML Projects\Deep Learning Projects\Dog Emotion Detection\Final dog dataset\Final dog dataset\sad\ZcdRZq8RtLDagg0XVJuqLjX4i2YI9R823.jpg,sad
C:\Users\nihar\Documents\ML Projects\Deep Learning Projects\Dog Emotion Detection\Final dog dataset\Final dog dataset\happy\Dr6NRzj8y4Jcb4b1zAoMBNsl8Ad5ZD236.jpg,happy
C:\Users\nihar\Documents\ML Projects\Deep Learning Projects\Dog Emotion Detection\Final dog dataset\Final dog dataset\relaxed\5221675751_f7d4aab806_b.jpg,relaxed
C:\Users\nihar\Documents\ML Projects\Deep Learning Projects\Dog Emotion Detection\Final dog dataset\Final dog dataset\happy\7202622800_bd428c64f3_b.jpg,happy
C:\Users\nihar\Documents\ML Projects\Deep Learning Projects\Dog Emotion Detection\Final dog dataset\Final dog dataset\angry\8yl58b6z8F2HA2LixWmLQjvetf0bSb905.jpg,angry
C:\Users\nihar\Documents\ML Projects\Deep Learning Projects\Dog Emotion Detection\Final dog dataset\Final dog dataset\relaxed\9431244754_700b17d57c_b.jpg,relaxed
C:\Users\nihar\Documents\ML Projects\Deep Learning Projects\Dog Emotion Detection\Final dog dataset\Final dog dataset\sad\v5H6rxAGYPa3vEurjFtU4IAFGky8WI436.jpg,sad
C:\Users\nihar\Documents\ML Projects\Deep Learning Projects\Dog Emotion Detection\Final dog dataset\Final dog dataset\relaxed\33210959985_c053d80c99_b.jpg,relaxed
C:\Users\nihar\Documents\ML Projects\Deep Learning Projects\Dog Emotion Detection\Final dog dataset\Final dog dataset\angry\wtx1OqsfVoWQL2m5r4pFPoSKQWahPE185.jpg,angry
C:\Users\nihar\Documents\ML Projects\Deep Learning Projects\Dog Emotion Detection\Final dog dataset\Final dog dataset\happy\H7AzwGwhRIrh4pvKotsnuHlff2Kz5l638.jpg,happy
C:\Users\nihar\Documents\ML Projects\Deep Learning Projects\Dog Emotion Detection\Final dog dataset\Final dog dataset\happy\BJuMuMcTNwLwZdgimhJPtBYNWI2ASz348.jpg,happy
C:\Users\nihar\Documents\ML Projects\Deep Learning Projects\Dog Emotion Detection\Final dog dataset\Final dog dataset\relaxed\8754613465_27053e21b7_b.jpg,relaxed
C:\Users\nihar\Documents\ML Projects\Deep Learning Projects\Dog Emotion Detection\Final dog dataset\Final dog dataset\angry\efBxvdG1JpAUnIa5q2s4fpCbYeFqEL804.jpg,angry
C:\Users\nihar\Documents\ML Projects\Deep Learning Projects\Dog Emotion Detection\Final dog dataset\Final dog dataset\angry\PUUmF0NLsN1iM3m1VW6nUJhyTCHusH807.jpg,angry
C:\Users\nihar\Documents\ML Projects\Deep Learning Projects\Dog Emotion Detection\Final dog dataset\Final dog dataset\happy\EkCBGXPJRfeR0KZDMIhtUMwxolOLEK341.jpg,happy
C:\Users\nihar\Documents\ML Projects\Deep Learning Projects\Dog Emotion Detection\Final dog dataset\Final dog dataset\happy\5649263828_a22331e477_b.jpg,happy
C:\Users\nihar\Documents\ML Projects\Deep Learning Projects\Dog Emotion Detection\Final dog dataset\Final dog dataset\relaxed\459587184_fed6cadb1f_b.jpg,relaxed
C:\Users\nihar\Documents\ML Projects\Deep Learning Projects\Dog Emotion Detection\Final dog dataset\Final dog dataset\angry\eW8CFuQ6mq3JjhZ1bNeJLcnRobgBQk53.jpg,angry
C:\Users\nihar\Documents\ML Projects\Deep Learning Projects\Dog Emotion Detection\Final dog dataset\Final dog dataset\happy\7401257880_da0e537098_b.jpg,happy
C:\Users\nihar\Documents\ML Projects\Deep Learning Projects\Dog Emotion Detection\Final dog dataset\Final dog dataset\sad\xEgJLNN9P23ldSMbcxCIRrOwzBeaAt666.jpg,sad
C:\Users\nihar\Documents\ML Projects\Deep Learning Projects\Dog Emotion Detection\Final dog dataset\Final dog dataset\angry\fm6RVIM5JpEQ8dcm9PFVdLkTNqb3Ad640.jpg,angry
C:\Users\nihar\Documents\ML Projects\Deep Learning Projects\Dog Emotion Detection\Final dog dataset\Final dog dataset\sad\aPAstX6tp8P3UcUY0iMLKuEa1eZXF2918.jpg,sad
C:\Users\nihar\Documents\ML Projects\Deep Learning Projects\Dog Emotion Detection\Final dog dataset\Final dog dataset\sad\moVaAHPTJc22s7y7RQa4v8g9gs7zhP739.jpg,sad
C:\Users\nihar\Documents\ML Projects\Deep Learning Projects\Dog Emotion Detection\Final dog dataset\Final dog dataset\happy\8521734595_217d114c38_b.jpg,happy
C:\Users\nihar\Documents\ML Projects\Deep Learning Projects\Dog Emotion Detection\Final dog dataset\Final dog dataset\happy\870447181_ccfc224188_b.jpg,happy
C:\Users\nihar\Documents\ML Projects\Deep Learning Projects\Dog Emotion Detection\Final dog dataset\Final dog dataset\sad\kHmQFYoRPIeHECGQ2Mv8NaOplwiz3l46.jpg,sad
C:\Users\nihar\Documents\ML Projects\Deep Learning Projects\Dog Emotion Detection\Final dog dataset\Final dog dataset\sad\zaXXVcNmpnAR5IGtYzekELRlf65fRW329.jpg,sad
C:\Users\nihar\Documents\ML Projects\Deep Learning Projects\Dog Emotion Detection\Final dog dataset\Final dog dataset\happy\6391376995_c38d3ca84f_b.jpg,happy
C:\Users\nihar\Documents\ML Projects\Deep Learning Projects\Dog Emotion Detection\Final dog dataset\Final dog dataset\angry\3Yzy86q8gSFC1Lc8z6SdJjPjIxnmO7677.jpg,angry
C:\Users\nihar\Documents\ML Projects\Deep Learning Projects\Dog Emotion Detection\Final dog dataset\Final dog dataset\sad\O5pMKUJtDip8T1CdxMNH8zoOmmB23G232.jpg,sad
C:\Users\nihar\Documents\ML Projects\Deep Learning Projects\Dog Emotion Detection\Final dog dataset\Final dog dataset\happy\JvFU9asD3v8eWGS3L7Y31H5ezzcFaO526.jpg,happy
C:\Users\nihar\Documents\ML Projects\Deep Learning Projects\Dog Emotion Detection\Final dog dataset\Final dog dataset\angry\YFKyysvtDT8dCCJyehjyueOtNizAUc775.jpg,angry
C:\Users\nihar\Documents\ML Projects\Deep Learning Projects\Dog Emotion Detection\Final dog dataset\Final dog dataset\sad\i6KiKCxIshrju7McDDBjSyXyqlLmSn954.jpg,sad
C:\Users\nihar\Documents\ML Projects\Deep Learning Projects\Dog Emotion Detection\Final dog dataset\Final dog dataset\sad\ItrDBLXI8ZAWeE31I4TRhelnkelgmY299.jpg,sad
C:\Users\nihar\Documents\ML Projects\Deep Learning Projects\Dog Emotion Detection\Final dog dataset\Final dog dataset\happy\FVUSAcqRfJ5zvajk2Ip58axMK2OCW4888.jpg,happy
C:\Users\nihar\Documents\ML Projects\Deep Learning Projects\Dog Emotion Detection\Final dog dataset\Final dog dataset\sad\QqTxAnorcA6t8iA2FHACj0a1r2BrwX664.jpg,sad
C:\Users\nihar\Documents\ML Projects\Deep Learning Projects\Dog Emotion Detection\Final dog dataset\Final dog dataset\relaxed\5433648007_4a8f5f7694_b.jpg,relaxed
C:\Users\nihar\Documents\ML Projects\Deep Learning Projects\Dog Emotion Detection\Final dog dataset\Final dog dataset\angry\CW0vbYRMHd99z6GVZvEMvQVwbBq1XH393.jpg,angry
C:\Users\nihar\Documents\ML Projects\Deep Learning Projects\Dog Emotion Detection\Final dog dataset\Final dog dataset\angry\m29JhiKgS5hrEMuATWmDYf0CBMG4bw948.jpg,angry
C:\Users\nihar\Documents\ML Projects\Deep Learning Projects\Dog Emotion Detection\Final dog dataset\Final dog dataset\relaxed\38615488230_64a1643488_b.jpg,relaxed
C:\Users\nihar\Documents\ML Projects\Deep Learning Projects\Dog Emotion Detection\Final dog dataset\Final dog dataset\relaxed\7847727128_61c8b819f0_b.jpg,relaxed
C:\Users\nihar\Documents\ML Projects\Deep Learning Projects\Dog Emotion Detection\Final dog dataset\Final dog dataset\angry\I2lR9ZQ3g3JTUFdk4uFJmsFfipfcN9726.jpg,angry
C:\Users\nihar\Documents\ML Projects\Deep Learning Projects\Dog Emotion Detection\Final dog dataset\Final dog dataset\sad\JguMgL0Tml5btBw0XMUlW4wBXEfGXR230.jpg,sad
C:\Users\nihar\Documents\ML Projects\Deep Learning Projects\Dog Emotion Detection\Final dog dataset\Final dog dataset\happy\9271666666_bee3194f1d_b.jpg,happy
C:\Users\nihar\Documents\ML Projects\Deep Learning Projects\Dog Emotion Detection\Final dog dataset\Final dog dataset\sad\VNqe4d9rZFIlMer8huUjzeLdRA12VA477.jpg,sad
C:\Users\nihar\Documents\ML Projects\Deep Learning Projects\Dog Emotion Detection\Final dog dataset\Final dog dataset\relaxed\4851761439_6b542d5455_b.jpg,relaxed
C:\Users\nihar\Documents\ML Projects\Deep Learning Projects\Dog Emotion Detection\Final dog dataset\Final dog dataset\happy\4QrTfEx4w8ArLdbF5lrkMvNCPjKMyz571.jpg,happy
C:\Users\nihar\Documents\ML Projects\Deep Learning Projects\Dog Emotion Detection\Final dog dataset\Final dog dataset\angry\WNVAtpQ4s6UGyiC18QiC8LqpJL2IhA365.jpg,angry
C:\Users\nihar\Documents\ML Projects\Deep Learning Projects\Dog Emotion Detection\Final dog dataset\Final dog dataset\relaxed\4863254257_73c974d8d9_b.jpg,relaxed
C:\Users\nihar\Documents\ML Projects\Deep Learning Projects\Dog Emotion Detection\Final dog dataset\Final dog dataset\angry\HWwRF8l7Gb62JhUHILKsH97uUbO2FQ776.jpg,angry
C:\Users\nihar\Documents\ML Projects\Deep Learning Projects\Dog Emotion Detection\Final dog dataset\Final dog dataset\relaxed\8363279365_b71996e6ec_b.jpg,relaxed
C:\Users\nihar\Documents\ML Projects\Deep Learning Projects\Dog Emotion Detection\Final dog dataset\Final dog dataset\relaxed\8201206444_63a49c0a81_b.jpg,relaxed
C:\Users\nihar\Documents\ML Projects\Deep Learning Projects\Dog Emotion Detection\Final dog dataset\Final dog dataset\sad\fx4qnSkytjQ19FBdlx2rDaQ3iFaxby936.jpg,sad
C:\Users\nihar\Documents\ML Projects\Deep Learning Projects\Dog Emotion Detection\Final dog dataset\Final dog dataset\happy\1aDAhxgUV8TWkvos7L8MaZ9dj0fpBH965.jpg,happy
C:\Users\nihar\Documents\ML Projects\Deep Learning Projects\Dog Emotion Detection\Final dog dataset\Final dog dataset\happy\7382252800_97e161cc04_b.jpg,happy
C:\Users\nihar\Documents\ML Projects\Deep Learning Projects\Dog Emotion Detection\Final dog dataset\Final dog dataset\relaxed\5610705209_b05dd3f2bb_b.jpg,relaxed
C:\Users\nihar\Documents\ML Projects\Deep Learning Projects\Dog Emotion Detection\Final dog dataset\Final dog dataset\relaxed\7831083472_ab5cca0ae2_b.jpg,relaxed
C:\Users\nihar\Documents\ML Projects\Deep Learning Projects\Dog Emotion Detection\Final dog dataset\Final dog dataset\angry\tzLBtVzEH5MY5bchm3bE5lSoWDbBIu938.jpg,angry
C:\Users\nihar\Documents\ML Projects\Deep Learning Projects\Dog Emotion Detection\Final dog dataset\Final dog dataset\angry\62jTtCF0xpxlcsEtWt6qgQDK6aEyqZ229.jpg,angry
C:\Users\nihar\Documents\ML Projects\Deep Learning Projects\Dog Emotion Detection\Final dog dataset\Final dog dataset\happy\9531937000_4eff1fe6c8_b.jpg,happy
C:\Users\nihar\Documents\ML Projects\Deep Learning Projects\Dog Emotion Detection\Final dog dataset\Final dog dataset\sad\f3ttk6z40aRwDGSvLiwYf99fazS0dW505.jpg,sad
C:\Users\nihar\Documents\ML Projects\Deep Learning Projects\Dog Emotion Detection\Final dog dataset\Final dog dataset\angry\XKnYV2xWPZ8jOJdDV98FhNmwDcflV7633.jpg,angry
C:\Users\nihar\Documents\ML Projects\Deep Learning Projects\Dog Emotion Detection\Final dog dataset\Final dog dataset\happy\FQ33t9ZdAqnbyeyiJ0JYtaJiZ7ObQQ10.jpg,happy
C:\Users\nihar\Documents\ML Projects\Deep Learning Projects\Dog Emotion Detection\Final dog dataset\Final dog dataset\angry\Z3yigxcnioiiHwErVHm4WmULbHg1vZ445.jpg,angry
C:\Users\nihar\Documents\ML Projects\Deep Learning Projects\Dog Emotion Detection\Final dog dataset\Final dog dataset\sad\zLieRVP48qOj39rOCLeFIUujJBE4yg781.jpg,sad
C:\Users\nihar\Documents\ML Projects\Deep Learning Projects\Dog Emotion Detection\Final dog dataset\Final dog dataset\happy\9unOiReG7JfBp1CmKh1YveZVHo9Nmm306.jpg,happy
C:\Users\nihar\Documents\ML Projects\Deep Learning Projects\Dog Emotion Detection\Final dog dataset\Final dog dataset\angry\Mqb5ZvBOgfw7JBPAzqKwkFrO7DfuwX387.jpg,angry
C:\Users\nihar\Documents\ML Projects\Deep Learning Projects\Dog Emotion Detection\Final dog dataset\Final dog dataset\happy\6982737896_116763a59f_b.jpg,happy
C:\Users\nihar\Documents\ML Projects\Deep Learning Projects\Dog Emotion Detection\Final dog dataset\Final dog dataset\relaxed\33529689508_120be3ef0a_b.jpg,relaxed
C:\Users\nihar\Documents\ML Projects\Deep Learning Projects\Dog Emotion Detection\Final dog dataset\Final dog dataset\relaxed\7521804774_ca5ea889a0_b.jpg,relaxed
C:\Users\nihar\Documents\ML Projects\Deep Learning Projects\Dog Emotion Detection\Final dog dataset\Final dog dataset\angry\Q6roFSnvvfPRqysaKVJToagMFv56O9991.jpg,angry
C:\Users\nihar\Documents\ML Projects\Deep Learning Projects\Dog Emotion Detection\Final dog dataset\Final dog dataset\happy\6O50aHD0j0hFNqSkjAIzTAaoB5Q6OW56.jpg,happy
C:\Users\nihar\Documents\ML Projects\Deep Learning Projects\Dog Emotion Detection\Final dog dataset\Final dog dataset\angry\bFzgmZCiIjEztKuFb8G1en9n4N1siA216.jpg,angry
C:\Users\nihar\Documents\ML Projects\Deep Learning Projects\Dog Emotion Detection\Final dog dataset\Final dog dataset\relaxed\5514430497_117b91d294_b.jpg,relaxed
C:\Users\nihar\Documents\ML Projects\Deep Learning Projects\Dog Emotion Detection\Final dog dataset\Final dog dataset\relaxed\40044432394_20336c7d29_b.jpg,relaxed
C:\Users\nihar\Documents\ML Projects\Deep Learning Projects\Dog Emotion Detection\Final dog dataset\Final dog dataset\relaxed\4296019802_45ddafb7f0_b.jpg,relaxed
C:\Users\nihar\Documents\ML Projects\Deep Learning Projects\Dog Emotion Detection\Final dog dataset\Final dog dataset\happy\gzBBgItdpe2GBEA4KUDOjnLaM6dn7q748.jpg,happy
C:\Users\nihar\Documents\ML Projects\Deep Learning Projects\Dog Emotion Detection\Final dog dataset\Final dog dataset\happy\04FMq3exmYnLxQ85XzYhS0a9Mrb5Ic420.jpg,happy
C:\Users\nihar\Documents\ML Projects\Deep Learning Projects\Dog Emotion Detection\Final dog dataset\Final dog dataset\happy\8490520870_d99601575a_b.jpg,happy
C:\Users\nihar\Documents\ML Projects\Deep Learning Projects\Dog Emotion Detection\Final dog dataset\Final dog dataset\relaxed\9602840357_84ecbb4854_b.jpg,relaxed
C:\Users\nihar\Documents\ML Projects\Deep Learning Projects\Dog Emotion Detection\Final dog dataset\Final dog dataset\sad\jMTnMIdUcRDWhhR1OAHIxulr7dLx62985.jpg,sad
C:\Users\nihar\Documents\ML Projects\Deep Learning Projects\Dog Emotion Detection\Final dog dataset\Final dog dataset\relaxed\38954262060_a225101daf_b.jpg,relaxed
C:\Users\nihar\Documents\ML Projects\Deep Learning Projects\Dog Emotion Detection\Final dog dataset\Final dog dataset\happy\9383825789_5a73987ab0_b.jpg,happy
C:\Users\nihar\Documents\ML Projects\Deep Learning Projects\Dog Emotion Detection\Final dog dataset\Final dog dataset\angry\xjW02YiSDOrydGQgRubh262c6e3C2t552.jpg,angry
C:\Users\nihar\Documents\ML Projects\Deep Learning Projects\Dog Emotion Detection\Final dog dataset\Final dog dataset\sad\AC0ox2D8zw0j8ySAOv2pUIL2sbMzOD150.jpg,sad
C:\Users\nihar\Documents\ML Projects\Deep Learning Projects\Dog Emotion Detection\Final dog dataset\Final dog dataset\happy\6XUNBd3XvlRyatTbZaiZh0UJrQprZc415.jpg,happy
C:\Users\nihar\Documents\ML Projects\Deep Learning Projects\Dog Emotion Detection\Final dog dataset\Final dog dataset\relaxed\7783869948_641f05fa3b_b.jpg,relaxed
C:\Users\nihar\Documents\ML Projects\Deep Learning Projects\Dog Emotion Detection\Final dog dataset\Final dog dataset\relaxed\46397435515_6dc57b117a_b.jpg,relaxed
C:\Users\nihar\Documents\ML Projects\Deep Learning Projects\Dog Emotion Detection\Final dog dataset\Final dog dataset\angry\oyb3C7PunyghFfpcS6sLfMSfu3nKHV328.jpg,angry
C:\Users\nihar\Documents\ML Projects\Deep Learning Projects\Dog Emotion Detection\Final dog dataset\Final dog dataset\relaxed\6704518075_80c6f3e71b_b.jpg,relaxed
C:\Users\nihar\Documents\ML Projects\Deep Learning Projects\Dog Emotion Detection\Final dog dataset\Final dog dataset\happy\e13VEldtqkh9wOfpUAMFNicB6J3Iwd800.jpg,happy
C:\Users\nihar\Documents\ML Projects\Deep Learning Projects\Dog Emotion Detection\Final dog dataset\Final dog dataset\sad\WuwElyYkjgAq1AO0livvdJx4ZGjjRO92.jpg,sad
C:\Users\nihar\Documents\ML Projects\Deep Learning Projects\Dog Emotion Detection\Final dog dataset\Final dog dataset\angry\aBgjZx8MyHzwbP93LaOb2Y3OlwO3sC681.jpg,angry
C:\Users\nihar\Documents\ML Projects\Deep Learning Projects\Dog Emotion Detection\Final dog dataset\Final dog dataset\sad\z5GqNjGNd9RYQKG2PLsJnJhueKjcO8414.jpg,sad
C:\Users\nihar\Documents\ML Projects\Deep Learning Projects\Dog Emotion Detection\Final dog dataset\Final dog dataset\relaxed\8367209491_1d33dde82b_b.jpg,relaxed
C:\Users\nihar\Documents\ML Projects\Deep Learning Projects\Dog Emotion Detection\Final dog dataset\Final dog dataset\happy\8228475459_822f4d86c5_b.jpg,happy
C:\Users\nihar\Documents\ML Projects\Deep Learning Projects\Dog Emotion Detection\Final dog dataset\Final dog dataset\relaxed\5886498549_f2c06eac69_b.jpg,relaxed
C:\Users\nihar\Documents\ML Projects\Deep Learning Projects\Dog Emotion Detection\Final dog dataset\Final dog dataset\angry\tDKYiQEAoyo9bKAeZtij2dnxR8A564497.jpg,angry
C:\Users\nihar\Documents\ML Projects\Deep Learning Projects\Dog Emotion Detection\Final dog dataset\Final dog dataset\sad\2BeToLnr1G91VU4tcSJ81sKtiWoESN717.jpg,sad
C:\Users\nihar\Documents\ML Projects\Deep Learning Projects\Dog Emotion Detection\Final dog dataset\Final dog dataset\relaxed\5684088841_95fee805db_b.jpg,relaxed
C:\Users\nihar\Documents\ML Projects\Deep Learning Projects\Dog Emotion Detection\Final dog dataset\Final dog dataset\sad\NNcxdj2J6AX3OYQkOOF0lAKlNFoCSa722.jpg,sad
C:\Users\nihar\Documents\ML Projects\Deep Learning Projects\Dog Emotion Detection\Final dog dataset\Final dog dataset\angry\1GFNdPDe8wXTXZPBboGHYLJtAYolJq648.jpg,angry
C:\Users\nihar\Documents\ML Projects\Deep Learning Projects\Dog Emotion Detection\Final dog dataset\Final dog dataset\sad\F1wcA1zvudDLbILo3pBVXiyqpXFOaP128.jpg,sad
C:\Users\nihar\Documents\ML Projects\Deep Learning Projects\Dog Emotion Detection\Final dog dataset\Final dog dataset\angry\afPb717CAxFt9quBethXSrTAJSe1F4436.jpg,angry
C:\Users\nihar\Documents\ML Projects\Deep Learning Projects\Dog Emotion Detection\Final dog dataset\Final dog dataset\happy\fASHRePhtrxPPSrrBUPgngUPoVxBLT450.jpg,happy
C:\Users\nihar\Documents\ML Projects\Deep Learning Projects\Dog Emotion Detection\Final dog dataset\Final dog dataset\angry\xhhJsrOrmJ1LeWHUv4WT3FOTDtINqa950.jpg,angry
C:\Users\nihar\Documents\ML Projects\Deep Learning Projects\Dog Emotion Detection\Final dog dataset\Final dog dataset\happy\Iif1IVdhk9mbG7vMJz5RppUrLMRqc6476.jpg,happy
C:\Users\nihar\Documents\ML Projects\Deep Learning Projects\Dog Emotion Detection\Final dog dataset\Final dog dataset\relaxed\4615312848_005be39f8c_b.jpg,relaxed
C:\Users\nihar\Documents\ML Projects\Deep Learning Projects\Dog Emotion Detection\Final dog dataset\Final dog dataset\angry\YrUAM48nyzq9fazPWAvkMvaf4Wo0CR945.jpg,angry
C:\Users\nihar\Documents\ML Projects\Deep Learning Projects\Dog Emotion Detection\Final dog dataset\Final dog dataset\angry\H2nAyNr3rInvBs1b7iNz8eQ4ZisMs9244.jpg,angry
C:\Users\nihar\Documents\ML Projects\Deep Learning Projects\Dog Emotion Detection\Final dog dataset\Final dog dataset\happy\6817021164_3492f9a94b_b.jpg,happy
C:\Users\nihar\Documents\ML Projects\Deep Learning Projects\Dog Emotion Detection\Final dog dataset\Final dog dataset\sad\2tqmZ7Cj0m8Aozov8qFb0QNcfSs7JY44.jpg,sad
C:\Users\nihar\Documents\ML Projects\Deep Learning Projects\Dog Emotion Detection\Final dog dataset\Final dog dataset\angry\Kgh1GJ6qwsEsyV8o6qk8iyrwJyvqTr439.jpg,angry
C:\Users\nihar\Documents\ML Projects\Deep Learning Projects\Dog Emotion Detection\Final dog dataset\Final dog dataset\sad\X4YLVv3wFaoaULS2vEbKMto96esYIj842.jpg,sad
C:\Users\nihar\Documents\ML Projects\Deep Learning Projects\Dog Emotion Detection\Final dog dataset\Final dog dataset\angry\u49mucbIpKkonTxEIpCyDRW2NMbagT748.jpg,angry
C:\Users\nihar\Documents\ML Projects\Deep Learning Projects\Dog Emotion Detection\Final dog dataset\Final dog dataset\happy\Etz9sg1468KVkXRtCBqIt0LRe2JhYs877.jpg,happy
C:\Users\nihar\Documents\ML Projects\Deep Learning Projects\Dog Emotion Detection\Final dog dataset\Final dog dataset\angry\zmHNeJuvTBa5lFAtxZEm9LBqowIVoQ127.jpg,angry
C:\Users\nihar\Documents\ML Projects\Deep Learning Projects\Dog Emotion Detection\Final dog dataset\Final dog dataset\happy\cnvb28luHzWTKF2Nud6A8dzRwZoNu4501.jpg,happy
C:\Users\nihar\Documents\ML Projects\Deep Learning Projects\Dog Emotion Detection\Final dog dataset\Final dog dataset\sad\ysdzab4rYpC5Vg5l79L1rrZeUPBvLl379.jpg,sad
C:\Users\nihar\Documents\ML Projects\Deep Learning Projects\Dog Emotion Detection\Final dog dataset\Final dog dataset\relaxed\8123081460_d92bb7134f_b.jpg,relaxed
C:\Users\nihar\Documents\ML Projects\Deep Learning Projects\Dog Emotion Detection\Final dog dataset\Final dog dataset\angry\FvB5FzOZCLNDSav5vRgwk5mCkhcf16589.jpg,angry
C:\Users\nihar\Documents\ML Projects\Deep Learning Projects\Dog Emotion Detection\Final dog dataset\Final dog dataset\happy\7izReBd1JAeKSiRHVVjHtom4KKkyVX478.jpg,happy
C:\Users\nihar\Documents\ML Projects\Deep Learning Projects\Dog Emotion Detection\Final dog dataset\Final dog dataset\angry\N2KX2b6pgSK9ozXZAk1MTQXZ6gC8z5978.jpg,angry
C:\Users\nihar\Documents\ML Projects\Deep Learning Projects\Dog Emotion Detection\Final dog dataset\Final dog dataset\relaxed\6912642142_8ba68ee15f_b.jpg,relaxed
C:\Users\nihar\Documents\ML Projects\Deep Learning Projects\Dog Emotion Detection\Final dog dataset\Final dog dataset\happy\f18xEjxeGWeQHuLkLE6ncUaTBsGeQm676.jpg,happy
C:\Users\nihar\Documents\ML Projects\Deep Learning Projects\Dog Emotion Detection\Final dog dataset\Final dog dataset\relaxed\4554401385_edb838ca99_b.jpg,relaxed
C:\Users\nihar\Documents\ML Projects\Deep Learning Projects\Dog Emotion Detection\Final dog dataset\Final dog dataset\sad\7nry04iLMQYUeYTZz9YxTqwc7mFNu4953.jpg,sad
C:\Users\nihar\Documents\ML Projects\Deep Learning Projects\Dog Emotion Detection\Final dog dataset\Final dog dataset\happy\iCHw01GZ17tf5VX5JUM5f8mgv5KYEm139.jpg,happy
C:\Users\nihar\Documents\ML Projects\Deep Learning Projects\Dog Emotion Detection\Final dog dataset\Final dog dataset\angry\FnPSSqxmGvb6UzeAwOB4f6VahSHoCp85.jpg,angry
C:\Users\nihar\Documents\ML Projects\Deep Learning Projects\Dog Emotion Detection\Final dog dataset\Final dog dataset\angry\eZmqclG6Ix2howcZu09JaC7qBSQRpa298.jpg,angry
C:\Users\nihar\Documents\ML Projects\Deep Learning Projects\Dog Emotion Detection\Final dog dataset\Final dog dataset\angry\RYc1lQOUeFCHryKqybpqZpzn4S26rs204.jpg,angry
C:\Users\nihar\Documents\ML Projects\Deep Learning Projects\Dog Emotion Detection\Final dog dataset\Final dog dataset\angry\fQrs1PSgwZNkET979wF5BQ1GbRvMv720.jpg,angry
C:\Users\nihar\Documents\ML Projects\Deep Learning Projects\Dog Emotion Detection\Final dog dataset\Final dog dataset\relaxed\8998810103_dc3898c357_b.jpg,relaxed
C:\Users\nihar\Documents\ML Projects\Deep Learning Projects\Dog Emotion Detection\Final dog dataset\Final dog dataset\happy\FL3dFZ51wziUNTC1IA791u6PL7LoHs130.jpg,happy
C:\Users\nihar\Documents\ML Projects\Deep Learning Projects\Dog Emotion Detection\Final dog dataset\Final dog dataset\relaxed\31960465747_70f87ab5e5_b.jpg,relaxed
C:\Users\nihar\Documents\ML Projects\Deep Learning Projects\Dog Emotion Detection\Final dog dataset\Final dog dataset\sad\4HIR1ErQh2OYM4uMCuIWMhgOkN0QQ1907.jpg,sad
C:\Users\nihar\Documents\ML Projects\Deep Learning Projects\Dog Emotion Detection\Final dog dataset\Final dog dataset\relaxed\5650961393_56bbb59a8a_b.jpg,relaxed
C:\Users\nihar\Documents\ML Projects\Deep Learning Projects\Dog Emotion Detection\Final dog dataset\Final dog dataset\angry\TY9vtpCvUdJNycoRfZytnFMm5KSF9N325.jpg,angry
C:\Users\nihar\Documents\ML Projects\Deep Learning Projects\Dog Emotion Detection\Final dog dataset\Final dog dataset\happy\agFkZGtmuIKIKiLO8qWrfoyXkIlnVu738.jpg,happy
C:\Users\nihar\Documents\ML Projects\Deep Learning Projects\Dog Emotion Detection\Final dog dataset\Final dog dataset\happy\6249241246_f99d1d8c4e_b.jpg,happy
C:\Users\nihar\Documents\ML Projects\Deep Learning Projects\Dog Emotion Detection\Final dog dataset\Final dog dataset\angry\86y6mVVgPmupOOiM6sZkosgsKt6uHl764.jpg,angry
C:\Users\nihar\Documents\ML Projects\Deep Learning Projects\Dog Emotion Detection\Final dog dataset\Final dog dataset\happy\6iojXzB9Sg69tl7GHp4zNno0aIbiJP107.jpg,happy
C:\Users\nihar\Documents\ML Projects\Deep Learning Projects\Dog Emotion Detection\Final dog dataset\Final dog dataset\sad\eRydr8RAz0zVV7ISTjWf8TZ9hCHv61733.jpg,sad
C:\Users\nihar\Documents\ML Projects\Deep Learning Projects\Dog Emotion Detection\Final dog dataset\Final dog dataset\relaxed\459587684_7a668e1b1e_b.jpg,relaxed
C:\Users\nihar\Documents\ML Projects\Deep Learning Projects\Dog Emotion Detection\Final dog dataset\Final dog dataset\angry\yymIKCWkoPs4nSX0NWZPbHVFU6No6e598.jpg,angry
C:\Users\nihar\Documents\ML Projects\Deep Learning Projects\Dog Emotion Detection\Final dog dataset\Final dog dataset\relaxed\43093257135_3d90f8e500_b.jpg,relaxed
C:\Users\nihar\Documents\ML Projects\Deep Learning Projects\Dog Emotion Detection\Final dog dataset\Final dog dataset\angry\5546002800_db77473a29_b.jpg,angry
C:\Users\nihar\Documents\ML Projects\Deep Learning Projects\Dog Emotion Detection\Final dog dataset\Final dog dataset\sad\SZjamllB8lKbxx92lnoZLJ8TbIqWEL731.jpg,sad
C:\Users\nihar\Documents\ML Projects\Deep Learning Projects\Dog Emotion Detection\Final dog dataset\Final dog dataset\relaxed\38860464862_5dca50923b_b.jpg,relaxed
C:\Users\nihar\Documents\ML Projects\Deep Learning Projects\Dog Emotion Detection\Final dog dataset\Final dog dataset\sad\DVD9s9YDswU5K8lqt6llR5rdpyCQgC7.jpg,sad
C:\Users\nihar\Documents\ML Projects\Deep Learning Projects\Dog Emotion Detection\Final dog dataset\Final dog dataset\happy\2OLkWxmeUiHwvuR6eKTwX1GmBiJq7y614.jpg,happy
C:\Users\nihar\Documents\ML Projects\Deep Learning Projects\Dog Emotion Detection\Final dog dataset\Final dog dataset\angry\11372859135_20ec8363a4_b.jpg,angry
C:\Users\nihar\Documents\ML Projects\Deep Learning Projects\Dog Emotion Detection\Final dog dataset\Final dog dataset\angry\Xu6w4CqQaAhMGJ1BdJAsGfYbFb25Dd424.jpg,angry
C:\Users\nihar\Documents\ML Projects\Deep Learning Projects\Dog Emotion Detection\Final dog dataset\Final dog dataset\happy\eGbzLCK78UJz4YEzT68QCKDYKjGIEh517.jpg,happy
C:\Users\nihar\Documents\ML Projects\Deep Learning Projects\Dog Emotion Detection\Final dog dataset\Final dog dataset\angry\VPI8G3yMZBmPj0x6gi6uxGMdJoCn74615.jpg,angry
C:\Users\nihar\Documents\ML Projects\Deep Learning Projects\Dog Emotion Detection\Final dog dataset\Final dog dataset\sad\hJmwuMvJTOdHsdazax5wSsoFoNbDvO556.jpg,sad
C:\Users\nihar\Documents\ML Projects\Deep Learning Projects\Dog Emotion Detection\Final dog dataset\Final dog dataset\angry\mbsbx26q7vvrPX4i1RDcwh2zrj50kA533.jpg,angry
C:\Users\nihar\Documents\ML Projects\Deep Learning Projects\Dog Emotion Detection\Final dog dataset\Final dog dataset\sad\AsvSCWLiAYDRtzBVKeL7tgA7BS4alA56.jpg,sad
C:\Users\nihar\Documents\ML Projects\Deep Learning Projects\Dog Emotion Detection\Final dog dataset\Final dog dataset\angry\j5KdqDqt6W928Mmokf8zWXwj7tH6Hi884.jpg,angry
C:\Users\nihar\Documents\ML Projects\Deep Learning Projects\Dog Emotion Detection\Final dog dataset\Final dog dataset\relaxed\4492946117_d5bf92e2e5_b.jpg,relaxed
C:\Users\nihar\Documents\ML Projects\Deep Learning Projects\Dog Emotion Detection\Final dog dataset\Final dog dataset\happy\7490485184_08497eb300_b.jpg,happy
C:\Users\nihar\Documents\ML Projects\Deep Learning Projects\Dog Emotion Detection\Final dog dataset\Final dog dataset\happy\82SI7IcxcuK4r94n9OSptzpE5EHaSp546.jpg,happy
C:\Users\nihar\Documents\ML Projects\Deep Learning Projects\Dog Emotion Detection\Final dog dataset\Final dog dataset\sad\u3sRb2YdMaRQ4wZ0PmR0MxlPjx9n30860.jpg,sad
C:\Users\nihar\Documents\ML Projects\Deep Learning Projects\Dog Emotion Detection\Final dog dataset\Final dog dataset\angry\cc79mOhzoG4YClBSctDepqTNwwN7Ld632.jpg,angry
C:\Users\nihar\Documents\ML Projects\Deep Learning Projects\Dog Emotion Detection\Final dog dataset\Final dog dataset\sad\fJhVocrjBe2JBahUeIfrvbBu9jRTho444.jpg,sad
C:\Users\nihar\Documents\ML Projects\Deep Learning Projects\Dog Emotion Detection\Final dog dataset\Final dog dataset\angry\kWzQWkgZfqbthuEVZ7NVVOLVavJ2P0872.jpg,angry
C:\Users\nihar\Documents\ML Projects\Deep Learning Projects\Dog Emotion Detection\Final dog dataset\Final dog dataset\angry\0jgI6KwR6IGvq9CAMBB3srLRa0W7z7192.jpg,angry
C:\Users\nihar\Documents\ML Projects\Deep Learning Projects\Dog Emotion Detection\Final dog dataset\Final dog dataset\angry\i4NhL0RgxK0THoAAbpGCrkldmhfl6m412.jpg,angry
C:\Users\nihar\Documents\ML Projects\Deep Learning Projects\Dog Emotion Detection\Final dog dataset\Final dog dataset\relaxed\50384669763_bc775ea67e_b.jpg,relaxed
C:\Users\nihar\Documents\ML Projects\Deep Learning Projects\Dog Emotion Detection\Final dog dataset\Final dog dataset\sad\2xAFTsI38Tr4m1QSObbd2pIdnzLnfh78.jpg,sad
C:\Users\nihar\Documents\ML Projects\Deep Learning Projects\Dog Emotion Detection\Final dog dataset\Final dog dataset\relaxed\3613787330_49f9f081bc_b.jpg,relaxed
C:\Users\nihar\Documents\ML Projects\Deep Learning Projects\Dog Emotion Detection\Final dog dataset\Final dog dataset\sad\jIqW1supR6pNhlaYbqomNdG6VPTjaG833.jpg,sad
C:\Users\nihar\Documents\ML Projects\Deep Learning Projects\Dog Emotion Detection\Final dog dataset\Final dog dataset\relaxed\5232590439_e95bd107b9_b.jpg,relaxed
C:\Users\nihar\Documents\ML Projects\Deep Learning Projects\Dog Emotion Detection\Final dog dataset\Final dog dataset\happy\JzKB1OPGk866SiklJwq8e3buycRlj1827.jpg,happy
C:\Users\nihar\Documents\ML Projects\Deep Learning Projects\Dog Emotion Detection\Final dog dataset\Final dog dataset\happy\e20U7pkUps0I3VtHMLsV73t542vYbF6.jpg,happy
C:\Users\nihar\Documents\ML Projects\Deep Learning Projects\Dog Emotion Detection\Final dog dataset\Final dog dataset\sad\xjeWr74XghOqZVdgpqaALnggMH7tt0165.jpg,sad
C:\Users\nihar\Documents\ML Projects\Deep Learning Projects\Dog Emotion Detection\Final dog dataset\Final dog dataset\relaxed\6330875649_02998b577a_b.jpg,relaxed
C:\Users\nihar\Documents\ML Projects\Deep Learning Projects\Dog Emotion Detection\Final dog dataset\Final dog dataset\relaxed\41056376215_e778088676_b.jpg,relaxed
C:\Users\nihar\Documents\ML Projects\Deep Learning Projects\Dog Emotion Detection\Final dog dataset\Final dog dataset\happy\8114364482_01443d7c67_b.jpg,happy
C:\Users\nihar\Documents\ML Projects\Deep Learning Projects\Dog Emotion Detection\Final dog dataset\Final dog dataset\angry\N5EWMZuk8nM3WR6Glm49zhkjNlJfxL78.jpg,angry
C:\Users\nihar\Documents\ML Projects\Deep Learning Projects\Dog Emotion Detection\Final dog dataset\Final dog dataset\sad\qfZo6Mz6eF6iDcgliR3QDPQyw7Trrn372.jpg,sad
C:\Users\nihar\Documents\ML Projects\Deep Learning Projects\Dog Emotion Detection\Final dog dataset\Final dog dataset\angry\cm4yTxZKHJ7f1Q0viN17mEJIU6bzuR921.jpg,angry
C:\Users\nihar\Documents\ML Projects\Deep Learning Projects\Dog Emotion Detection\Final dog dataset\Final dog dataset\happy\8012852865_8880fc4ff5_b.jpg,happy
C:\Users\nihar\Documents\ML Projects\Deep Learning Projects\Dog Emotion Detection\Final dog dataset\Final dog dataset\happy\5Vy4OPcHtnAHYxuIhAS1fztYnTCU86776.jpg,happy
C:\Users\nihar\Documents\ML Projects\Deep Learning Projects\Dog Emotion Detection\Final dog dataset\Final dog dataset\sad\IeSTJljpzQedmcxyiimKtiAutmSTH4585.jpg,sad
C:\Users\nihar\Documents\ML Projects\Deep Learning Projects\Dog Emotion Detection\Final dog dataset\Final dog dataset\angry\0qqRaCQQtAQj2PGIRQrNJa1rnnx36W620.jpg,angry
C:\Users\nihar\Documents\ML Projects\Deep Learning Projects\Dog Emotion Detection\Final dog dataset\Final dog dataset\relaxed\31951804370_44f7c26f8d_b.jpg,relaxed
C:\Users\nihar\Documents\ML Projects\Deep Learning Projects\Dog Emotion Detection\Final dog dataset\Final dog dataset\angry\Q1YAswwVbYfCw9CXby04XPAZgtqKUo491.jpg,angry
C:\Users\nihar\Documents\ML Projects\Deep Learning Projects\Dog Emotion Detection\Final dog dataset\Final dog dataset\sad\pcsE4lVX3N3El5IAdhbhMVf2cxDwSm903.jpg,sad
C:\Users\nihar\Documents\ML Projects\Deep Learning Projects\Dog Emotion Detection\Final dog dataset\Final dog dataset\angry\fYF4ffvQR1xKsXjjz1wyd7AeQoRyhk273.jpg,angry
C:\Users\nihar\Documents\ML Projects\Deep Learning Projects\Dog Emotion Detection\Final dog dataset\Final dog dataset\relaxed\8212877887_2571bb331a_b.jpg,relaxed
C:\Users\nihar\Documents\ML Projects\Deep Learning Projects\Dog Emotion Detection\Final dog dataset\Final dog dataset\sad\kJx5cxhHtDrfVqJ2H3FdL7SH4Ljyij277.jpg,sad
C:\Users\nihar\Documents\ML Projects\Deep Learning Projects\Dog Emotion Detection\Final dog dataset\Final dog dataset\happy\7401905904_74a34fa4fe_b.jpg,happy
C:\Users\nihar\Documents\ML Projects\Deep Learning Projects\Dog Emotion Detection\Final dog dataset\Final dog dataset\angry\Jp3wTwonqjQIRpe2QFF880gDCcGodX237.jpg,angry
C:\Users\nihar\Documents\ML Projects\Deep Learning Projects\Dog Emotion Detection\Final dog dataset\Final dog dataset\sad\0FKg8SxFNeKTXecXOLLq5Zqxi8H8Tv663.jpg,sad
C:\Users\nihar\Documents\ML Projects\Deep Learning Projects\Dog Emotion Detection\Final dog dataset\Final dog dataset\angry\6khzkYhE9ogjayOsQWbvO8RM9HCGcu839.jpg,angry
C:\Users\nihar\Documents\ML Projects\Deep Learning Projects\Dog Emotion Detection\Final dog dataset\Final dog dataset\angry\9Ik1rmJ5flcjsV21LqlQsmlz0kE9Xr697.jpg,angry
C:\Users\nihar\Documents\ML Projects\Deep Learning Projects\Dog Emotion Detection\Final dog dataset\Final dog dataset\relaxed\39409124615_dfbe2c5c6a_b.jpg,relaxed
C:\Users\nihar\Documents\ML Projects\Deep Learning Projects\Dog Emotion Detection\Final dog dataset\Final dog dataset\sad\8k8CS0F0qauR4OxzwIvI4hm6O1YnJo821.jpg,sad
C:\Users\nihar\Documents\ML Projects\Deep Learning Projects\Dog Emotion Detection\Final dog dataset\Final dog dataset\relaxed\4134751105_b96daccfc0_b.jpg,relaxed
C:\Users\nihar\Documents\ML Projects\Deep Learning Projects\Dog Emotion Detection\Final dog dataset\Final dog dataset\relaxed\3259097307_0b6deff762_b.jpg,relaxed
C:\Users\nihar\Documents\ML Projects\Deep Learning Projects\Dog Emotion Detection\Final dog dataset\Final dog dataset\sad\lCs4ISKhsOfD9hh9ymZJJxoQ1u0qik271.jpg,sad
C:\Users\nihar\Documents\ML Projects\Deep Learning Projects\Dog Emotion Detection\Final dog dataset\Final dog dataset\sad\qwv6tlKKEMYEbD4cVXrO5fNDswNVpg528.jpg,sad
C:\Users\nihar\Documents\ML Projects\Deep Learning Projects\Dog Emotion Detection\Final dog dataset\Final dog dataset\relaxed\38284796101_3b2aa77d5d_b.jpg,relaxed
C:\Users\nihar\Documents\ML Projects\Deep Learning Projects\Dog Emotion Detection\Final dog dataset\Final dog dataset\sad\XnkjRlC6vWEiPnlgGQamz7noNDq3rA280.jpg,sad
C:\Users\nihar\Documents\ML Projects\Deep Learning Projects\Dog Emotion Detection\Final dog dataset\Final dog dataset\relaxed\3261881684_c8fdd5fcc9_b.jpg,relaxed
C:\Users\nihar\Documents\ML Projects\Deep Learning Projects\Dog Emotion Detection\Final dog dataset\Final dog dataset\relaxed\7380971996_4a2dbe1be7_b.jpg,relaxed
C:\Users\nihar\Documents\ML Projects\Deep Learning Projects\Dog Emotion Detection\Final dog dataset\Final dog dataset\sad\8Y5tXUy7BQW02cj2STfC94EA6UxOP5490.jpg,sad
C:\Users\nihar\Documents\ML Projects\Deep Learning Projects\Dog Emotion Detection\Final dog dataset\Final dog dataset\happy\6030487536_e191129fc8_b.jpg,happy
C:\Users\nihar\Documents\ML Projects\Deep Learning Projects\Dog Emotion Detection\Final dog dataset\Final dog dataset\relaxed\9631615183_ac65334c60_b.jpg,relaxed
C:\Users\nihar\Documents\ML Projects\Deep Learning Projects\Dog Emotion Detection\Final dog dataset\Final dog dataset\angry\oG82KK4h1tbanoiMTIrwvCrhkLWJoW942.jpg,angry
C:\Users\nihar\Documents\ML Projects\Deep Learning Projects\Dog Emotion Detection\Final dog dataset\Final dog dataset\sad\QJCGwLkgP7pUNWBSUrAgqf9s2JjFvN124.jpg,sad
C:\Users\nihar\Documents\ML Projects\Deep Learning Projects\Dog Emotion Detection\Final dog dataset\Final dog dataset\happy\9Uv8y5EHEXFkyQ70quqUZQHKh03EuE394.jpg,happy
C:\Users\nihar\Documents\ML Projects\Deep Learning Projects\Dog Emotion Detection\Final dog dataset\Final dog dataset\relaxed\6319067016_25de784b0e_b.jpg,relaxed
C:\Users\nihar\Documents\ML Projects\Deep Learning Projects\Dog Emotion Detection\Final dog dataset\Final dog dataset\angry\cG0I7sKuTWFLhShnjiQsW3EFCbsAlp637.jpg,angry
C:\Users\nihar\Documents\ML Projects\Deep Learning Projects\Dog Emotion Detection\Final dog dataset\Final dog dataset\angry\v2dyGuinUgJgvrIaj3y51j8bKBLjdg830.jpeg,angry
C:\Users\nihar\Documents\ML Projects\Deep Learning Projects\Dog Emotion Detection\Final dog dataset\Final dog dataset\relaxed\8410363336_157e3d4183_b.jpg,relaxed
C:\Users\nihar\Documents\ML Projects\Deep Learning Projects\Dog Emotion Detection\Final dog dataset\Final dog dataset\relaxed\5308156030_2a00556dc1_b.jpg,relaxed
C:\Users\nihar\Documents\ML Projects\Deep Learning Projects\Dog Emotion Detection\Final dog dataset\Final dog dataset\relaxed\36458513720_c8593a18f6_b.jpg,relaxed
C:\Users\nihar\Documents\ML Projects\Deep Learning Projects\Dog Emotion Detection\Final dog dataset\Final dog dataset\sad\DILThVhZJDP6W0Q7unayFQwyBfwDK3203.jpg,sad
C:\Users\nihar\Documents\ML Projects\Deep Learning Projects\Dog Emotion Detection\Final dog dataset\Final dog dataset\relaxed\45020741424_9043b52d91_b.jpg,relaxed
C:\Users\nihar\Documents\ML Projects\Deep Learning Projects\Dog Emotion Detection\Final dog dataset\Final dog dataset\relaxed\5503550869_7d4da8dd67_b.jpg,relaxed
C:\Users\nihar\Documents\ML Projects\Deep Learning Projects\Dog Emotion Detection\Final dog dataset\Final dog dataset\happy\9aMwoScYhu8ltXAeL5q1XmLo0G9cha565.jpg,happy
C:\Users\nihar\Documents\ML Projects\Deep Learning Projects\Dog Emotion Detection\Final dog dataset\Final dog dataset\sad\9ynH6pKZpgxVfye9biLQKhC9WibDWe146.jpg,sad
C:\Users\nihar\Documents\ML Projects\Deep Learning Projects\Dog Emotion Detection\Final dog dataset\Final dog dataset\sad\L1hDZOl1bpd3KpqMpv36FdekrB2HAu805.jpg,sad
C:\Users\nihar\Documents\ML Projects\Deep Learning Projects\Dog Emotion Detection\Final dog dataset\Final dog dataset\sad\TqHVSC1KcnhUUELgQKSyze3SNvtPOW508.jpg,sad
C:\Users\nihar\Documents\ML Projects\Deep Learning Projects\Dog Emotion Detection\Final dog dataset\Final dog dataset\sad\xdpbsC4nGJuQtou7n5Q6wJoVGBF5xT157.jpg,sad
C:\Users\nihar\Documents\ML Projects\Deep Learning Projects\Dog Emotion Detection\Final dog dataset\Final dog dataset\happy\7523896476_3ae83fb373_b.jpg,happy
C:\Users\nihar\Documents\ML Projects\Deep Learning Projects\Dog Emotion Detection\Final dog dataset\Final dog dataset\relaxed\3483300979_728327898a_b.jpg,relaxed
C:\Users\nihar\Documents\ML Projects\Deep Learning Projects\Dog Emotion Detection\Final dog dataset\Final dog dataset\angry\eH0MqHqIQ1IallZFfLwMg2idzPmneg900.jpg,angry
C:\Users\nihar\Documents\ML Projects\Deep Learning Projects\Dog Emotion Detection\Final dog dataset\Final dog dataset\angry\4f6yqZDwP1kDvGSxtz8fK769qgpM61268.jpg,angry
C:\Users\nihar\Documents\ML Projects\Deep Learning Projects\Dog Emotion Detection\Final dog dataset\Final dog dataset\happy\5BkXW2gTuC3o71TzcvXXell2sf3gWJ722.jpg,happy
C:\Users\nihar\Documents\ML Projects\Deep Learning Projects\Dog Emotion Detection\Final dog dataset\Final dog dataset\angry\iGlC3SeXCm67ryHPOdyVTYiR0qEjrE311.jpg,angry
C:\Users\nihar\Documents\ML Projects\Deep Learning Projects\Dog Emotion Detection\Final dog dataset\Final dog dataset\angry\NzrZOZX96z1sjw2fwUC106I2URgZUt756.jpg,angry
C:\Users\nihar\Documents\ML Projects\Deep Learning Projects\Dog Emotion Detection\Final dog dataset\Final dog dataset\sad\VMkN5HbNjuIFv4IJ2nVsX2lgGnXidm245.jpg,sad
C:\Users\nihar\Documents\ML Projects\Deep Learning Projects\Dog Emotion Detection\Final dog dataset\Final dog dataset\relaxed\7081034617_3b63dc1a22_b.jpg,relaxed
C:\Users\nihar\Documents\ML Projects\Deep Learning Projects\Dog Emotion Detection\Final dog dataset\Final dog dataset\relaxed\7254106002_96f43e1222_b.jpg,relaxed
C:\Users\nihar\Documents\ML Projects\Deep Learning Projects\Dog Emotion Detection\Final dog dataset\Final dog dataset\sad\oETQDWz8IOmJ8R9koDzE62LSQMcVZp452.jpg,sad
C:\Users\nihar\Documents\ML Projects\Deep Learning Projects\Dog Emotion Detection\Final dog dataset\Final dog dataset\relaxed\6706292549_8f8eb0cde4_b.jpg,relaxed
C:\Users\nihar\Documents\ML Projects\Deep Learning Projects\Dog Emotion Detection\Final dog dataset\Final dog dataset\relaxed\460866640_610f87fed1_b.jpg,relaxed
C:\Users\nihar\Documents\ML Projects\Deep Learning Projects\Dog Emotion Detection\Final dog dataset\Final dog dataset\happy\FTH4ol0T886HmiqAUZXsacDJCdJzMa893.jpg,happy
C:\Users\nihar\Documents\ML Projects\Deep Learning Projects\Dog Emotion Detection\Final dog dataset\Final dog dataset\sad\100006702_023849cb36_b.jpg,sad
C:\Users\nihar\Documents\ML Projects\Deep Learning Projects\Dog Emotion Detection\Final dog dataset\Final dog dataset\happy\6976438375_6c9ca14114_b.jpg,happy
C:\Users\nihar\Documents\ML Projects\Deep Learning Projects\Dog Emotion Detection\Final dog dataset\Final dog dataset\angry\mls2TgFhnbe9ZWgC3pHRKjd5o2iPHS535.jpg,angry
C:\Users\nihar\Documents\ML Projects\Deep Learning Projects\Dog Emotion Detection\Final dog dataset\Final dog dataset\angry\hZNK1NyNtzFK5v50qc4uUaT7eZJbGN638.jpg,angry
C:\Users\nihar\Documents\ML Projects\Deep Learning Projects\Dog Emotion Detection\Final dog dataset\Final dog dataset\happy\9757348013_fd101fc276_b.jpg,happy
C:\Users\nihar\Documents\ML Projects\Deep Learning Projects\Dog Emotion Detection\Final dog dataset\Final dog dataset\relaxed\5515533041_1f594847de_b.jpg,relaxed
C:\Users\nihar\Documents\ML Projects\Deep Learning Projects\Dog Emotion Detection\Final dog dataset\Final dog dataset\relaxed\33026943340_093f5c8ae1_b.jpg,relaxed
C:\Users\nihar\Documents\ML Projects\Deep Learning Projects\Dog Emotion Detection\Final dog dataset\Final dog dataset\sad\WUKvDo3KieRQealSYgoeok05qnCqVL227.jpg,sad
C:\Users\nihar\Documents\ML Projects\Deep Learning Projects\Dog Emotion Detection\Final dog dataset\Final dog dataset\angry\gVPNZpG4CGBy0XpygcbiSHXVQJB97c808.jpg,angry
C:\Users\nihar\Documents\ML Projects\Deep Learning Projects\Dog Emotion Detection\Final dog dataset\Final dog dataset\relaxed\7832606580_0579fa0311_b.jpg,relaxed
C:\Users\nihar\Documents\ML Projects\Deep Learning Projects\Dog Emotion Detection\Final dog dataset\Final dog dataset\happy\DTRsdYwE7BzKDhUFEkr5qntf0aFzAn382.jpg,happy
C:\Users\nihar\Documents\ML Projects\Deep Learning Projects\Dog Emotion Detection\Final dog dataset\Final dog dataset\happy\5720544410_93b9623f0c_b.jpg,happy
C:\Users\nihar\Documents\ML Projects\Deep Learning Projects\Dog Emotion Detection\Final dog dataset\Final dog dataset\angry\of82RbAMGsY1EuVW1tUTdY69MHuGSf483.jpg,angry
C:\Users\nihar\Documents\ML Projects\Deep Learning Projects\Dog Emotion Detection\Final dog dataset\Final dog dataset\angry\Md5JkFuXpbftuCAxmpqIeTpqNNwbSB423.jpg,angry
C:\Users\nihar\Documents\ML Projects\Deep Learning Projects\Dog Emotion Detection\Final dog dataset\Final dog dataset\sad\IMjsbItr1T12z8J1B29twnx2dB1CUL587.jpg,sad
C:\Users\nihar\Documents\ML Projects\Deep Learning Projects\Dog Emotion Detection\Final dog dataset\Final dog dataset\sad\IxG3tJMdXljq0EI9KfTUL44WUgJVa725.jpg,sad
C:\Users\nihar\Documents\ML Projects\Deep Learning Projects\Dog Emotion Detection\Final dog dataset\Final dog dataset\happy\59131709_a3d44d2fcd_b.jpg,happy
C:\Users\nihar\Documents\ML Projects\Deep Learning Projects\Dog Emotion Detection\Final dog dataset\Final dog dataset\relaxed\4778021821_71d78b44ec_b.jpg,relaxed
C:\Users\nihar\Documents\ML Projects\Deep Learning Projects\Dog Emotion Detection\Final dog dataset\Final dog dataset\sad\zvgEEnik5suJhs8fWtKVnem4dDWIGn745.jpg,sad
C:\Users\nihar\Documents\ML Projects\Deep Learning Projects\Dog Emotion Detection\Final dog dataset\Final dog dataset\happy\hI2tb4NbXCzaQ3AZOpVwYohNpfCDlb253.jpg,happy
C:\Users\nihar\Documents\ML Projects\Deep Learning Projects\Dog Emotion Detection\Final dog dataset\Final dog dataset\sad\VvjQcLBH3Pt5buZBAMkECfbHBIfZZC627.jpg,sad
C:\Users\nihar\Documents\ML Projects\Deep Learning Projects\Dog Emotion Detection\Final dog dataset\Final dog dataset\angry\veHLsKiKkNSLN87vCNMdkpXLj7qZ6p858.jpg,angry
C:\Users\nihar\Documents\ML Projects\Deep Learning Projects\Dog Emotion Detection\Final dog dataset\Final dog dataset\relaxed\8141235028_e5c360bd51_b.jpg,relaxed
C:\Users\nihar\Documents\ML Projects\Deep Learning Projects\Dog Emotion Detection\Final dog dataset\Final dog dataset\relaxed\3353959290_ebaea22c93_b.jpg,relaxed
C:\Users\nihar\Documents\ML Projects\Deep Learning Projects\Dog Emotion Detection\Final dog dataset\Final dog dataset\relaxed\5936913141_59ab2d2606_b.jpg,relaxed
C:\Users\nihar\Documents\ML Projects\Deep Learning Projects\Dog Emotion Detection\Final dog dataset\Final dog dataset\relaxed\40750164184_91427268b6_b.jpg,relaxed
C:\Users\nihar\Documents\ML Projects\Deep Learning Projects\Dog Emotion Detection\Final dog dataset\Final dog dataset\happy\9340134392_4b908c3e35_b.jpg,happy
C:\Users\nihar\Documents\ML Projects\Deep Learning Projects\Dog Emotion Detection\Final dog dataset\Final dog dataset\happy\8283375_40e5bbd80b_b.jpg,happy
C:\Users\nihar\Documents\ML Projects\Deep Learning Projects\Dog Emotion Detection\Final dog dataset\Final dog dataset\relaxed\8886618275_7a8db23560_b.jpg,relaxed
C:\Users\nihar\Documents\ML Projects\Deep Learning Projects\Dog Emotion Detection\Final dog dataset\Final dog dataset\sad\9kPaKMG1XhcDadIpxWo1M2UnLop8cS798.jpg,sad
C:\Users\nihar\Documents\ML Projects\Deep Learning Projects\Dog Emotion Detection\Final dog dataset\Final dog dataset\angry\54NFTMnQiMLgXnQUPVx1ApZnbHTiwq417.jpg,angry
C:\Users\nihar\Documents\ML Projects\Deep Learning Projects\Dog Emotion Detection\Final dog dataset\Final dog dataset\sad\8gikkUCb0sFOkjaxIJua2mVGIvLhlY713.jpg,sad
C:\Users\nihar\Documents\ML Projects\Deep Learning Projects\Dog Emotion Detection\Final dog dataset\Final dog dataset\angry\19ZKlGoRyimT0wt7lRlqAvcXzS89Hc374.jpg,angry
C:\Users\nihar\Documents\ML Projects\Deep Learning Projects\Dog Emotion Detection\Final dog dataset\Final dog dataset\relaxed\42142039310_92745274c7_b.jpg,relaxed
C:\Users\nihar\Documents\ML Projects\Deep Learning Projects\Dog Emotion Detection\Final dog dataset\Final dog dataset\happy\9788356723_8c5cb6b857_b.jpg,happy
C:\Users\nihar\Documents\ML Projects\Deep Learning Projects\Dog Emotion Detection\Final dog dataset\Final dog dataset\happy\3175y1BcsKgsx1PsocljSa763xS1I2615.jpg,happy
C:\Users\nihar\Documents\ML Projects\Deep Learning Projects\Dog Emotion Detection\Final dog dataset\Final dog dataset\happy\dy4kej8l3cjBIiizsINrCaOAnrJqcl439.jpg,happy
C:\Users\nihar\Documents\ML Projects\Deep Learning Projects\Dog Emotion Detection\Final dog dataset\Final dog dataset\relaxed\6525708919_4d6753e3a2_b.jpg,relaxed
C:\Users\nihar\Documents\ML Projects\Deep Learning Projects\Dog Emotion Detection\Final dog dataset\Final dog dataset\happy\5yAlsv3IimyvT8C0gAgXXNU1uBSQnZ585.jpg,happy
C:\Users\nihar\Documents\ML Projects\Deep Learning Projects\Dog Emotion Detection\Final dog dataset\Final dog dataset\angry\yAorbCl378iVaMzIvWQSBKAPkYVsfi929.jpg,angry
C:\Users\nihar\Documents\ML Projects\Deep Learning Projects\Dog Emotion Detection\Final dog dataset\Final dog dataset\relaxed\50831190207_c847f190f3_b.jpg,relaxed
C:\Users\nihar\Documents\ML Projects\Deep Learning Projects\Dog Emotion Detection\Final dog dataset\Final dog dataset\sad\5anLjZGhcNG90VraeQ3Xrp872Xz6lD659.jpg,sad
C:\Users\nihar\Documents\ML Projects\Deep Learning Projects\Dog Emotion Detection\Final dog dataset\Final dog dataset\sad\J3qKikOL0QfsBJUGfsOQbYEipxQd9f905.jpg,sad
C:\Users\nihar\Documents\ML Projects\Deep Learning Projects\Dog Emotion Detection\Final dog dataset\Final dog dataset\angry\tnn78f6O8vdyR5IpkDHAl0oMXztL1F635.jpg,angry
C:\Users\nihar\Documents\ML Projects\Deep Learning Projects\Dog Emotion Detection\Final dog dataset\Final dog dataset\happy\8606463401_38a841ef99_b.jpg,happy
C:\Users\nihar\Documents\ML Projects\Deep Learning Projects\Dog Emotion Detection\Final dog dataset\Final dog dataset\relaxed\6400415369_974643d544_b.jpg,relaxed
C:\Users\nihar\Documents\ML Projects\Deep Learning Projects\Dog Emotion Detection\Final dog dataset\Final dog dataset\sad\Kkrc3rADB0Gi5UVWRLNbAXrBFPPlj0125.jpg,sad
C:\Users\nihar\Documents\ML Projects\Deep Learning Projects\Dog Emotion Detection\Final dog dataset\Final dog dataset\relaxed\39900924382_3c14426062_b.jpg,relaxed
C:\Users\nihar\Documents\ML Projects\Deep Learning Projects\Dog Emotion Detection\Final dog dataset\Final dog dataset\angry\yuJ9WdC5NYLZxaJ7L5Y4vkc3ntZhbA178.jpg,angry
C:\Users\nihar\Documents\ML Projects\Deep Learning Projects\Dog Emotion Detection\Final dog dataset\Final dog dataset\relaxed\4984871314_8628f8652c_b.jpg,relaxed
C:\Users\nihar\Documents\ML Projects\Deep Learning Projects\Dog Emotion Detection\Final dog dataset\Final dog dataset\sad\29dRl4UaGY8cJnQN0NDm2u0JQ6FGiI257.jpg,sad
C:\Users\nihar\Documents\ML Projects\Deep Learning Projects\Dog Emotion Detection\Final dog dataset\Final dog dataset\happy\1LtUW3q6hr4s3kRY0tYDmxGHBsxv6I170.jpg,happy
C:\Users\nihar\Documents\ML Projects\Deep Learning Projects\Dog Emotion Detection\Final dog dataset\Final dog dataset\relaxed\5495701600_78d6bbacc1_b.jpg,relaxed
C:\Users\nihar\Documents\ML Projects\Deep Learning Projects\Dog Emotion Detection\Final dog dataset\Final dog dataset\relaxed\7030218017_4a666a52fe_b.jpg,relaxed
C:\Users\nihar\Documents\ML Projects\Deep Learning Projects\Dog Emotion Detection\Final dog dataset\Final dog dataset\angry\sxhGswsxz73w4nVX1h7tcVE1UVYXrk551.jpg,angry
C:\Users\nihar\Documents\ML Projects\Deep Learning Projects\Dog Emotion Detection\Final dog dataset\Final dog dataset\relaxed\6924033531_55c4e6e2e4_b.jpg,relaxed
C:\Users\nihar\Documents\ML Projects\Deep Learning Projects\Dog Emotion Detection\Final dog dataset\Final dog dataset\angry\rMtJirrYKONMIgPLBa2cwSe9yJCcbq222.jpg,angry
C:\Users\nihar\Documents\ML Projects\Deep Learning Projects\Dog Emotion Detection\Final dog dataset\Final dog dataset\sad\gWlqi8Li5vJAIUfw7IyfvMFOB8R1WB723.jpg,sad
C:\Users\nihar\Documents\ML Projects\Deep Learning Projects\Dog Emotion Detection\Final dog dataset\Final dog dataset\relaxed\9255917215_66e4c79185_b.jpg,relaxed
C:\Users\nihar\Documents\ML Projects\Deep Learning Projects\Dog Emotion Detection\Final dog dataset\Final dog dataset\sad\YWsOVyaFiIHSpBtVVnyGF19MP8iv79743.jpg,sad
C:\Users\nihar\Documents\ML Projects\Deep Learning Projects\Dog Emotion Detection\Final dog dataset\Final dog dataset\angry\y9d7N4cxnQ8E3XdmLYqA3xsN0A9WYw825.jpg,angry
C:\Users\nihar\Documents\ML Projects\Deep Learning Projects\Dog Emotion Detection\Final dog dataset\Final dog dataset\angry\zFWtIVIKam97UEnZLLxfaHjQ9LXOfW279.jpg,angry
C:\Users\nihar\Documents\ML Projects\Deep Learning Projects\Dog Emotion Detection\Final dog dataset\Final dog dataset\relaxed\5261530498_bd4335172e_b.jpg,relaxed
C:\Users\nihar\Documents\ML Projects\Deep Learning Projects\Dog Emotion Detection\Final dog dataset\Final dog dataset\relaxed\5589829665_3e19355ef3_b.jpg,relaxed
C:\Users\nihar\Documents\ML Projects\Deep Learning Projects\Dog Emotion Detection\Final dog dataset\Final dog dataset\happy\6EmnjXgYunxUcTRfVD5mVjvDrHBKc6423.jpg,happy
C:\Users\nihar\Documents\ML Projects\Deep Learning Projects\Dog Emotion Detection\Final dog dataset\Final dog dataset\angry\lpJDSTaEi3T3zza1l291Axmz4t8pfk768.jpg,angry
C:\Users\nihar\Documents\ML Projects\Deep Learning Projects\Dog Emotion Detection\Final dog dataset\Final dog dataset\sad\09qhORmLRHfy6HgNlXTDlqJVk1NJod130.jpg,sad
C:\Users\nihar\Documents\ML Projects\Deep Learning Projects\Dog Emotion Detection\Final dog dataset\Final dog dataset\sad\M1p2UWhEohHtQm3sIBYZDarIHLwaPt355.jpg,sad
C:\Users\nihar\Documents\ML Projects\Deep Learning Projects\Dog Emotion Detection\Final dog dataset\Final dog dataset\angry\ElQQL7Zo8B2nXrTdut1urB8kmOvvMf428.jpg,angry
C:\Users\nihar\Documents\ML Projects\Deep Learning Projects\Dog Emotion Detection\Final dog dataset\Final dog dataset\happy\3uXyuIJKqPXiuuXfUPSvTc5INNTPOO370.jpg,happy
C:\Users\nihar\Documents\ML Projects\Deep Learning Projects\Dog Emotion Detection\Final dog dataset\Final dog dataset\relaxed\38441657300_598228bc9f_b.jpg,relaxed
C:\Users\nihar\Documents\ML Projects\Deep Learning Projects\Dog Emotion Detection\Final dog dataset\Final dog dataset\happy\6892569133_18fa42cc1a_b.jpg,happy
C:\Users\nihar\Documents\ML Projects\Deep Learning Projects\Dog Emotion Detection\Final dog dataset\Final dog dataset\angry\Nuc4gdD0wFm46sgyfOFi6A0JDDb8qy528.jpg,angry
C:\Users\nihar\Documents\ML Projects\Deep Learning Projects\Dog Emotion Detection\Final dog dataset\Final dog dataset\happy\8459096134_cc0c0d8ac6_b.jpg,happy
C:\Users\nihar\Documents\ML Projects\Deep Learning Projects\Dog Emotion Detection\Final dog dataset\Final dog dataset\happy\3XW0Io1JEE1yiT5Fm2Av2BNNNV6N3G726.jpg,happy
C:\Users\nihar\Documents\ML Projects\Deep Learning Projects\Dog Emotion Detection\Final dog dataset\Final dog dataset\relaxed\7960598448_e4ff06603c_b.jpg,relaxed
C:\Users\nihar\Documents\ML Projects\Deep Learning Projects\Dog Emotion Detection\Final dog dataset\Final dog dataset\relaxed\7301312362_a1db2ba889_b.jpg,relaxed
C:\Users\nihar\Documents\ML Projects\Deep Learning Projects\Dog Emotion Detection\Final dog dataset\Final dog dataset\angry\o3h3kapDEjBqTj0bUFMjK2Q37F5VGi171.jpg,angry
C:\Users\nihar\Documents\ML Projects\Deep Learning Projects\Dog Emotion Detection\Final dog dataset\Final dog dataset\happy\7625055994_b6f60868f1_b.jpg,happy
C:\Users\nihar\Documents\ML Projects\Deep Learning Projects\Dog Emotion Detection\Final dog dataset\Final dog dataset\happy\4udrMzAccBAHsBjsEdnVdBP6kIS4dZ740.jpg,happy
C:\Users\nihar\Documents\ML Projects\Deep Learning Projects\Dog Emotion Detection\Final dog dataset\Final dog dataset\angry\RC5Bu7Sc4S2p24aEEEcBTj7uSYWdtl850.jpg,angry
C:\Users\nihar\Documents\ML Projects\Deep Learning Projects\Dog Emotion Detection\Final dog dataset\Final dog dataset\angry\KLuFWj3dQSrFHQVLNvAbvNPHdJ9A8K709.jpg,angry
C:\Users\nihar\Documents\ML Projects\Deep Learning Projects\Dog Emotion Detection\Final dog dataset\Final dog dataset\relaxed\4375512613_1bede615b1_b.jpg,relaxed
C:\Users\nihar\Documents\ML Projects\Deep Learning Projects\Dog Emotion Detection\Final dog dataset\Final dog dataset\sad\0CD90u75I6WgftgwIvq0pNM6rsHInC795.jpg,sad
C:\Users\nihar\Documents\ML Projects\Deep Learning Projects\Dog Emotion Detection\Final dog dataset\Final dog dataset\relaxed\3748401348_a5a49bfc70_b.jpg,relaxed
C:\Users\nihar\Documents\ML Projects\Deep Learning Projects\Dog Emotion Detection\Final dog dataset\Final dog dataset\sad\LThKLQjbAMmp7yl4aPG0yBnP69etTo193.jpg,sad
C:\Users\nihar\Documents\ML Projects\Deep Learning Projects\Dog Emotion Detection\Final dog dataset\Final dog dataset\relaxed\5502247638_a7cf3aea61_b.jpg,relaxed
C:\Users\nihar\Documents\ML Projects\Deep Learning Projects\Dog Emotion Detection\Final dog dataset\Final dog dataset\happy\dayrCSOScx4oQDdBpHZTZciKzQQBes301.jpg,happy
C:\Users\nihar\Documents\ML Projects\Deep Learning Projects\Dog Emotion Detection\Final dog dataset\Final dog dataset\sad\dqfn2UJfb7Z7cBmPTx3YxNV4Eger6C648.jpg,sad
C:\Users\nihar\Documents\ML Projects\Deep Learning Projects\Dog Emotion Detection\Final dog dataset\Final dog dataset\happy\6903699095_999725359e_b.jpg,happy
C:\Users\nihar\Documents\ML Projects\Deep Learning Projects\Dog Emotion Detection\Final dog dataset\Final dog dataset\relaxed\336450950_d1de78b367_b.jpg,relaxed
C:\Users\nihar\Documents\ML Projects\Deep Learning Projects\Dog Emotion Detection\Final dog dataset\Final dog dataset\angry\FFaASg79DyTFtVHrHUaZETs0DRkvDk704.jpg,angry
C:\Users\nihar\Documents\ML Projects\Deep Learning Projects\Dog Emotion Detection\Final dog dataset\Final dog dataset\happy\9568666067_a3a09d9013_b.jpg,happy
C:\Users\nihar\Documents\ML Projects\Deep Learning Projects\Dog Emotion Detection\Final dog dataset\Final dog dataset\relaxed\3476932287_7e0bdcdd62_b.jpg,relaxed
C:\Users\nihar\Documents\ML Projects\Deep Learning Projects\Dog Emotion Detection\Final dog dataset\Final dog dataset\angry\oCnxbCmF9MmygTK3EikI1QviveKL0i610.jpg,angry
C:\Users\nihar\Documents\ML Projects\Deep Learning Projects\Dog Emotion Detection\Final dog dataset\Final dog dataset\relaxed\39994864690_a9371e8d1f_b.jpg,relaxed
C:\Users\nihar\Documents\ML Projects\Deep Learning Projects\Dog Emotion Detection\Final dog dataset\Final dog dataset\sad\3W3Sdt3wlvLUb3geCOqMsxcIBVYXIC715.jpg,sad
C:\Users\nihar\Documents\ML Projects\Deep Learning Projects\Dog Emotion Detection\Final dog dataset\Final dog dataset\angry\Jml8p3dZVmygoheL7xhivJfxPpKcZB810.jpg,angry
C:\Users\nihar\Documents\ML Projects\Deep Learning Projects\Dog Emotion Detection\Final dog dataset\Final dog dataset\happy\5734406054_3ca695bc64_b.jpg,happy
C:\Users\nihar\Documents\ML Projects\Deep Learning Projects\Dog Emotion Detection\Final dog dataset\Final dog dataset\sad\ecl7JVwIu0LPLwloMCFLs92UJ22tGn667.jpg,sad
C:\Users\nihar\Documents\ML Projects\Deep Learning Projects\Dog Emotion Detection\Final dog dataset\Final dog dataset\angry\nbjkFT1TSAGmmjxXGli9wKdJTVYyOE196.jpg,angry
C:\Users\nihar\Documents\ML Projects\Deep Learning Projects\Dog Emotion Detection\Final dog dataset\Final dog dataset\sad\1B899BN9i7Gx8QmJ7CcrskrCykUfo7819.jpg,sad
C:\Users\nihar\Documents\ML Projects\Deep Learning Projects\Dog Emotion Detection\Final dog dataset\Final dog dataset\sad\7145864403_488fa4fdd6_b.jpg,sad
C:\Users\nihar\Documents\ML Projects\Deep Learning Projects\Dog Emotion Detection\Final dog dataset\Final dog dataset\sad\KzReWMeeNRhYvpHZAuumBhjzW5h1AA250.jpg,sad
C:\Users\nihar\Documents\ML Projects\Deep Learning Projects\Dog Emotion Detection\Final dog dataset\Final dog dataset\sad\kxJUFpJ6ifbruAphTCn964xEwXDDFE815.jpg,sad
C:\Users\nihar\Documents\ML Projects\Deep Learning Projects\Dog Emotion Detection\Final dog dataset\Final dog dataset\relaxed\7277123702_52c2505d1a_b.jpg,relaxed
C:\Users\nihar\Documents\ML Projects\Deep Learning Projects\Dog Emotion Detection\Final dog dataset\Final dog dataset\happy\6467157571_fbded6ac3e_b.jpg,happy
C:\Users\nihar\Documents\ML Projects\Deep Learning Projects\Dog Emotion Detection\Final dog dataset\Final dog dataset\happy\E6GDYcbebGRiYOxIAugFKRTG1jgY74631.jpg,happy
C:\Users\nihar\Documents\ML Projects\Deep Learning Projects\Dog Emotion Detection\Final dog dataset\Final dog dataset\relaxed\8081490792_a6d940d085_b.jpg,relaxed
C:\Users\nihar\Documents\ML Projects\Deep Learning Projects\Dog Emotion Detection\Final dog dataset\Final dog dataset\sad\MZLTP7lRzC4JwuZJ31Jk13uQIqaxDy591.jpg,sad
C:\Users\nihar\Documents\ML Projects\Deep Learning Projects\Dog Emotion Detection\Final dog dataset\Final dog dataset\sad\XGcerUN3GgfPfxmIsIa7YGwc4aiWsH51.jpg,sad
C:\Users\nihar\Documents\ML Projects\Deep Learning Projects\Dog Emotion Detection\Final dog dataset\Final dog dataset\relaxed\52271507498_ae31e78895_b.jpg,relaxed
C:\Users\nihar\Documents\ML Projects\Deep Learning Projects\Dog Emotion Detection\Final dog dataset\Final dog dataset\happy\7103728489_a554398111_b.jpg,happy
C:\Users\nihar\Documents\ML Projects\Deep Learning Projects\Dog Emotion Detection\Final dog dataset\Final dog dataset\relaxed\5455476179_2e3c595dab_b.jpg,relaxed
C:\Users\nihar\Documents\ML Projects\Deep Learning Projects\Dog Emotion Detection\Final dog dataset\Final dog dataset\relaxed\7875866130_1ec294263d_b.jpg,relaxed
C:\Users\nihar\Documents\ML Projects\Deep Learning Projects\Dog Emotion Detection\Final dog dataset\Final dog dataset\sad\AkjqgsTSAWOTrIf4x7FOVOPAAjiKgl607.jpg,sad
C:\Users\nihar\Documents\ML Projects\Deep Learning Projects\Dog Emotion Detection\Final dog dataset\Final dog dataset\relaxed\38579171044_f1249521bc_b.jpg,relaxed
C:\Users\nihar\Documents\ML Projects\Deep Learning Projects\Dog Emotion Detection\Final dog dataset\Final dog dataset\happy\k6GwNi6UjXszrIdOgKnmQoVOeSRg4q694.jpg,happy
C:\Users\nihar\Documents\ML Projects\Deep Learning Projects\Dog Emotion Detection\Final dog dataset\Final dog dataset\happy\aGLdGfbMrAlKv4ZWOJZ0vvzfmH2EPZ276.jpg,happy
C:\Users\nihar\Documents\ML Projects\Deep Learning Projects\Dog Emotion Detection\Final dog dataset\Final dog dataset\sad\Kk6Nn0ny14rNYWVxvE9OlLVl6kcO6G167.jpg,sad
C:\Users\nihar\Documents\ML Projects\Deep Learning Projects\Dog Emotion Detection\Final dog dataset\Final dog dataset\relaxed\4120449544_e5bf1fa334_b.jpg,relaxed
C:\Users\nihar\Documents\ML Projects\Deep Learning Projects\Dog Emotion Detection\Final dog dataset\Final dog dataset\relaxed\496745788_79f1def0bc_b.jpg,relaxed
C:\Users\nihar\Documents\ML Projects\Deep Learning Projects\Dog Emotion Detection\Final dog dataset\Final dog dataset\sad\bELqFo0V03jZ8KWsYW990676HI0Ux4328.jpg,sad
C:\Users\nihar\Documents\ML Projects\Deep Learning Projects\Dog Emotion Detection\Final dog dataset\Final dog dataset\happy\61183429_911e5e966d_b.jpg,happy
C:\Users\nihar\Documents\ML Projects\Deep Learning Projects\Dog Emotion Detection\Final dog dataset\Final dog dataset\relaxed\5878042754_5a2a2ec12d_b.jpg,relaxed
C:\Users\nihar\Documents\ML Projects\Deep Learning Projects\Dog Emotion Detection\Final dog dataset\Final dog dataset\sad\UxwA0da201KrtYfZyjw2YIi0zGXqBX830.jpg,sad
C:\Users\nihar\Documents\ML Projects\Deep Learning Projects\Dog Emotion Detection\Final dog dataset\Final dog dataset\sad\swnwmuyq75h27NuJwvomZJ4IOHWES547.jpg,sad
C:\Users\nihar\Documents\ML Projects\Deep Learning Projects\Dog Emotion Detection\Final dog dataset\Final dog dataset\happy\dyKCBMNm2FRzHIIWcxVt5XJlXGfng213.jpg,happy
C:\Users\nihar\Documents\ML Projects\Deep Learning Projects\Dog Emotion Detection\Final dog dataset\Final dog dataset\sad\dqq9FZJv5yqbPpuBWCd7QRBkFifjG1514.jpg,sad
C:\Users\nihar\Documents\ML Projects\Deep Learning Projects\Dog Emotion Detection\Final dog dataset\Final dog dataset\angry\kqtV30YaBttFunQzH0t6gt3huli5od693.jpg,angry
C:\Users\nihar\Documents\ML Projects\Deep Learning Projects\Dog Emotion Detection\Final dog dataset\Final dog dataset\angry\Z91TH8pSln81lm8oRpwjf9ir5JGucC124.jpg,angry
C:\Users\nihar\Documents\ML Projects\Deep Learning Projects\Dog Emotion Detection\Final dog dataset\Final dog dataset\relaxed\7054908707_cd6a097eff_b.jpg,relaxed
C:\Users\nihar\Documents\ML Projects\Deep Learning Projects\Dog Emotion Detection\Final dog dataset\Final dog dataset\happy\6578266685_ba0a2bf58c_b.jpg,happy
C:\Users\nihar\Documents\ML Projects\Deep Learning Projects\Dog Emotion Detection\Final dog dataset\Final dog dataset\happy\7004789406_b9e6db6fd0_b.jpg,happy
C:\Users\nihar\Documents\ML Projects\Deep Learning Projects\Dog Emotion Detection\Final dog dataset\Final dog dataset\angry\2Jwl0P0JFuHBQZaYLjSf3dcr8N3Q2l981.jpg,angry
C:\Users\nihar\Documents\ML Projects\Deep Learning Projects\Dog Emotion Detection\Final dog dataset\Final dog dataset\happy\34VCBhiA6eft3SHA5vtzR07GmOM0Xo708.jpg,happy
C:\Users\nihar\Documents\ML Projects\Deep Learning Projects\Dog Emotion Detection\Final dog dataset\Final dog dataset\happy\3JAR7WDW9Enm8oZzBXZZaNoDqbOurA588.jpg,happy
C:\Users\nihar\Documents\ML Projects\Deep Learning Projects\Dog Emotion Detection\Final dog dataset\Final dog dataset\relaxed\7033958799_5e8e298dca_b.jpg,relaxed
C:\Users\nihar\Documents\ML Projects\Deep Learning Projects\Dog Emotion Detection\Final dog dataset\Final dog dataset\happy\8325698392_6296667e45_b.jpg,happy
C:\Users\nihar\Documents\ML Projects\Deep Learning Projects\Dog Emotion Detection\Final dog dataset\Final dog dataset\happy\9775337711_a66181c82b_b.jpg,happy
C:\Users\nihar\Documents\ML Projects\Deep Learning Projects\Dog Emotion Detection\Final dog dataset\Final dog dataset\angry\2NwriLCOmm7Rnjngwth3PRVzRx0LpS117.jpg,angry
C:\Users\nihar\Documents\ML Projects\Deep Learning Projects\Dog Emotion Detection\Final dog dataset\Final dog dataset\happy\8765558171_2390c7a096_b.jpg,happy
C:\Users\nihar\Documents\ML Projects\Deep Learning Projects\Dog Emotion Detection\Final dog dataset\Final dog dataset\relaxed\5796273560_3be9691fac_b.jpg,relaxed
C:\Users\nihar\Documents\ML Projects\Deep Learning Projects\Dog Emotion Detection\Final dog dataset\Final dog dataset\angry\aViEHCsAcFB0HNe1R8Hm4eJOgWytQ3172.jpg,angry
C:\Users\nihar\Documents\ML Projects\Deep Learning Projects\Dog Emotion Detection\Final dog dataset\Final dog dataset\happy\7691012802_fd3f4bcd09_b.jpg,happy
C:\Users\nihar\Documents\ML Projects\Deep Learning Projects\Dog Emotion Detection\Final dog dataset\Final dog dataset\sad\m7OiKEwtfl271GafMvgtt21UGhi2Tl385.jpg,sad
C:\Users\nihar\Documents\ML Projects\Deep Learning Projects\Dog Emotion Detection\Final dog dataset\Final dog dataset\sad\mR9QcOlZCJ21Fgl0JLtdz9Dkx8017b468.jpg,sad
C:\Users\nihar\Documents\ML Projects\Deep Learning Projects\Dog Emotion Detection\Final dog dataset\Final dog dataset\relaxed\6737513077_87bcef6a6a_b.jpg,relaxed
C:\Users\nihar\Documents\ML Projects\Deep Learning Projects\Dog Emotion Detection\Final dog dataset\Final dog dataset\relaxed\6818158_9b36fba9e1_b.jpg,relaxed
C:\Users\nihar\Documents\ML Projects\Deep Learning Projects\Dog Emotion Detection\Final dog dataset\Final dog dataset\happy\bTMZZbFKGmn7Esm5ecUbajMY2OcANF806.jpg,happy
C:\Users\nihar\Documents\ML Projects\Deep Learning Projects\Dog Emotion Detection\Final dog dataset\Final dog dataset\happy\7166838368_44c1c08ea5_b.jpg,happy
C:\Users\nihar\Documents\ML Projects\Deep Learning Projects\Dog Emotion Detection\Final dog dataset\Final dog dataset\happy\8002699437_3e7e8f0295_b.jpg,happy
C:\Users\nihar\Documents\ML Projects\Deep Learning Projects\Dog Emotion Detection\Final dog dataset\Final dog dataset\relaxed\32060498306_4e6d9d4077_b.jpg,relaxed
C:\Users\nihar\Documents\ML Projects\Deep Learning Projects\Dog Emotion Detection\Final dog dataset\Final dog dataset\angry\NxbRBSMtsQUhW3g6xhEuUqV8YWjpyB101.jpg,angry
C:\Users\nihar\Documents\ML Projects\Deep Learning Projects\Dog Emotion Detection\Final dog dataset\Final dog dataset\relaxed\35560953593_e84a0a46e7_b.jpg,relaxed
C:\Users\nihar\Documents\ML Projects\Deep Learning Projects\Dog Emotion Detection\Final dog dataset\Final dog dataset\angry\yHcSSfmiX0cegnyftMmTAiJg3phlp0841.jpg,angry
C:\Users\nihar\Documents\ML Projects\Deep Learning Projects\Dog Emotion Detection\Final dog dataset\Final dog dataset\angry\V5J0ysfH2afgbYxozvO0v0N4yUrueg590.jpg,angry
C:\Users\nihar\Documents\ML Projects\Deep Learning Projects\Dog Emotion Detection\Final dog dataset\Final dog dataset\angry\AGfjuZPzYYAEcRktPr194i1GeC3i7K306.jpg,angry
C:\Users\nihar\Documents\ML Projects\Deep Learning Projects\Dog Emotion Detection\Final dog dataset\Final dog dataset\angry\0AvKtuzA7LfxnKaO0bey9mQMLnxXad73.jpg,angry
C:\Users\nihar\Documents\ML Projects\Deep Learning Projects\Dog Emotion Detection\Final dog dataset\Final dog dataset\sad\dJzfnP5z3tWkZqmsnWl5K1z3gslpkQ895.jpg,sad
C:\Users\nihar\Documents\ML Projects\Deep Learning Projects\Dog Emotion Detection\Final dog dataset\Final dog dataset\angry\X2WlvJVF0LoizgOXg3qooclTuhuXiy656.jpg,angry
C:\Users\nihar\Documents\ML Projects\Deep Learning Projects\Dog Emotion Detection\Final dog dataset\Final dog dataset\relaxed\49913021553_7ce4cec495_b.jpg,relaxed
C:\Users\nihar\Documents\ML Projects\Deep Learning Projects\Dog Emotion Detection\Final dog dataset\Final dog dataset\happy\amnv0CTEM6RYnYRivf2rjiigfetggY62.jpg,happy
C:\Users\nihar\Documents\ML Projects\Deep Learning Projects\Dog Emotion Detection\Final dog dataset\Final dog dataset\happy\Gccs8pIoGspnUZNRt0z60fn3kkOJ1Q711.jpg,happy
C:\Users\nihar\Documents\ML Projects\Deep Learning Projects\Dog Emotion Detection\Final dog dataset\Final dog dataset\happy\kXrdZfbrLgicvt3YAngDPMgMH9JNVS126.jpg,happy
C:\Users\nihar\Documents\ML Projects\Deep Learning Projects\Dog Emotion Detection\Final dog dataset\Final dog dataset\happy\5698274832_2250202755_b.jpg,happy
C:\Users\nihar\Documents\ML Projects\Deep Learning Projects\Dog Emotion Detection\Final dog dataset\Final dog dataset\happy\9536789569_cdfc117925_b.jpg,happy
C:\Users\nihar\Documents\ML Projects\Deep Learning Projects\Dog Emotion Detection\Final dog dataset\Final dog dataset\relaxed\51306185309_cf078948d6_b.jpg,relaxed
C:\Users\nihar\Documents\ML Projects\Deep Learning Projects\Dog Emotion Detection\Final dog dataset\Final dog dataset\angry\38wWDK3DxcLDqOhJvXCyReTSPOy5ct227.jpg,angry
C:\Users\nihar\Documents\ML Projects\Deep Learning Projects\Dog Emotion Detection\Final dog dataset\Final dog dataset\sad\ZH91GhnnTCsm84KFAGLcz73pgfsnef989.jpg,sad
C:\Users\nihar\Documents\ML Projects\Deep Learning Projects\Dog Emotion Detection\Final dog dataset\Final dog dataset\happy\KwheHtJ9FfrAgZPZh9BLqaT0MqRW4W923.jpg,happy
C:\Users\nihar\Documents\ML Projects\Deep Learning Projects\Dog Emotion Detection\Final dog dataset\Final dog dataset\relaxed\7079006805_41879a6a0e_b.jpg,relaxed
C:\Users\nihar\Documents\ML Projects\Deep Learning Projects\Dog Emotion Detection\Final dog dataset\Final dog dataset\relaxed\730241226_d2c7404fa5_b.jpg,relaxed
C:\Users\nihar\Documents\ML Projects\Deep Learning Projects\Dog Emotion Detection\Final dog dataset\Final dog dataset\angry\wDzRRsDrAeRFh1LrlFhQybZAP21Cao250.jpg,angry
C:\Users\nihar\Documents\ML Projects\Deep Learning Projects\Dog Emotion Detection\Final dog dataset\Final dog dataset\sad\M2yBqSDwpJk7mYNUr6LG6DIGaVgQJ9496.jpg,sad
C:\Users\nihar\Documents\ML Projects\Deep Learning Projects\Dog Emotion Detection\Final dog dataset\Final dog dataset\happy\8088414151_0e724195fb_b.jpg,happy
C:\Users\nihar\Documents\ML Projects\Deep Learning Projects\Dog Emotion Detection\Final dog dataset\Final dog dataset\sad\FXHYTyYV1SPluthkiztaaO8IbuHGbv426.jpg,sad
C:\Users\nihar\Documents\ML Projects\Deep Learning Projects\Dog Emotion Detection\Final dog dataset\Final dog dataset\relaxed\5479602746_cb85278321_b.jpg,relaxed
C:\Users\nihar\Documents\ML Projects\Deep Learning Projects\Dog Emotion Detection\Final dog dataset\Final dog dataset\happy\auCd47xv91y2GMY9g7LJsoxmgnu88x246.jpg,happy
C:\Users\nihar\Documents\ML Projects\Deep Learning Projects\Dog Emotion Detection\Final dog dataset\Final dog dataset\happy\AjmZiU6a7m1khUrq1zSDEwaqDnCqJ263.jpg,happy
C:\Users\nihar\Documents\ML Projects\Deep Learning Projects\Dog Emotion Detection\Final dog dataset\Final dog dataset\angry\UVrarrfGQjZ3q9lCq1ZTUdrhpZBTo656.jpg,angry
C:\Users\nihar\Documents\ML Projects\Deep Learning Projects\Dog Emotion Detection\Final dog dataset\Final dog dataset\relaxed\4713281_a7e9dd6d62_b.jpg,relaxed
C:\Users\nihar\Documents\ML Projects\Deep Learning Projects\Dog Emotion Detection\Final dog dataset\Final dog dataset\happy\jJBxoIxwlVNgGSaBcMVp1UoJ2tuu07944.jpg,happy
C:\Users\nihar\Documents\ML Projects\Deep Learning Projects\Dog Emotion Detection\Final dog dataset\Final dog dataset\happy\5992729412_84d0b4a59d_b.jpg,happy
C:\Users\nihar\Documents\ML Projects\Deep Learning Projects\Dog Emotion Detection\Final dog dataset\Final dog dataset\relaxed\7421192952_70fb4dcfc9_b.jpg,relaxed
C:\Users\nihar\Documents\ML Projects\Deep Learning Projects\Dog Emotion Detection\Final dog dataset\Final dog dataset\happy\7391782362_6d0bfd4a8c_b.jpg,happy
C:\Users\nihar\Documents\ML Projects\Deep Learning Projects\Dog Emotion Detection\Final dog dataset\Final dog dataset\happy\8670961586_d0396bd0c2_b.jpg,happy
C:\Users\nihar\Documents\ML Projects\Deep Learning Projects\Dog Emotion Detection\Final dog dataset\Final dog dataset\angry\vobgYhYsKlDPLH80Kqq8rpE2WYGgm3166.jpg,angry
C:\Users\nihar\Documents\ML Projects\Deep Learning Projects\Dog Emotion Detection\Final dog dataset\Final dog dataset\relaxed\5211516691_bc564b901c_b.jpg,relaxed
C:\Users\nihar\Documents\ML Projects\Deep Learning Projects\Dog Emotion Detection\Final dog dataset\Final dog dataset\relaxed\8519129250_08669f0ca1_b.jpg,relaxed
C:\Users\nihar\Documents\ML Projects\Deep Learning Projects\Dog Emotion Detection\Final dog dataset\Final dog dataset\relaxed\39273459825_cb5e19d757_b.jpg,relaxed
C:\Users\nihar\Documents\ML Projects\Deep Learning Projects\Dog Emotion Detection\Final dog dataset\Final dog dataset\relaxed\8313746206_9059e7e81f_b.jpg,relaxed
C:\Users\nihar\Documents\ML Projects\Deep Learning Projects\Dog Emotion Detection\Final dog dataset\Final dog dataset\sad\XMOPieIENjRLz4k7vwTbNLEGCyZQVa60.jpg,sad
C:\Users\nihar\Documents\ML Projects\Deep Learning Projects\Dog Emotion Detection\Final dog dataset\Final dog dataset\relaxed\456082686_5f9e52451f_b.jpg,relaxed
C:\Users\nihar\Documents\ML Projects\Deep Learning Projects\Dog Emotion Detection\Final dog dataset\Final dog dataset\happy\2I2DpnyqzV96rY55fSZWzXytCAy69i492.jpg,happy
C:\Users\nihar\Documents\ML Projects\Deep Learning Projects\Dog Emotion Detection\Final dog dataset\Final dog dataset\angry\IK24U64PUkKSZuVy2LxfkgAVCtaZTJ23.jpg,angry
C:\Users\nihar\Documents\ML Projects\Deep Learning Projects\Dog Emotion Detection\Final dog dataset\Final dog dataset\sad\yubL63eiiPmoRru8Z2K2yRo0NnGDCL683.jpg,sad
C:\Users\nihar\Documents\ML Projects\Deep Learning Projects\Dog Emotion Detection\Final dog dataset\Final dog dataset\angry\skqJ9UwwnCvRUANa180gtwT96rj5kk785.jpg,angry
C:\Users\nihar\Documents\ML Projects\Deep Learning Projects\Dog Emotion Detection\Final dog dataset\Final dog dataset\angry\JwVnGRSlRLPEhJsQtDrToWavSVqWhw152.jpg,angry
C:\Users\nihar\Documents\ML Projects\Deep Learning Projects\Dog Emotion Detection\Final dog dataset\Final dog dataset\angry\f7vivupD0ujcdOQZ048XvoINieJlP5870.jpg,angry
C:\Users\nihar\Documents\ML Projects\Deep Learning Projects\Dog Emotion Detection\Final dog dataset\Final dog dataset\sad\SsZXi7NfSKi5YZasY5OaS2SqkQNXDw260.jpg,sad
C:\Users\nihar\Documents\ML Projects\Deep Learning Projects\Dog Emotion Detection\Final dog dataset\Final dog dataset\angry\9mlm8jW9VUEb8q5e6reLdWJW7xf5hN612.jpg,angry
C:\Users\nihar\Documents\ML Projects\Deep Learning Projects\Dog Emotion Detection\Final dog dataset\Final dog dataset\relaxed\3611020039_6fdc2d015f_b.jpg,relaxed
C:\Users\nihar\Documents\ML Projects\Deep Learning Projects\Dog Emotion Detection\Final dog dataset\Final dog dataset\relaxed\8198566706_6b03f863ae_b.jpg,relaxed
C:\Users\nihar\Documents\ML Projects\Deep Learning Projects\Dog Emotion Detection\Final dog dataset\Final dog dataset\happy\6217036887_4eda0ca9e8_b.jpg,happy
C:\Users\nihar\Documents\ML Projects\Deep Learning Projects\Dog Emotion Detection\Final dog dataset\Final dog dataset\relaxed\3686724510_7c7b519c3d_b.jpg,relaxed
C:\Users\nihar\Documents\ML Projects\Deep Learning Projects\Dog Emotion Detection\Final dog dataset\Final dog dataset\sad\3dYZkmlml2HPq78SPddZlscxuCrPWF901.jpg,sad
C:\Users\nihar\Documents\ML Projects\Deep Learning Projects\Dog Emotion Detection\Final dog dataset\Final dog dataset\angry\GptdrCcu1AZZHvdtuV5rQjXlKRDuN3847.jpg,angry
C:\Users\nihar\Documents\ML Projects\Deep Learning Projects\Dog Emotion Detection\Final dog dataset\Final dog dataset\relaxed\5081274283_dbb3bd61f7_b.jpg,relaxed
C:\Users\nihar\Documents\ML Projects\Deep Learning Projects\Dog Emotion Detection\Final dog dataset\Final dog dataset\angry\EDcXCxdGnk8pc6LbNHcsLmTTIMw6ZI386.jpg,angry
C:\Users\nihar\Documents\ML Projects\Deep Learning Projects\Dog Emotion Detection\Final dog dataset\Final dog dataset\sad\6p6NqTj8nCMeDH9j5KWT7vzDUlIcsk55.jpg,sad
C:\Users\nihar\Documents\ML Projects\Deep Learning Projects\Dog Emotion Detection\Final dog dataset\Final dog dataset\happy\G0mWeMtt9aWXycWu4cjcQ3dPILg41i50.jpg,happy
C:\Users\nihar\Documents\ML Projects\Deep Learning Projects\Dog Emotion Detection\Final dog dataset\Final dog dataset\angry\eGMDNukHUTcmLsqYe6S2WiTtwthYzP429.jpg,angry
C:\Users\nihar\Documents\ML Projects\Deep Learning Projects\Dog Emotion Detection\Final dog dataset\Final dog dataset\angry\RYZCYoHZGiyEnnC8UcPpYez6nTkAcH59.jpg,angry
C:\Users\nihar\Documents\ML Projects\Deep Learning Projects\Dog Emotion Detection\Final dog dataset\Final dog dataset\sad\YUplOkJMzPrLTNXyqJp6WRgXzkiLpw480.jpg,sad
C:\Users\nihar\Documents\ML Projects\Deep Learning Projects\Dog Emotion Detection\Final dog dataset\Final dog dataset\angry\dlnW2BlV19g8GCkWdbRWV2YojaNY4T43.jpg,angry
C:\Users\nihar\Documents\ML Projects\Deep Learning Projects\Dog Emotion Detection\Final dog dataset\Final dog dataset\sad\Ry9Dhlh5fatrRUR3v6sOpG9XKf8CP794.jpg,sad
C:\Users\nihar\Documents\ML Projects\Deep Learning Projects\Dog Emotion Detection\Final dog dataset\Final dog dataset\angry\lKAhnnjIujh44sNX5uTua7pRij3LOe120.jpg,angry
C:\Users\nihar\Documents\ML Projects\Deep Learning Projects\Dog Emotion Detection\Final dog dataset\Final dog dataset\relaxed\3594701445_d34eb5054d_b.jpg,relaxed
C:\Users\nihar\Documents\ML Projects\Deep Learning Projects\Dog Emotion Detection\Final dog dataset\Final dog dataset\sad\GJ0cAUIZVoeuykruPqUGMyzx7Z1Dn48.jpg,sad
C:\Users\nihar\Documents\ML Projects\Deep Learning Projects\Dog Emotion Detection\Final dog dataset\Final dog dataset\relaxed\5512913123_f8d6c88752_b.jpg,relaxed
C:\Users\nihar\Documents\ML Projects\Deep Learning Projects\Dog Emotion Detection\Final dog dataset\Final dog dataset\angry\vX4WhmnDzBvbJpHHShtlLxl1hEynsu630.jpg,angry
C:\Users\nihar\Documents\ML Projects\Deep Learning Projects\Dog Emotion Detection\Final dog dataset\Final dog dataset\happy\l1jr8xgJlCpiioWejnoJcZnQLOln1c257.jpg,happy
C:\Users\nihar\Documents\ML Projects\Deep Learning Projects\Dog Emotion Detection\Final dog dataset\Final dog dataset\sad\fRdVchDElTKgBD5kmLlz60TALsGmyZ912.jpg,sad
C:\Users\nihar\Documents\ML Projects\Deep Learning Projects\Dog Emotion Detection\Final dog dataset\Final dog dataset\sad\xRaW8phQqQQ9MdPBzJkbwLgQenQWJW925.jpg,sad
C:\Users\nihar\Documents\ML Projects\Deep Learning Projects\Dog Emotion Detection\Final dog dataset\Final dog dataset\happy\hd0QjupB5BSpsVWYdxOcfG1PbHqZwj527.jpg,happy
C:\Users\nihar\Documents\ML Projects\Deep Learning Projects\Dog Emotion Detection\Final dog dataset\Final dog dataset\sad\GSsu6FZu1wtvM8ukXvlanh2pMHIQCX732.jpg,sad
C:\Users\nihar\Documents\ML Projects\Deep Learning Projects\Dog Emotion Detection\Final dog dataset\Final dog dataset\angry\DqQPUEmJOqmkMluIt3I53LimnT4VLl165.jpg,angry
C:\Users\nihar\Documents\ML Projects\Deep Learning Projects\Dog Emotion Detection\Final dog dataset\Final dog dataset\angry\myRCrwLZMrD3bykGjxfOYOFjP0OM2v475.jpg,angry
C:\Users\nihar\Documents\ML Projects\Deep Learning Projects\Dog Emotion Detection\Final dog dataset\Final dog dataset\angry\tNuZAzdINRmhlU5SHY85GnuboqTBcx502.jpg,angry
C:\Users\nihar\Documents\ML Projects\Deep Learning Projects\Dog Emotion Detection\Final dog dataset\Final dog dataset\angry\fUs36EiHMxxaPoq7pzpCq0T31928L884.jpg,angry
C:\Users\nihar\Documents\ML Projects\Deep Learning Projects\Dog Emotion Detection\Final dog dataset\Final dog dataset\happy\6103606978_6ef5a3c99e_b.jpg,happy
C:\Users\nihar\Documents\ML Projects\Deep Learning Projects\Dog Emotion Detection\Final dog dataset\Final dog dataset\happy\8530611304_b0e9d5dc31_b.jpg,happy
C:\Users\nihar\Documents\ML Projects\Deep Learning Projects\Dog Emotion Detection\Final dog dataset\Final dog dataset\sad\VsGCHkTR9V0IPX4nOgSi29ithLLb4M754.jpg,sad
C:\Users\nihar\Documents\ML Projects\Deep Learning Projects\Dog Emotion Detection\Final dog dataset\Final dog dataset\angry\1221584616_5b161bdee6_b.jpg,angry
C:\Users\nihar\Documents\ML Projects\Deep Learning Projects\Dog Emotion Detection\Final dog dataset\Final dog dataset\sad\jRcR6QdwM1ZBjLSDwkrNVnIl3lpE8k893.jpg,sad
C:\Users\nihar\Documents\ML Projects\Deep Learning Projects\Dog Emotion Detection\Final dog dataset\Final dog dataset\sad\cFAHQ4D65JYw55gBHSAaT48FLhsyc6412.jpg,sad
C:\Users\nihar\Documents\ML Projects\Deep Learning Projects\Dog Emotion Detection\Final dog dataset\Final dog dataset\sad\jXYlXOlWLo8y4Uq2JvyuXBemFFxXgv370.jpg,sad
C:\Users\nihar\Documents\ML Projects\Deep Learning Projects\Dog Emotion Detection\Final dog dataset\Final dog dataset\angry\HkFbG91LW27M9xQjaYac6Vvf12SBAy799.jpg,angry
C:\Users\nihar\Documents\ML Projects\Deep Learning Projects\Dog Emotion Detection\Final dog dataset\Final dog dataset\angry\BcPBwIMppWvhNyC4T4YqWVKtP7GtjH702.jpg,angry
C:\Users\nihar\Documents\ML Projects\Deep Learning Projects\Dog Emotion Detection\Final dog dataset\Final dog dataset\happy\6479060953_784c6c24e5_b.jpg,happy
C:\Users\nihar\Documents\ML Projects\Deep Learning Projects\Dog Emotion Detection\Final dog dataset\Final dog dataset\relaxed\5361942772_3cb21139e4_b.jpg,relaxed
C:\Users\nihar\Documents\ML Projects\Deep Learning Projects\Dog Emotion Detection\Final dog dataset\Final dog dataset\happy\6076412709_d6bc02746e_b.jpg,happy
C:\Users\nihar\Documents\ML Projects\Deep Learning Projects\Dog Emotion Detection\Final dog dataset\Final dog dataset\sad\VTVrIyrW1IbzqeT93a8UOUcwBhKhml54.jpg,sad
C:\Users\nihar\Documents\ML Projects\Deep Learning Projects\Dog Emotion Detection\Final dog dataset\Final dog dataset\happy\6345592150_caafd1fdb1_b.jpg,happy
C:\Users\nihar\Documents\ML Projects\Deep Learning Projects\Dog Emotion Detection\Final dog dataset\Final dog dataset\relaxed\8866718300_c56ac69a28_b.jpg,relaxed
C:\Users\nihar\Documents\ML Projects\Deep Learning Projects\Dog Emotion Detection\Final dog dataset\Final dog dataset\angry\pDDZK96ybZhNMRaTbiDVfSV0JV9TZq876.jpg,angry
C:\Users\nihar\Documents\ML Projects\Deep Learning Projects\Dog Emotion Detection\Final dog dataset\Final dog dataset\happy\8684490919_1d61941509_b.jpg,happy
C:\Users\nihar\Documents\ML Projects\Deep Learning Projects\Dog Emotion Detection\Final dog dataset\Final dog dataset\angry\IsmkcFBp7mYltJpv78ezuneeZGLQnJ493.jpg,angry
C:\Users\nihar\Documents\ML Projects\Deep Learning Projects\Dog Emotion Detection\Final dog dataset\Final dog dataset\happy\0dula1RWC0ZyjlrqEwuVHgtxHp5kme443.jpg,happy
C:\Users\nihar\Documents\ML Projects\Deep Learning Projects\Dog Emotion Detection\Final dog dataset\Final dog dataset\relaxed\6832946352_902b3b6401_b.jpg,relaxed
C:\Users\nihar\Documents\ML Projects\Deep Learning Projects\Dog Emotion Detection\Final dog dataset\Final dog dataset\relaxed\6801221967_63415b4b90_b.jpg,relaxed
C:\Users\nihar\Documents\ML Projects\Deep Learning Projects\Dog Emotion Detection\Final dog dataset\Final dog dataset\angry\tafyufgna3OsgEuQ9jspwOXuf1ej3k28.jpg,angry
C:\Users\nihar\Documents\ML Projects\Deep Learning Projects\Dog Emotion Detection\Final dog dataset\Final dog dataset\angry\Wfclo9Yr05RKVKQgm4UWh00IwPs5NY886.jpg,angry
C:\Users\nihar\Documents\ML Projects\Deep Learning Projects\Dog Emotion Detection\Final dog dataset\Final dog dataset\happy\9244824271_88e9a89c1b_b.jpg,happy
C:\Users\nihar\Documents\ML Projects\Deep Learning Projects\Dog Emotion Detection\Final dog dataset\Final dog dataset\angry\92xegFRdPjKk3HoCCPHtow6N3731dP898.jpg,angry
C:\Users\nihar\Documents\ML Projects\Deep Learning Projects\Dog Emotion Detection\Final dog dataset\Final dog dataset\angry\PSUkg6l2Q1s0O2CESRuFxMuB1PERDR441.jpg,angry
C:\Users\nihar\Documents\ML Projects\Deep Learning Projects\Dog Emotion Detection\Final dog dataset\Final dog dataset\angry\gkOz0u8KmwIBiXcDEWIcAMZsTu2CSl875.jpg,angry
C:\Users\nihar\Documents\ML Projects\Deep Learning Projects\Dog Emotion Detection\Final dog dataset\Final dog dataset\angry\idudHz5MMpVtLOCpSkYpJxzoabwXqB453.jpg,angry
C:\Users\nihar\Documents\ML Projects\Deep Learning Projects\Dog Emotion Detection\Final dog dataset\Final dog dataset\sad\DxkhUi0qrDmUvpCO0W1e5fwouObbNZ119.jpg,sad
C:\Users\nihar\Documents\ML Projects\Deep Learning Projects\Dog Emotion Detection\Final dog dataset\Final dog dataset\happy\HQsw77F0DThSuw0W7cFX3h5n4oI5gB752.jpg,happy
C:\Users\nihar\Documents\ML Projects\Deep Learning Projects\Dog Emotion Detection\Final dog dataset\Final dog dataset\sad\mQq7VQWntltQ0zYaRto9Bv1hvM6ISm675.jpg,sad
C:\Users\nihar\Documents\ML Projects\Deep Learning Projects\Dog Emotion Detection\Final dog dataset\Final dog dataset\angry\sRK3GnnWyF4y7CzLmfmjOCy623pArS259.jpg,angry
C:\Users\nihar\Documents\ML Projects\Deep Learning Projects\Dog Emotion Detection\Final dog dataset\Final dog dataset\happy\5683360825_7d261aa963_b.jpg,happy
C:\Users\nihar\Documents\ML Projects\Deep Learning Projects\Dog Emotion Detection\Final dog dataset\Final dog dataset\relaxed\6634776555_f58be8bed3_b.jpg,relaxed
C:\Users\nihar\Documents\ML Projects\Deep Learning Projects\Dog Emotion Detection\Final dog dataset\Final dog dataset\sad\IaDbImCvtsID97yTFjmx1dt1KjobXL382.jpg,sad
C:\Users\nihar\Documents\ML Projects\Deep Learning Projects\Dog Emotion Detection\Final dog dataset\Final dog dataset\happy\9778eIfJFJvZCrgdtApn4yTGNfdrw3618.jpg,happy
C:\Users\nihar\Documents\ML Projects\Deep Learning Projects\Dog Emotion Detection\Final dog dataset\Final dog dataset\sad\oXWo4IncKd70IVJ9gXhJ0wmIUhzakE971.jpg,sad
C:\Users\nihar\Documents\ML Projects\Deep Learning Projects\Dog Emotion Detection\Final dog dataset\Final dog dataset\sad\llVVVbZ5CPpLVhkQDi1gb7FUV3Eguf72.jpg,sad
C:\Users\nihar\Documents\ML Projects\Deep Learning Projects\Dog Emotion Detection\Final dog dataset\Final dog dataset\happy\6035404597_950d8569d2_b.jpg,happy
C:\Users\nihar\Documents\ML Projects\Deep Learning Projects\Dog Emotion Detection\Final dog dataset\Final dog dataset\happy\6791241193_3721fb1255_b.jpg,happy
C:\Users\nihar\Documents\ML Projects\Deep Learning Projects\Dog Emotion Detection\Final dog dataset\Final dog dataset\relaxed\6964287565_62db6b6e12_b.jpg,relaxed
C:\Users\nihar\Documents\ML Projects\Deep Learning Projects\Dog Emotion Detection\Final dog dataset\Final dog dataset\happy\8qlKDvyPYpgSjugsRsfdTprgVyBwvA40.jpg,happy
C:\Users\nihar\Documents\ML Projects\Deep Learning Projects\Dog Emotion Detection\Final dog dataset\Final dog dataset\happy\fDfglq3CbYatM49HxnaPtIaSwU5R2782.jpg,happy
C:\Users\nihar\Documents\ML Projects\Deep Learning Projects\Dog Emotion Detection\Final dog dataset\Final dog dataset\sad\M9V6aimSvg7L3szkgU9FKa4PHZNcK9485.jpg,sad
C:\Users\nihar\Documents\ML Projects\Deep Learning Projects\Dog Emotion Detection\Final dog dataset\Final dog dataset\angry\GP7FcNJUod8VkUVDKImgUexgpkqbfc881.jpg,angry
C:\Users\nihar\Documents\ML Projects\Deep Learning Projects\Dog Emotion Detection\Final dog dataset\Final dog dataset\angry\chxRM5DMedWWosH0lgTvmAE04O26t1864.jpg,angry
C:\Users\nihar\Documents\ML Projects\Deep Learning Projects\Dog Emotion Detection\Final dog dataset\Final dog dataset\happy\7511420496_c60484ba92_b.jpg,happy
C:\Users\nihar\Documents\ML Projects\Deep Learning Projects\Dog Emotion Detection\Final dog dataset\Final dog dataset\sad\eVdyFFvDYwr3XYSbMRlY7PllqTuXxM967.jpg,sad
C:\Users\nihar\Documents\ML Projects\Deep Learning Projects\Dog Emotion Detection\Final dog dataset\Final dog dataset\sad\u42bIZojLkMPQHye3QnBhHz0N8RN9A478.jpg,sad
C:\Users\nihar\Documents\ML Projects\Deep Learning Projects\Dog Emotion Detection\Final dog dataset\Final dog dataset\relaxed\6153657272_632169fd0c_b.jpg,relaxed
C:\Users\nihar\Documents\ML Projects\Deep Learning Projects\Dog Emotion Detection\Final dog dataset\Final dog dataset\relaxed\5408779378_db6ab66bf5_b.jpg,relaxed
C:\Users\nihar\Documents\ML Projects\Deep Learning Projects\Dog Emotion Detection\Final dog dataset\Final dog dataset\sad\t2GHZ47CWWBaJdUXbuRbkVUbsKD2pA539.jpg,sad
C:\Users\nihar\Documents\ML Projects\Deep Learning Projects\Dog Emotion Detection\Final dog dataset\Final dog dataset\relaxed\49794719406_fc4986c364_b.jpg,relaxed
C:\Users\nihar\Documents\ML Projects\Deep Learning Projects\Dog Emotion Detection\Final dog dataset\Final dog dataset\angry\6AJACdy9PgBGKOka9bhuVNTvLAt4Ha583.jpg,angry
C:\Users\nihar\Documents\ML Projects\Deep Learning Projects\Dog Emotion Detection\Final dog dataset\Final dog dataset\relaxed\8409817119_6ccb9b2735_b.jpg,relaxed
C:\Users\nihar\Documents\ML Projects\Deep Learning Projects\Dog Emotion Detection\Final dog dataset\Final dog dataset\angry\AWVB8SqntediaRyM10olrldDknDoRH843.jpg,angry
C:\Users\nihar\Documents\ML Projects\Deep Learning Projects\Dog Emotion Detection\Final dog dataset\Final dog dataset\angry\6NKqxeoP89Np9ZsJ59Et3Y1w6tcXmN685.jpg,angry
C:\Users\nihar\Documents\ML Projects\Deep Learning Projects\Dog Emotion Detection\Final dog dataset\Final dog dataset\sad\9769448805_55a18446f8_b.jpg,sad
C:\Users\nihar\Documents\ML Projects\Deep Learning Projects\Dog Emotion Detection\Final dog dataset\Final dog dataset\sad\ze6DecxTqp6n1G3W0RC7iYquFpppzM228.jpg,sad
C:\Users\nihar\Documents\ML Projects\Deep Learning Projects\Dog Emotion Detection\Final dog dataset\Final dog dataset\relaxed\89091081_770bf9d9de_b.jpg,relaxed
C:\Users\nihar\Documents\ML Projects\Deep Learning Projects\Dog Emotion Detection\Final dog dataset\Final dog dataset\relaxed\7018897481_1b35742e0c_b.jpg,relaxed
C:\Users\nihar\Documents\ML Projects\Deep Learning Projects\Dog Emotion Detection\Final dog dataset\Final dog dataset\relaxed\5653168416_e977656f31_b.jpg,relaxed
C:\Users\nihar\Documents\ML Projects\Deep Learning Projects\Dog Emotion Detection\Final dog dataset\Final dog dataset\sad\CTKES3fxlG8heOYq5vrn0iu1VS3cE7716.jpg,sad
C:\Users\nihar\Documents\ML Projects\Deep Learning Projects\Dog Emotion Detection\Final dog dataset\Final dog dataset\relaxed\9667859727_c14ffd3460_b.jpg,relaxed
C:\Users\nihar\Documents\ML Projects\Deep Learning Projects\Dog Emotion Detection\Final dog dataset\Final dog dataset\relaxed\99453002_bdd708cbbf_b.jpg,relaxed
C:\Users\nihar\Documents\ML Projects\Deep Learning Projects\Dog Emotion Detection\Final dog dataset\Final dog dataset\sad\Y7smlh9XmpSQCjQwX9An3sMPFViClp910.jpg,sad
C:\Users\nihar\Documents\ML Projects\Deep Learning Projects\Dog Emotion Detection\Final dog dataset\Final dog dataset\sad\HEXbwy89tC4EZc7S8AKRNedCXatIZC562.jpg,sad
C:\Users\nihar\Documents\ML Projects\Deep Learning Projects\Dog Emotion Detection\Final dog dataset\Final dog dataset\happy\5693872175_94359956dc_b.jpg,happy
C:\Users\nihar\Documents\ML Projects\Deep Learning Projects\Dog Emotion Detection\Final dog dataset\Final dog dataset\relaxed\8048417109_724c954d09_b.jpg,relaxed
C:\Users\nihar\Documents\ML Projects\Deep Learning Projects\Dog Emotion Detection\Final dog dataset\Final dog dataset\relaxed\39658716382_dafac9cc51_b.jpg,relaxed
C:\Users\nihar\Documents\ML Projects\Deep Learning Projects\Dog Emotion Detection\Final dog dataset\Final dog dataset\happy\9267058613_ddac03e6ee_b.jpg,happy
C:\Users\nihar\Documents\ML Projects\Deep Learning Projects\Dog Emotion Detection\Final dog dataset\Final dog dataset\sad\gPCKt1oe1aUkDiKVodHepmUm2CT6YE120.jpg,sad
C:\Users\nihar\Documents\ML Projects\Deep Learning Projects\Dog Emotion Detection\Final dog dataset\Final dog dataset\relaxed\4615738035_285f181c35_b.jpg,relaxed
C:\Users\nihar\Documents\ML Projects\Deep Learning Projects\Dog Emotion Detection\Final dog dataset\Final dog dataset\angry\Lo2LZm3c3baTACWo5w0GUmX5VouIkw511.jpeg,angry
C:\Users\nihar\Documents\ML Projects\Deep Learning Projects\Dog Emotion Detection\Final dog dataset\Final dog dataset\relaxed\8618354972_289ace1179_b.jpg,relaxed
C:\Users\nihar\Documents\ML Projects\Deep Learning Projects\Dog Emotion Detection\Final dog dataset\Final dog dataset\relaxed\9445245713_bfce6cb2f2_b.jpg,relaxed
C:\Users\nihar\Documents\ML Projects\Deep Learning Projects\Dog Emotion Detection\Final dog dataset\Final dog dataset\happy\FSsbc6XtpoNIWv6X5YvYwVnPWrbXMk387.jpg,happy
C:\Users\nihar\Documents\ML Projects\Deep Learning Projects\Dog Emotion Detection\Final dog dataset\Final dog dataset\sad\cePNxLT6i9TGfjWLWiT0wsD6qeTHAX542.jpg,sad
C:\Users\nihar\Documents\ML Projects\Deep Learning Projects\Dog Emotion Detection\Final dog dataset\Final dog dataset\sad\G1rXsWXds0in27fwQ8eVjvJ49tNTnB741.jpg,sad
C:\Users\nihar\Documents\ML Projects\Deep Learning Projects\Dog Emotion Detection\Final dog dataset\Final dog dataset\relaxed\7834842750_fbf810ecf0_b.jpg,relaxed
C:\Users\nihar\Documents\ML Projects\Deep Learning Projects\Dog Emotion Detection\Final dog dataset\Final dog dataset\relaxed\7462579824_81e6432552_b.jpg,relaxed
C:\Users\nihar\Documents\ML Projects\Deep Learning Projects\Dog Emotion Detection\Final dog dataset\Final dog dataset\angry\iYMXB9TAovffBStuoJieSQfJsvnhhI545.jpg,angry
C:\Users\nihar\Documents\ML Projects\Deep Learning Projects\Dog Emotion Detection\Final dog dataset\Final dog dataset\angry\uBsKp2vnkTl2eoEhsY0pa6orz2MZB191.jpg,angry
C:\Users\nihar\Documents\ML Projects\Deep Learning Projects\Dog Emotion Detection\Final dog dataset\Final dog dataset\sad\OSsZWUEUdyX4Hkfvfq8NudiH1sQRDn399.jpg,sad
C:\Users\nihar\Documents\ML Projects\Deep Learning Projects\Dog Emotion Detection\Final dog dataset\Final dog dataset\angry\5zpt5B3v8hgPSHpRxzdxBZOWvgFKTD430.jpg,angry
C:\Users\nihar\Documents\ML Projects\Deep Learning Projects\Dog Emotion Detection\Final dog dataset\Final dog dataset\happy\7458273174_f8fffe5b16_b.jpg,happy
C:\Users\nihar\Documents\ML Projects\Deep Learning Projects\Dog Emotion Detection\Final dog dataset\Final dog dataset\sad\9LR4KU3lokXQEi2nF2ShCfO5ztigzn309.jpg,sad
C:\Users\nihar\Documents\ML Projects\Deep Learning Projects\Dog Emotion Detection\Final dog dataset\Final dog dataset\sad\Pq9KRoH1YG9E046j7wyWHIWzFrSPyS168.jpg,sad
C:\Users\nihar\Documents\ML Projects\Deep Learning Projects\Dog Emotion Detection\Final dog dataset\Final dog dataset\relaxed\6737143405_9c2b5a8b52_b.jpg,relaxed
C:\Users\nihar\Documents\ML Projects\Deep Learning Projects\Dog Emotion Detection\Final dog dataset\Final dog dataset\relaxed\3728227155_7eee83c008_b.jpg,relaxed
C:\Users\nihar\Documents\ML Projects\Deep Learning Projects\Dog Emotion Detection\Final dog dataset\Final dog dataset\relaxed\8151510386_5af6e90583_b.jpg,relaxed
C:\Users\nihar\Documents\ML Projects\Deep Learning Projects\Dog Emotion Detection\Final dog dataset\Final dog dataset\angry\9zBfJd5stFiv9e5ItmRmiH981Z8dMd357.jpg,angry
C:\Users\nihar\Documents\ML Projects\Deep Learning Projects\Dog Emotion Detection\Final dog dataset\Final dog dataset\angry\1OIYiVdFbBN5bnKkFGCbLyBcuUrpww110.jpg,angry
C:\Users\nihar\Documents\ML Projects\Deep Learning Projects\Dog Emotion Detection\Final dog dataset\Final dog dataset\relaxed\7479129220_20a68f4d2d_b.jpg,relaxed
C:\Users\nihar\Documents\ML Projects\Deep Learning Projects\Dog Emotion Detection\Final dog dataset\Final dog dataset\relaxed\6754482089_e08802b70b_b.jpg,relaxed
C:\Users\nihar\Documents\ML Projects\Deep Learning Projects\Dog Emotion Detection\Final dog dataset\Final dog dataset\angry\rvtUAnEYDUvZMtjhcvUrgs3MkoVyhQ692.jpg,angry
C:\Users\nihar\Documents\ML Projects\Deep Learning Projects\Dog Emotion Detection\Final dog dataset\Final dog dataset\happy\8069265457_42644934be_b.jpg,happy
C:\Users\nihar\Documents\ML Projects\Deep Learning Projects\Dog Emotion Detection\Final dog dataset\Final dog dataset\happy\Imdjmm1ZnUIOzX9NwlkP12T0O5Taq4144.jpg,happy
C:\Users\nihar\Documents\ML Projects\Deep Learning Projects\Dog Emotion Detection\Final dog dataset\Final dog dataset\relaxed\7512612270_f06bd25297_b.jpg,relaxed
C:\Users\nihar\Documents\ML Projects\Deep Learning Projects\Dog Emotion Detection\Final dog dataset\Final dog dataset\happy\anL7ILh1zMzlGTCG6hWgRU4CSlZY7H86.jpg,happy
C:\Users\nihar\Documents\ML Projects\Deep Learning Projects\Dog Emotion Detection\Final dog dataset\Final dog dataset\angry\sDX5vHPS65PfRDl08i6XcoeAQHcb0C305.jpg,angry
C:\Users\nihar\Documents\ML Projects\Deep Learning Projects\Dog Emotion Detection\Final dog dataset\Final dog dataset\happy\dsGeNqtAZQQHZ9sKWaDfCHVzCkWMMz66.jpg,happy
C:\Users\nihar\Documents\ML Projects\Deep Learning Projects\Dog Emotion Detection\Final dog dataset\Final dog dataset\angry\KSmTsYgXCYgbT0hsWuuv0MSTl3hb4W86.jpg,angry
C:\Users\nihar\Documents\ML Projects\Deep Learning Projects\Dog Emotion Detection\Final dog dataset\Final dog dataset\relaxed\36345676345_4a1c5ccef5_b.jpg,relaxed
C:\Users\nihar\Documents\ML Projects\Deep Learning Projects\Dog Emotion Detection\Final dog dataset\Final dog dataset\sad\syHBnTpAOun1xyfsbcnrciT1IW4cAS366.jpg,sad
C:\Users\nihar\Documents\ML Projects\Deep Learning Projects\Dog Emotion Detection\Final dog dataset\Final dog dataset\relaxed\4942679748_078f87bc80_b.jpg,relaxed
C:\Users\nihar\Documents\ML Projects\Deep Learning Projects\Dog Emotion Detection\Final dog dataset\Final dog dataset\angry\p1E2NOmEZlqp4L3St7cDnxkx7W7Kpj513.jpeg,angry
C:\Users\nihar\Documents\ML Projects\Deep Learning Projects\Dog Emotion Detection\Final dog dataset\Final dog dataset\angry\ApsYLPoeKvziZ4q7p5MocgWlAoRa9j32.jpg,angry
C:\Users\nihar\Documents\ML Projects\Deep Learning Projects\Dog Emotion Detection\Final dog dataset\Final dog dataset\angry\tdC7xQp11ZL9fgO6A6hYd7c6e0MFoo98.jpg,angry
C:\Users\nihar\Documents\ML Projects\Deep Learning Projects\Dog Emotion Detection\Final dog dataset\Final dog dataset\relaxed\8447763193_e1455e9670_b.jpg,relaxed
C:\Users\nihar\Documents\ML Projects\Deep Learning Projects\Dog Emotion Detection\Final dog dataset\Final dog dataset\sad\M3uHZPYl2Vi60C7KUtYPwcD8PpwWWo844.jpg,sad
C:\Users\nihar\Documents\ML Projects\Deep Learning Projects\Dog Emotion Detection\Final dog dataset\Final dog dataset\sad\x9CKEBAdoimY3kDqhW78Se1KMqVmfz567.jpg,sad
C:\Users\nihar\Documents\ML Projects\Deep Learning Projects\Dog Emotion Detection\Final dog dataset\Final dog dataset\happy\BHdBuzJwG8mBVLTz4bVLuBa9ozf2JW342.jpg,happy
C:\Users\nihar\Documents\ML Projects\Deep Learning Projects\Dog Emotion Detection\Final dog dataset\Final dog dataset\angry\OAthzJ1KLMZKziWdlQo7lmPca6R2rG665.jpg,angry
C:\Users\nihar\Documents\ML Projects\Deep Learning Projects\Dog Emotion Detection\Final dog dataset\Final dog dataset\happy\8167460374_ca4218c1eb_b.jpg,happy
C:\Users\nihar\Documents\ML Projects\Deep Learning Projects\Dog Emotion Detection\Final dog dataset\Final dog dataset\happy\DHt2VTp5ZyXyjnU275tRoPNdIEm8l0171.jpg,happy
C:\Users\nihar\Documents\ML Projects\Deep Learning Projects\Dog Emotion Detection\Final dog dataset\Final dog dataset\relaxed\8668912164_5a357d43da_b.jpg,relaxed
C:\Users\nihar\Documents\ML Projects\Deep Learning Projects\Dog Emotion Detection\Final dog dataset\Final dog dataset\sad\8G4uZgzYvSiHUnMLWg1kddf4KgbBG6510.jpg,sad
C:\Users\nihar\Documents\ML Projects\Deep Learning Projects\Dog Emotion Detection\Final dog dataset\Final dog dataset\happy\7WUOx2qBHArq6iDIAKaB9tcQdiF6Px687.jpg,happy
C:\Users\nihar\Documents\ML Projects\Deep Learning Projects\Dog Emotion Detection\Final dog dataset\Final dog dataset\relaxed\38613062370_79b7e0764a_b.jpg,relaxed
C:\Users\nihar\Documents\ML Projects\Deep Learning Projects\Dog Emotion Detection\Final dog dataset\Final dog dataset\relaxed\423054861_db1f45fb53_b.jpg,relaxed
C:\Users\nihar\Documents\ML Projects\Deep Learning Projects\Dog Emotion Detection\Final dog dataset\Final dog dataset\relaxed\8458940444_a22eaef0b9_b.jpg,relaxed
C:\Users\nihar\Documents\ML Projects\Deep Learning Projects\Dog Emotion Detection\Final dog dataset\Final dog dataset\relaxed\5937043179_2e6d869733_b.jpg,relaxed
C:\Users\nihar\Documents\ML Projects\Deep Learning Projects\Dog Emotion Detection\Final dog dataset\Final dog dataset\sad\bMsxcDtTdd03rqnakvSZ9UeD25DW3W820.jpg,sad
C:\Users\nihar\Documents\ML Projects\Deep Learning Projects\Dog Emotion Detection\Final dog dataset\Final dog dataset\angry\keeAWvBsrppPuDXV02Z9SIAA8mjCr1474.jpg,angry
C:\Users\nihar\Documents\ML Projects\Deep Learning Projects\Dog Emotion Detection\Final dog dataset\Final dog dataset\relaxed\36948617784_011797f0d2_b.jpg,relaxed
C:\Users\nihar\Documents\ML Projects\Deep Learning Projects\Dog Emotion Detection\Final dog dataset\Final dog dataset\happy\7256502746_9254978f88_b.jpg,happy
C:\Users\nihar\Documents\ML Projects\Deep Learning Projects\Dog Emotion Detection\Final dog dataset\Final dog dataset\sad\fy3b0OUTwfavGpXkL4A0Ddcu9waZsa17.jpg,sad
C:\Users\nihar\Documents\ML Projects\Deep Learning Projects\Dog Emotion Detection\Final dog dataset\Final dog dataset\happy\7273410934_c75f204797_b.jpg,happy
C:\Users\nihar\Documents\ML Projects\Deep Learning Projects\Dog Emotion Detection\Final dog dataset\Final dog dataset\angry\D1mLM2dgFkue7sLJVvfMxQTgpbkcRS646.jpg,angry
C:\Users\nihar\Documents\ML Projects\Deep Learning Projects\Dog Emotion Detection\Final dog dataset\Final dog dataset\angry\MiRFUv40qGeHVQPUmsmz2K5kiVxCqu354.jpg,angry
C:\Users\nihar\Documents\ML Projects\Deep Learning Projects\Dog Emotion Detection\Final dog dataset\Final dog dataset\angry\tkQgH7yPxG0r4Y9Xc6vtrhLsmtYwQC654.jpg,angry
C:\Users\nihar\Documents\ML Projects\Deep Learning Projects\Dog Emotion Detection\Final dog dataset\Final dog dataset\sad\kRzxIwnsPX1tr9lZWGN6jbndzWOf9v834.jpg,sad
C:\Users\nihar\Documents\ML Projects\Deep Learning Projects\Dog Emotion Detection\Final dog dataset\Final dog dataset\relaxed\3920293816_1a2e74a880_b.jpg,relaxed
C:\Users\nihar\Documents\ML Projects\Deep Learning Projects\Dog Emotion Detection\Final dog dataset\Final dog dataset\angry\ohHgH5xiQsAtMHgKaZKoWsfDQrrZrf106.jpg,angry
C:\Users\nihar\Documents\ML Projects\Deep Learning Projects\Dog Emotion Detection\Final dog dataset\Final dog dataset\happy\7265224742_db5bf9284a_b.jpg,happy
C:\Users\nihar\Documents\ML Projects\Deep Learning Projects\Dog Emotion Detection\Final dog dataset\Final dog dataset\happy\8074118383_518302f9a4_b.jpg,happy
C:\Users\nihar\Documents\ML Projects\Deep Learning Projects\Dog Emotion Detection\Final dog dataset\Final dog dataset\sad\cJUhBsiv5cxOosNwenoJF8ytRiXLb6699.jpg,sad
C:\Users\nihar\Documents\ML Projects\Deep Learning Projects\Dog Emotion Detection\Final dog dataset\Final dog dataset\sad\nRkxAEwbbZ5SBufemUerRuhQG9VoUi543.jpg,sad
C:\Users\nihar\Documents\ML Projects\Deep Learning Projects\Dog Emotion Detection\Final dog dataset\Final dog dataset\sad\QnegBofkkJ1PBDU57Tmg5Ydohq7xIf450.jpg,sad
C:\Users\nihar\Documents\ML Projects\Deep Learning Projects\Dog Emotion Detection\Final dog dataset\Final dog dataset\angry\yTMpnB19f7J5ss9usqxqm0fFO0Z6WL376.jpg,angry
C:\Users\nihar\Documents\ML Projects\Deep Learning Projects\Dog Emotion Detection\Final dog dataset\Final dog dataset\sad\g7pdZpWz6oBpsSyBhaKNfZoUPkQ5kn149.jpg,sad
C:\Users\nihar\Documents\ML Projects\Deep Learning Projects\Dog Emotion Detection\Final dog dataset\Final dog dataset\happy\7052280369_901c32a469_b.jpg,happy
C:\Users\nihar\Documents\ML Projects\Deep Learning Projects\Dog Emotion Detection\Final dog dataset\Final dog dataset\sad\foaNgdz06syTF9W82zs37wplxZNkIg359.jpg,sad
C:\Users\nihar\Documents\ML Projects\Deep Learning Projects\Dog Emotion Detection\Final dog dataset\Final dog dataset\sad\uVZgVfNYlC4CkKH9EV355UCtAiDS5o828.jpg,sad
C:\Users\nihar\Documents\ML Projects\Deep Learning Projects\Dog Emotion Detection\Final dog dataset\Final dog dataset\relaxed\49063865203_38041eeffb_b.jpg,relaxed
C:\Users\nihar\Documents\ML Projects\Deep Learning Projects\Dog Emotion Detection\Final dog dataset\Final dog dataset\sad\ehskwm2zZfAovxsOYnzT5zJH1cHiia890.jpg,sad
C:\Users\nihar\Documents\ML Projects\Deep Learning Projects\Dog Emotion Detection\Final dog dataset\Final dog dataset\sad\cZM9Vtnw3nrcbLjhGwKUNkTnzmzsVG610.jpg,sad
C:\Users\nihar\Documents\ML Projects\Deep Learning Projects\Dog Emotion Detection\Final dog dataset\Final dog dataset\sad\nvBvPrvmR4abkG3hq1xOP61FhrVgBq757.jpg,sad
C:\Users\nihar\Documents\ML Projects\Deep Learning Projects\Dog Emotion Detection\Final dog dataset\Final dog dataset\angry\SmKhybyAeFoznvcDn11h2543OhTMVe159.jpg,angry
C:\Users\nihar\Documents\ML Projects\Deep Learning Projects\Dog Emotion Detection\Final dog dataset\Final dog dataset\sad\k8Kt5v3CiH0Y6NOhyHCkVzuGhkx6sG416.jpg,sad
C:\Users\nihar\Documents\ML Projects\Deep Learning Projects\Dog Emotion Detection\Final dog dataset\Final dog dataset\angry\tUYXchv9zW4em9mZHjsp2hvj5wSS3l391.jpg,angry
C:\Users\nihar\Documents\ML Projects\Deep Learning Projects\Dog Emotion Detection\Final dog dataset\Final dog dataset\relaxed\32250026181_aef0acc888_b.jpg,relaxed
C:\Users\nihar\Documents\ML Projects\Deep Learning Projects\Dog Emotion Detection\Final dog dataset\Final dog dataset\relaxed\6675865777_7b4fb660b2_b.jpg,relaxed
C:\Users\nihar\Documents\ML Projects\Deep Learning Projects\Dog Emotion Detection\Final dog dataset\Final dog dataset\angry\MaOlsX0yyW0kqJBwS3K3ZOBsMs7M8e985.jpeg,angry
C:\Users\nihar\Documents\ML Projects\Deep Learning Projects\Dog Emotion Detection\Final dog dataset\Final dog dataset\angry\4Rrf0DydolS3zAO2qz4GbxDe6M9xB9221.jpg,angry
C:\Users\nihar\Documents\ML Projects\Deep Learning Projects\Dog Emotion Detection\Final dog dataset\Final dog dataset\happy\7290808778_a1dbf7a514_b.jpg,happy
C:\Users\nihar\Documents\ML Projects\Deep Learning Projects\Dog Emotion Detection\Final dog dataset\Final dog dataset\sad\DvsC5B4vPBMufaix7N3AYUtXOU8KtM98.jpg,sad
C:\Users\nihar\Documents\ML Projects\Deep Learning Projects\Dog Emotion Detection\Final dog dataset\Final dog dataset\angry\zAa6HV0MAKgFU8grtOcNflM0zTT9wE863.jpg,angry
C:\Users\nihar\Documents\ML Projects\Deep Learning Projects\Dog Emotion Detection\Final dog dataset\Final dog dataset\sad\p6ZOgLcodJmCLCgmJO21YDMjHClEuE848.jpg,sad
C:\Users\nihar\Documents\ML Projects\Deep Learning Projects\Dog Emotion Detection\Final dog dataset\Final dog dataset\sad\YqYGU5wInlcbosaYibEcCqMaGqGYeT763.jpg,sad
C:\Users\nihar\Documents\ML Projects\Deep Learning Projects\Dog Emotion Detection\Final dog dataset\Final dog dataset\angry\uZ0oQJixE50aBugrAHnnVte0co2vRZ529.jpg,angry
C:\Users\nihar\Documents\ML Projects\Deep Learning Projects\Dog Emotion Detection\Final dog dataset\Final dog dataset\angry\gIW6Dnt0y5bF3zwZnazfj1hstQZoSS705.jpg,angry
C:\Users\nihar\Documents\ML Projects\Deep Learning Projects\Dog Emotion Detection\Final dog dataset\Final dog dataset\relaxed\37167398380_30b1acc4e5_b.jpg,relaxed
C:\Users\nihar\Documents\ML Projects\Deep Learning Projects\Dog Emotion Detection\Final dog dataset\Final dog dataset\relaxed\34589014770_87320f2c1e_b.jpg,relaxed
C:\Users\nihar\Documents\ML Projects\Deep Learning Projects\Dog Emotion Detection\Final dog dataset\Final dog dataset\happy\1FqOKTZh7f5YIqx7gffFH3zNx86BOq922.jpg,happy
C:\Users\nihar\Documents\ML Projects\Deep Learning Projects\Dog Emotion Detection\Final dog dataset\Final dog dataset\angry\Wb7VWA2uD4L8QQkVZRLclxyOMOrhij943.jpg,angry
C:\Users\nihar\Documents\ML Projects\Deep Learning Projects\Dog Emotion Detection\Final dog dataset\Final dog dataset\angry\Z1LvV6pZShKUjgtpuTqjPpQixzJWXi148.jpg,angry
C:\Users\nihar\Documents\ML Projects\Deep Learning Projects\Dog Emotion Detection\Final dog dataset\Final dog dataset\angry\bCjuL5t0Hd7hVuY2YDA8ldbGexKM2Y277.jpg,angry
C:\Users\nihar\Documents\ML Projects\Deep Learning Projects\Dog Emotion Detection\Final dog dataset\Final dog dataset\angry\Anl9hvLoiwQlVBbxWo1ZmFuKfeZWGi9.jpg,angry
C:\Users\nihar\Documents\ML Projects\Deep Learning Projects\Dog Emotion Detection\Final dog dataset\Final dog dataset\happy\9267024899_e30c026179_b.jpg,happy
C:\Users\nihar\Documents\ML Projects\Deep Learning Projects\Dog Emotion Detection\Final dog dataset\Final dog dataset\angry\kovcYPOhW16JHFGOc6qxc1OXdkDMc7385.jpg,angry
C:\Users\nihar\Documents\ML Projects\Deep Learning Projects\Dog Emotion Detection\Final dog dataset\Final dog dataset\happy\7303081742_075ff88529_b.jpg,happy
C:\Users\nihar\Documents\ML Projects\Deep Learning Projects\Dog Emotion Detection\Final dog dataset\Final dog dataset\happy\6033836906_4a66350519_b.jpg,happy
C:\Users\nihar\Documents\ML Projects\Deep Learning Projects\Dog Emotion Detection\Final dog dataset\Final dog dataset\sad\dTrsQT2cpGyt36w31hC6IfS1OH9oPJ123.jpg,sad
C:\Users\nihar\Documents\ML Projects\Deep Learning Projects\Dog Emotion Detection\Final dog dataset\Final dog dataset\happy\7106674899_41c6e96dc6_b.jpg,happy
C:\Users\nihar\Documents\ML Projects\Deep Learning Projects\Dog Emotion Detection\Final dog dataset\Final dog dataset\angry\ggTn42uS7kh48DOPHxKw7M8ijSSrSG17.jpg,angry
C:\Users\nihar\Documents\ML Projects\Deep Learning Projects\Dog Emotion Detection\Final dog dataset\Final dog dataset\happy\gP3Uax22GaLJdw3yM2AZ2BRC4PlBoM119.jpg,happy
C:\Users\nihar\Documents\ML Projects\Deep Learning Projects\Dog Emotion Detection\Final dog dataset\Final dog dataset\relaxed\6101229118_92a24106c3_b.jpg,relaxed
C:\Users\nihar\Documents\ML Projects\Deep Learning Projects\Dog Emotion Detection\Final dog dataset\Final dog dataset\sad\kVfcFBhrzgK0AsNiMVxioBHhbOvn9D472.jpg,sad
C:\Users\nihar\Documents\ML Projects\Deep Learning Projects\Dog Emotion Detection\Final dog dataset\Final dog dataset\relaxed\3466193117_b2e632ac1a_b.jpg,relaxed
C:\Users\nihar\Documents\ML Projects\Deep Learning Projects\Dog Emotion Detection\Final dog dataset\Final dog dataset\happy\J39BTbbBYf51QWiOxVCxscwkP6k2WQ503.jpg,happy
C:\Users\nihar\Documents\ML Projects\Deep Learning Projects\Dog Emotion Detection\Final dog dataset\Final dog dataset\angry\fVHfjOjVzoX5FgE7JdNFgaU14ojpVI90.jpg,angry
C:\Users\nihar\Documents\ML Projects\Deep Learning Projects\Dog Emotion Detection\Final dog dataset\Final dog dataset\angry\wLfoSoR3skwGpnyATUzQKieaBj9ILo717.jpg,angry
C:\Users\nihar\Documents\ML Projects\Deep Learning Projects\Dog Emotion Detection\Final dog dataset\Final dog dataset\happy\6624301499_9621d42efc_b.jpg,happy
C:\Users\nihar\Documents\ML Projects\Deep Learning Projects\Dog Emotion Detection\Final dog dataset\Final dog dataset\sad\40Xh9aRGHSRG4eZartYO8aX4mznUVm395.jpg,sad
C:\Users\nihar\Documents\ML Projects\Deep Learning Projects\Dog Emotion Detection\Final dog dataset\Final dog dataset\relaxed\6663808677_40708bcf46_b.jpg,relaxed
C:\Users\nihar\Documents\ML Projects\Deep Learning Projects\Dog Emotion Detection\Final dog dataset\Final dog dataset\relaxed\40124532095_804de523fc_b.jpg,relaxed
C:\Users\nihar\Documents\ML Projects\Deep Learning Projects\Dog Emotion Detection\Final dog dataset\Final dog dataset\relaxed\44072914195_a347abd53c_b.jpg,relaxed
C:\Users\nihar\Documents\ML Projects\Deep Learning Projects\Dog Emotion Detection\Final dog dataset\Final dog dataset\sad\4LS0Wkj6Im04WB15nxagDJ9wYHrYCl216.jpg,sad
C:\Users\nihar\Documents\ML Projects\Deep Learning Projects\Dog Emotion Detection\Final dog dataset\Final dog dataset\happy\8733086612_050bc42515_b.jpg,happy
C:\Users\nihar\Documents\ML Projects\Deep Learning Projects\Dog Emotion Detection\Final dog dataset\Final dog dataset\angry\v0ie27ozF4R7Q6HJvh1KBJjRWYClRi489.jpg,angry
C:\Users\nihar\Documents\ML Projects\Deep Learning Projects\Dog Emotion Detection\Final dog dataset\Final dog dataset\angry\viZNXtXrE5VO9WY3lSgRwwT39RNgrs396.jpg,angry
C:\Users\nihar\Documents\ML Projects\Deep Learning Projects\Dog Emotion Detection\Final dog dataset\Final dog dataset\angry\3ATa8Ox9pApGol67I4hCHo97FSEDw7350.jpg,angry
C:\Users\nihar\Documents\ML Projects\Deep Learning Projects\Dog Emotion Detection\Final dog dataset\Final dog dataset\relaxed\3177531986_792a04ea78_b.jpg,relaxed
C:\Users\nihar\Documents\ML Projects\Deep Learning Projects\Dog Emotion Detection\Final dog dataset\Final dog dataset\sad\HrP8iOcF10OATfpP02p1el587dO9qS583.jpg,sad
C:\Users\nihar\Documents\ML Projects\Deep Learning Projects\Dog Emotion Detection\Final dog dataset\Final dog dataset\sad\W5vXzwY8fKAHsORtARyZcmFV4II87p154.jpg,sad
C:\Users\nihar\Documents\ML Projects\Deep Learning Projects\Dog Emotion Detection\Final dog dataset\Final dog dataset\happy\di7zVWg9ukiJDrQcU5aygf4qFbM4Xt271.jpg,happy
C:\Users\nihar\Documents\ML Projects\Deep Learning Projects\Dog Emotion Detection\Final dog dataset\Final dog dataset\relaxed\41196049815_491d24a65a_b.jpg,relaxed
C:\Users\nihar\Documents\ML Projects\Deep Learning Projects\Dog Emotion Detection\Final dog dataset\Final dog dataset\sad\sTHPLDBOYEkLGD5zauf3Pi7F1GnnBa691.jpg,sad
C:\Users\nihar\Documents\ML Projects\Deep Learning Projects\Dog Emotion Detection\Final dog dataset\Final dog dataset\happy\3UDm39yJJ5hnt947CUEAhkLVOE1skm801.jpg,happy
C:\Users\nihar\Documents\ML Projects\Deep Learning Projects\Dog Emotion Detection\Final dog dataset\Final dog dataset\relaxed\8415676440_b67e298cfb_b.jpg,relaxed
C:\Users\nihar\Documents\ML Projects\Deep Learning Projects\Dog Emotion Detection\Final dog dataset\Final dog dataset\happy\8125325414_04d68557ea_b.jpg,happy
C:\Users\nihar\Documents\ML Projects\Deep Learning Projects\Dog Emotion Detection\Final dog dataset\Final dog dataset\angry\urOzVR5BkXZXlwUQA2RSSFIUJqbj5I809.jpg,angry
C:\Users\nihar\Documents\ML Projects\Deep Learning Projects\Dog Emotion Detection\Final dog dataset\Final dog dataset\sad\l9HZ2hlbvQcw0FRlLXWYjGF8N0UuY5737.jpg,sad
C:\Users\nihar\Documents\ML Projects\Deep Learning Projects\Dog Emotion Detection\Final dog dataset\Final dog dataset\angry\eW3Ih4hheMrSQTPLON8t9R6DHrsLoB855.jpg,angry
C:\Users\nihar\Documents\ML Projects\Deep Learning Projects\Dog Emotion Detection\Final dog dataset\Final dog dataset\sad\JXTUwyNJqosKQmAxczmXnw60kBQCQj341.jpg,sad
C:\Users\nihar\Documents\ML Projects\Deep Learning Projects\Dog Emotion Detection\Final dog dataset\Final dog dataset\angry\JpOuqF2kopFqOvz5X3yHRwuEFV2Fyt473.jpg,angry
C:\Users\nihar\Documents\ML Projects\Deep Learning Projects\Dog Emotion Detection\Final dog dataset\Final dog dataset\relaxed\5048224182_9d8f4cc9f1_b.jpg,relaxed
C:\Users\nihar\Documents\ML Projects\Deep Learning Projects\Dog Emotion Detection\Final dog dataset\Final dog dataset\relaxed\382650306_e72e6eb79a_b.jpg,relaxed
C:\Users\nihar\Documents\ML Projects\Deep Learning Projects\Dog Emotion Detection\Final dog dataset\Final dog dataset\angry\t6s4OxrH3Emx3GikP7CPUMU4IEFbIz373.jpg,angry
C:\Users\nihar\Documents\ML Projects\Deep Learning Projects\Dog Emotion Detection\Final dog dataset\Final dog dataset\happy\1WD5LzIEQw2bdLjL1xwebrHxKWRv0u418.jpg,happy
C:\Users\nihar\Documents\ML Projects\Deep Learning Projects\Dog Emotion Detection\Final dog dataset\Final dog dataset\sad\CUAG5esSfU8RSZjstdHHe76OH5vh4m489.jpg,sad
C:\Users\nihar\Documents\ML Projects\Deep Learning Projects\Dog Emotion Detection\Final dog dataset\Final dog dataset\relaxed\4662138343_bd7b6f1263_b.jpg,relaxed
C:\Users\nihar\Documents\ML Projects\Deep Learning Projects\Dog Emotion Detection\Final dog dataset\Final dog dataset\happy\3vwTOo52OKyrQnvQcosFOfZ8OJb557812.jpg,happy
C:\Users\nihar\Documents\ML Projects\Deep Learning Projects\Dog Emotion Detection\Final dog dataset\Final dog dataset\sad\qrBO4AhfqUmLVViQycLFAEkljePESV581.jpg,sad
C:\Users\nihar\Documents\ML Projects\Deep Learning Projects\Dog Emotion Detection\Final dog dataset\Final dog dataset\relaxed\7253216716_09cd7f1379_b.jpg,relaxed
C:\Users\nihar\Documents\ML Projects\Deep Learning Projects\Dog Emotion Detection\Final dog dataset\Final dog dataset\angry\gGnsdJjO7wHrfBEHoSXjXZNlBi3vnp89.jpg,angry
C:\Users\nihar\Documents\ML Projects\Deep Learning Projects\Dog Emotion Detection\Final dog dataset\Final dog dataset\happy\8026454442_9587b3ce82_b.jpg,happy
C:\Users\nihar\Documents\ML Projects\Deep Learning Projects\Dog Emotion Detection\Final dog dataset\Final dog dataset\happy\eghaZlxykdiy5GEaNnmZvdoc39QFXf35.jpg,happy
C:\Users\nihar\Documents\ML Projects\Deep Learning Projects\Dog Emotion Detection\Final dog dataset\Final dog dataset\happy\5999153975_567a5e9a9d_b.jpg,happy
C:\Users\nihar\Documents\ML Projects\Deep Learning Projects\Dog Emotion Detection\Final dog dataset\Final dog dataset\sad\AWkHoxzBLKgQh9nh1l7soBKYlMTmsa198.jpg,sad
C:\Users\nihar\Documents\ML Projects\Deep Learning Projects\Dog Emotion Detection\Final dog dataset\Final dog dataset\angry\gQMTMQLn49JFUjAf6JdL3s076TqZZs842.jpg,angry
C:\Users\nihar\Documents\ML Projects\Deep Learning Projects\Dog Emotion Detection\Final dog dataset\Final dog dataset\angry\9YUyWwRVg2mwy8xV8CjKAAw7UK4NOP107.jpg,angry
C:\Users\nihar\Documents\ML Projects\Deep Learning Projects\Dog Emotion Detection\Final dog dataset\Final dog dataset\sad\PGDuEpArq9GUvDchWyfH7xOm2iVGx6384.jpg,sad
C:\Users\nihar\Documents\ML Projects\Deep Learning Projects\Dog Emotion Detection\Final dog dataset\Final dog dataset\happy\6016899_16af220d9e_b.jpg,happy
C:\Users\nihar\Documents\ML Projects\Deep Learning Projects\Dog Emotion Detection\Final dog dataset\Final dog dataset\angry\X2RydBzOQf5U3QXC0dt7p6jVmHZfgR771.jpg,angry
C:\Users\nihar\Documents\ML Projects\Deep Learning Projects\Dog Emotion Detection\Final dog dataset\Final dog dataset\happy\2JshHf2MffRx6A4rDs3gumuxM0UG5c744.jpg,happy
C:\Users\nihar\Documents\ML Projects\Deep Learning Projects\Dog Emotion Detection\Final dog dataset\Final dog dataset\sad\cu0zRUqDxdiVxn3wJAFW5GtCweexPS599.jpg,sad
C:\Users\nihar\Documents\ML Projects\Deep Learning Projects\Dog Emotion Detection\Final dog dataset\Final dog dataset\relaxed\4353298285_0fd5307d82_b.jpg,relaxed
C:\Users\nihar\Documents\ML Projects\Deep Learning Projects\Dog Emotion Detection\Final dog dataset\Final dog dataset\angry\qYqHi6HuQWbIqAJtcQeLL9pEAaG82I606.jpg,angry
C:\Users\nihar\Documents\ML Projects\Deep Learning Projects\Dog Emotion Detection\Final dog dataset\Final dog dataset\happy\4mUrzX83SqXybAgW1qJePnTF3mB5oF843.jpg,happy
C:\Users\nihar\Documents\ML Projects\Deep Learning Projects\Dog Emotion Detection\Final dog dataset\Final dog dataset\sad\8CeGJBGPEDl8Goeq7OhdYNnw6ALTMz144.jpg,sad
C:\Users\nihar\Documents\ML Projects\Deep Learning Projects\Dog Emotion Detection\Final dog dataset\Final dog dataset\sad\EvZFy9VoHY5C2tegoegFmjx4LbS1Zf681.jpg,sad
C:\Users\nihar\Documents\ML Projects\Deep Learning Projects\Dog Emotion Detection\Final dog dataset\Final dog dataset\sad\Kd3fQipWcQYW0OHQe5pzpRlAjnX4e2116.jpg,sad
C:\Users\nihar\Documents\ML Projects\Deep Learning Projects\Dog Emotion Detection\Final dog dataset\Final dog dataset\sad\kVDMS29ZZOKypMq5KImqM2gsUv7zTz246.jpg,sad
C:\Users\nihar\Documents\ML Projects\Deep Learning Projects\Dog Emotion Detection\Final dog dataset\Final dog dataset\happy\jVewMdws5u8z2F7Tl7neTvwKJJ9xGj339.jpg,happy
C:\Users\nihar\Documents\ML Projects\Deep Learning Projects\Dog Emotion Detection\Final dog dataset\Final dog dataset\sad\s7jAS3s4SWdtByw4Q3LowcwogQDcOv876.jpg,sad
C:\Users\nihar\Documents\ML Projects\Deep Learning Projects\Dog Emotion Detection\Final dog dataset\Final dog dataset\happy\6633000783_faa8d02466_b.jpg,happy
C:\Users\nihar\Documents\ML Projects\Deep Learning Projects\Dog Emotion Detection\Final dog dataset\Final dog dataset\relaxed\3374602515_598bf1fff8_b.jpg,relaxed
C:\Users\nihar\Documents\ML Projects\Deep Learning Projects\Dog Emotion Detection\Final dog dataset\Final dog dataset\angry\1GHtV7mn7v7qvHSx8vZy1vqYiZNQhd689.jpg,angry
C:\Users\nihar\Documents\ML Projects\Deep Learning Projects\Dog Emotion Detection\Final dog dataset\Final dog dataset\sad\rqbjTsVWkkpItyE3vIrLkXN3Kj1cHs217.jpg,sad
C:\Users\nihar\Documents\ML Projects\Deep Learning Projects\Dog Emotion Detection\Final dog dataset\Final dog dataset\relaxed\78614109_144e958fc9_b.jpg,relaxed
C:\Users\nihar\Documents\ML Projects\Deep Learning Projects\Dog Emotion Detection\Final dog dataset\Final dog dataset\relaxed\7862393636_0a9c02ccc7_b.jpg,relaxed
C:\Users\nihar\Documents\ML Projects\Deep Learning Projects\Dog Emotion Detection\Final dog dataset\Final dog dataset\sad\3dXChGEeAaDWTxykKwtuC4zvJIN1Lg724.jpg,sad
C:\Users\nihar\Documents\ML Projects\Deep Learning Projects\Dog Emotion Detection\Final dog dataset\Final dog dataset\angry\XVrv7a4vjP1DVWEi2jiONA94AAWfTX247.jpg,angry
C:\Users\nihar\Documents\ML Projects\Deep Learning Projects\Dog Emotion Detection\Final dog dataset\Final dog dataset\sad\TRnDT2ksk7eFC3UQ6ceWO9hy3ozyIv960.jpg,sad
C:\Users\nihar\Documents\ML Projects\Deep Learning Projects\Dog Emotion Detection\Final dog dataset\Final dog dataset\happy\0qsAKugWJt0CSJU8q3YRAu9oH4d6ve716.jpg,happy
C:\Users\nihar\Documents\ML Projects\Deep Learning Projects\Dog Emotion Detection\Final dog dataset\Final dog dataset\relaxed\5362134689_25624f0d15_b.jpg,relaxed
C:\Users\nihar\Documents\ML Projects\Deep Learning Projects\Dog Emotion Detection\Final dog dataset\Final dog dataset\sad\EEFMliJJnPoPynMX3yO0dx2AdhJ5t5929.jpg,sad
C:\Users\nihar\Documents\ML Projects\Deep Learning Projects\Dog Emotion Detection\Final dog dataset\Final dog dataset\sad\ySkhMrQxSvdHPCSwnLtOkLdPHkykAP928.jpg,sad
C:\Users\nihar\Documents\ML Projects\Deep Learning Projects\Dog Emotion Detection\Final dog dataset\Final dog dataset\angry\IA4cU5CosZNc91pwXVbETd2nUJkClN814.jpg,angry
C:\Users\nihar\Documents\ML Projects\Deep Learning Projects\Dog Emotion Detection\Final dog dataset\Final dog dataset\sad\2ro8Ef7GSLdrTEZ0TOIbvKrahi48H2974.jpg,sad
C:\Users\nihar\Documents\ML Projects\Deep Learning Projects\Dog Emotion Detection\Final dog dataset\Final dog dataset\sad\EHV9fEkyWuLtV6RsPlJheqRgzUKG4d357.jpg,sad
C:\Users\nihar\Documents\ML Projects\Deep Learning Projects\Dog Emotion Detection\Final dog dataset\Final dog dataset\sad\XljsUog1p9qYm1nenDQAmIzyBaYpBv775.jpg,sad
C:\Users\nihar\Documents\ML Projects\Deep Learning Projects\Dog Emotion Detection\Final dog dataset\Final dog dataset\relaxed\4826769551_ee2a523683_b.jpg,relaxed
C:\Users\nihar\Documents\ML Projects\Deep Learning Projects\Dog Emotion Detection\Final dog dataset\Final dog dataset\relaxed\7977460310_a53992b72b_b.jpg,relaxed
C:\Users\nihar\Documents\ML Projects\Deep Learning Projects\Dog Emotion Detection\Final dog dataset\Final dog dataset\happy\0gPGcGO2OZ5pSKJ2JsTjQsggUdYr5J831.jpg,happy
C:\Users\nihar\Documents\ML Projects\Deep Learning Projects\Dog Emotion Detection\Final dog dataset\Final dog dataset\sad\hm2wZscUh7LDCifuMhZZuWNeoBesHK981.jpg,sad
C:\Users\nihar\Documents\ML Projects\Deep Learning Projects\Dog Emotion Detection\Final dog dataset\Final dog dataset\relaxed\51617873922_0ae0947445_b.jpg,relaxed
C:\Users\nihar\Documents\ML Projects\Deep Learning Projects\Dog Emotion Detection\Final dog dataset\Final dog dataset\sad\wly29pLtM152tJiKR1dvHCMyXYTf3L642.jpg,sad
C:\Users\nihar\Documents\ML Projects\Deep Learning Projects\Dog Emotion Detection\Final dog dataset\Final dog dataset\happy\7449473236_830d7f244f_b.jpg,happy
C:\Users\nihar\Documents\ML Projects\Deep Learning Projects\Dog Emotion Detection\Final dog dataset\Final dog dataset\relaxed\32069756152_0deae9a51d_b.jpg,relaxed
C:\Users\nihar\Documents\ML Projects\Deep Learning Projects\Dog Emotion Detection\Final dog dataset\Final dog dataset\happy\0fmy0dTY2aV0kGQ8UEDgWDrbGyxnac904.jpg,happy
C:\Users\nihar\Documents\ML Projects\Deep Learning Projects\Dog Emotion Detection\Final dog dataset\Final dog dataset\relaxed\5474949959_2ce4580f28_b.jpg,relaxed
C:\Users\nihar\Documents\ML Projects\Deep Learning Projects\Dog Emotion Detection\Final dog dataset\Final dog dataset\angry\NqZ2jObupb5ZnAfZGZsGkC0pAERKKk990.jpg,angry
C:\Users\nihar\Documents\ML Projects\Deep Learning Projects\Dog Emotion Detection\Final dog dataset\Final dog dataset\happy\iXXgDgKGcrAPzt471SvQWd6NOg1nQy847.jpg,happy
C:\Users\nihar\Documents\ML Projects\Deep Learning Projects\Dog Emotion Detection\Final dog dataset\Final dog dataset\sad\b8Q9m1DOJhdvbbwS0hWoalftgvUvPd963.jpg,sad
C:\Users\nihar\Documents\ML Projects\Deep Learning Projects\Dog Emotion Detection\Final dog dataset\Final dog dataset\relaxed\5861366890_782581b519_b.jpg,relaxed
C:\Users\nihar\Documents\ML Projects\Deep Learning Projects\Dog Emotion Detection\Final dog dataset\Final dog dataset\happy\BVON90rM6SNS7ARx90cG6uGBzckbm4577.jpg,happy
C:\Users\nihar\Documents\ML Projects\Deep Learning Projects\Dog Emotion Detection\Final dog dataset\Final dog dataset\sad\4zcqaJ93Qzf6QR4HGCnazs7CYvUdWC944.jpg,sad
C:\Users\nihar\Documents\ML Projects\Deep Learning Projects\Dog Emotion Detection\Final dog dataset\Final dog dataset\happy\gtammK8tgPCUC3k41hSwm4Cv0fdhPO412.jpg,happy
C:\Users\nihar\Documents\ML Projects\Deep Learning Projects\Dog Emotion Detection\Final dog dataset\Final dog dataset\happy\8367242286_8a15f4bd2b_b.jpg,happy
C:\Users\nihar\Documents\ML Projects\Deep Learning Projects\Dog Emotion Detection\Final dog dataset\Final dog dataset\sad\4jis4FZsUWnQg2RuH32cTguwHVruoh401.jpg,sad
C:\Users\nihar\Documents\ML Projects\Deep Learning Projects\Dog Emotion Detection\Final dog dataset\Final dog dataset\happy\5552361482_4810bf9607_b.jpg,happy
C:\Users\nihar\Documents\ML Projects\Deep Learning Projects\Dog Emotion Detection\Final dog dataset\Final dog dataset\relaxed\3198184581_8e6e6aab2d_b.jpg,relaxed
C:\Users\nihar\Documents\ML Projects\Deep Learning Projects\Dog Emotion Detection\Final dog dataset\Final dog dataset\relaxed\9710614809_b593dc7911_b.jpg,relaxed
C:\Users\nihar\Documents\ML Projects\Deep Learning Projects\Dog Emotion Detection\Final dog dataset\Final dog dataset\angry\8hbzAvPkZ5Y5CNneibpxmtsPw5RzSl197.jpg,angry
C:\Users\nihar\Documents\ML Projects\Deep Learning Projects\Dog Emotion Detection\Final dog dataset\Final dog dataset\relaxed\8042307345_692684a05e_b.jpg,relaxed
C:\Users\nihar\Documents\ML Projects\Deep Learning Projects\Dog Emotion Detection\Final dog dataset\Final dog dataset\happy\75ErcUylPn8y392gYqZknTu3HPZIEd385.jpg,happy
C:\Users\nihar\Documents\ML Projects\Deep Learning Projects\Dog Emotion Detection\Final dog dataset\Final dog dataset\angry\H8ZBklm0XJVBaLNA1uxpbcsVE0MhNt802.jpg,angry
C:\Users\nihar\Documents\ML Projects\Deep Learning Projects\Dog Emotion Detection\Final dog dataset\Final dog dataset\angry\wFTUoVpaTgjMxkBcCTrtTznc1X5POK113.jpg,angry
C:\Users\nihar\Documents\ML Projects\Deep Learning Projects\Dog Emotion Detection\Final dog dataset\Final dog dataset\happy\BRx5GNStEsZs82FZWwlitaAwBSjTY970.jpg,happy
C:\Users\nihar\Documents\ML Projects\Deep Learning Projects\Dog Emotion Detection\Final dog dataset\Final dog dataset\happy\3kjfQ3dDjZvjQYNVuheVcUgz6IRzTE704.jpg,happy
C:\Users\nihar\Documents\ML Projects\Deep Learning Projects\Dog Emotion Detection\Final dog dataset\Final dog dataset\relaxed\42883863785_1398cb1c6b_b.jpg,relaxed
C:\Users\nihar\Documents\ML Projects\Deep Learning Projects\Dog Emotion Detection\Final dog dataset\Final dog dataset\sad\GfLyRwT037dggZei32yS9akzZGxbmv402.jpg,sad
C:\Users\nihar\Documents\ML Projects\Deep Learning Projects\Dog Emotion Detection\Final dog dataset\Final dog dataset\relaxed\5592509986_06e63a8509_b.jpg,relaxed
C:\Users\nihar\Documents\ML Projects\Deep Learning Projects\Dog Emotion Detection\Final dog dataset\Final dog dataset\angry\hhoraKJaIkuDCc4HbtGbKeHR7f6Bn669.jpg,angry
C:\Users\nihar\Documents\ML Projects\Deep Learning Projects\Dog Emotion Detection\Final dog dataset\Final dog dataset\relaxed\51114744715_3272fd3abd_b.jpg,relaxed
C:\Users\nihar\Documents\ML Projects\Deep Learning Projects\Dog Emotion Detection\Final dog dataset\Final dog dataset\angry\gSZB8u0oUr9SvZLfLWqWVi9tcxLfvH282.jpg,angry
C:\Users\nihar\Documents\ML Projects\Deep Learning Projects\Dog Emotion Detection\Final dog dataset\Final dog dataset\relaxed\7570915166_d4770e4527_b.jpg,relaxed
C:\Users\nihar\Documents\ML Projects\Deep Learning Projects\Dog Emotion Detection\Final dog dataset\Final dog dataset\sad\G2FO9u0OWhUy0gFzrH9SGrhxzfFdOe777.jpg,sad
C:\Users\nihar\Documents\ML Projects\Deep Learning Projects\Dog Emotion Detection\Final dog dataset\Final dog dataset\angry\ss60VzxVwXioCAMbFdEZlTdWc3Tzgg987.jpg,angry
C:\Users\nihar\Documents\ML Projects\Deep Learning Projects\Dog Emotion Detection\Final dog dataset\Final dog dataset\relaxed\7745855184_827ed88b5c_b.jpg,relaxed
C:\Users\nihar\Documents\ML Projects\Deep Learning Projects\Dog Emotion Detection\Final dog dataset\Final dog dataset\relaxed\7589753254_ee8544b568_b.jpg,relaxed
C:\Users\nihar\Documents\ML Projects\Deep Learning Projects\Dog Emotion Detection\Final dog dataset\Final dog dataset\angry\0RXraPIKC00Dz1qkuMbj8XbuR80g5Z893.jpg,angry
C:\Users\nihar\Documents\ML Projects\Deep Learning Projects\Dog Emotion Detection\Final dog dataset\Final dog dataset\sad\Mpkere3TjoRiP6Jx5DQGpXSa5wA8Fx701.jpg,sad
C:\Users\nihar\Documents\ML Projects\Deep Learning Projects\Dog Emotion Detection\Final dog dataset\Final dog dataset\relaxed\39499689084_8a8f288efe_b.jpg,relaxed
C:\Users\nihar\Documents\ML Projects\Deep Learning Projects\Dog Emotion Detection\Final dog dataset\Final dog dataset\happy\ICDXsTb5htzCwQg7wEEurTtMpmYKNm590.jpg,happy
C:\Users\nihar\Documents\ML Projects\Deep Learning Projects\Dog Emotion Detection\Final dog dataset\Final dog dataset\angry\VFbzMlD1Kw1b9ewPJsEhyZir5jhFYw922.jpg,angry
C:\Users\nihar\Documents\ML Projects\Deep Learning Projects\Dog Emotion Detection\Final dog dataset\Final dog dataset\sad\pgAHJvEDFbkZT3FoapK6zgw2KRJuli504.jpg,sad
C:\Users\nihar\Documents\ML Projects\Deep Learning Projects\Dog Emotion Detection\Final dog dataset\Final dog dataset\angry\5yKXair8ijtbllKP1cxqOIbaddP2yc310.jpg,angry
C:\Users\nihar\Documents\ML Projects\Deep Learning Projects\Dog Emotion Detection\Final dog dataset\Final dog dataset\angry\8naqwbNmU5wnO0Y75MW7KtrjkMWMK7649.jpg,angry
C:\Users\nihar\Documents\ML Projects\Deep Learning Projects\Dog Emotion Detection\Final dog dataset\Final dog dataset\relaxed\52023627980_5aa359a9ec_b.jpg,relaxed
C:\Users\nihar\Documents\ML Projects\Deep Learning Projects\Dog Emotion Detection\Final dog dataset\Final dog dataset\relaxed\9548966528_bb7a6892cf_b.jpg,relaxed
C:\Users\nihar\Documents\ML Projects\Deep Learning Projects\Dog Emotion Detection\Final dog dataset\Final dog dataset\sad\VpfaB2wz0qxStkmOqJFa06Q82jtyAo660.jpg,sad
C:\Users\nihar\Documents\ML Projects\Deep Learning Projects\Dog Emotion Detection\Final dog dataset\Final dog dataset\relaxed\46643472394_f203cc10a2_b.jpg,relaxed
C:\Users\nihar\Documents\ML Projects\Deep Learning Projects\Dog Emotion Detection\Final dog dataset\Final dog dataset\happy\KjTXSxVswZ5LFeuY1XWOStfUbOCmXs85.jpg,happy
C:\Users\nihar\Documents\ML Projects\Deep Learning Projects\Dog Emotion Detection\Final dog dataset\Final dog dataset\relaxed\8703457710_016a47cba7_b.jpg,relaxed
C:\Users\nihar\Documents\ML Projects\Deep Learning Projects\Dog Emotion Detection\Final dog dataset\Final dog dataset\sad\a8J69RS9B7L0QpVoYN5BaGvxeEFbbZ613.jpg,sad
C:\Users\nihar\Documents\ML Projects\Deep Learning Projects\Dog Emotion Detection\Final dog dataset\Final dog dataset\relaxed\32038496571_9f4d30889f_b.jpg,relaxed
C:\Users\nihar\Documents\ML Projects\Deep Learning Projects\Dog Emotion Detection\Final dog dataset\Final dog dataset\relaxed\838678655_8a5b3d33ee_b.jpg,relaxed
C:\Users\nihar\Documents\ML Projects\Deep Learning Projects\Dog Emotion Detection\Final dog dataset\Final dog dataset\happy\JI7X50JUfoC76srtFt4EmkeugehH24750.jpg,happy
C:\Users\nihar\Documents\ML Projects\Deep Learning Projects\Dog Emotion Detection\Final dog dataset\Final dog dataset\happy\CHHhsQN5PybrnXecW1d3dPl4Vf8378461.jpg,happy
C:\Users\nihar\Documents\ML Projects\Deep Learning Projects\Dog Emotion Detection\Final dog dataset\Final dog dataset\angry\mCjXmADXJbdqGHOCeNEke2VGKWeLua422.jpg,angry
C:\Users\nihar\Documents\ML Projects\Deep Learning Projects\Dog Emotion Detection\Final dog dataset\Final dog dataset\happy\J0MYahhIqqpHAmEZtg0GtwD4i81ndY531.jpg,happy
C:\Users\nihar\Documents\ML Projects\Deep Learning Projects\Dog Emotion Detection\Final dog dataset\Final dog dataset\relaxed\7587169260_37e4247801_b.jpg,relaxed
C:\Users\nihar\Documents\ML Projects\Deep Learning Projects\Dog Emotion Detection\Final dog dataset\Final dog dataset\relaxed\459588228_1f598c60f1_b.jpg,relaxed
C:\Users\nihar\Documents\ML Projects\Deep Learning Projects\Dog Emotion Detection\Final dog dataset\Final dog dataset\happy\7040626493_14b7fc69a7_b.jpg,happy
C:\Users\nihar\Documents\ML Projects\Deep Learning Projects\Dog Emotion Detection\Final dog dataset\Final dog dataset\sad\vDmNV5e0EGDhG4lpUyd2z8YxWF8tIS251.jpg,sad
C:\Users\nihar\Documents\ML Projects\Deep Learning Projects\Dog Emotion Detection\Final dog dataset\Final dog dataset\happy\1TrpN5SuraWqXW8KjLR8oWoPuHQqBR217.jpg,happy
C:\Users\nihar\Documents\ML Projects\Deep Learning Projects\Dog Emotion Detection\Final dog dataset\Final dog dataset\happy\6075189935_1da53450b4_b.jpg,happy
C:\Users\nihar\Documents\ML Projects\Deep Learning Projects\Dog Emotion Detection\Final dog dataset\Final dog dataset\relaxed\7142357039_4f246ebefd_b.jpg,relaxed
C:\Users\nihar\Documents\ML Projects\Deep Learning Projects\Dog Emotion Detection\Final dog dataset\Final dog dataset\relaxed\43535775192_34f6739585_b.jpg,relaxed
C:\Users\nihar\Documents\ML Projects\Deep Learning Projects\Dog Emotion Detection\Final dog dataset\Final dog dataset\angry\jEzHNEd5jOApTOyvJgKl8096NMqE2D956.jpg,angry
C:\Users\nihar\Documents\ML Projects\Deep Learning Projects\Dog Emotion Detection\Final dog dataset\Final dog dataset\angry\ZjmdOB3mlc7m9EJuipwGYPzQxVb7et434.jpg,angry
C:\Users\nihar\Documents\ML Projects\Deep Learning Projects\Dog Emotion Detection\Final dog dataset\Final dog dataset\relaxed\8851343757_465a47f8e4_b.jpg,relaxed
C:\Users\nihar\Documents\ML Projects\Deep Learning Projects\Dog Emotion Detection\Final dog dataset\Final dog dataset\angry\lKoEyqXt6aTAyNCtmIwyQX02AXPMBv58.jpg,angry
C:\Users\nihar\Documents\ML Projects\Deep Learning Projects\Dog Emotion Detection\Final dog dataset\Final dog dataset\relaxed\36150881473_dfaf1d6b63_b.jpg,relaxed
C:\Users\nihar\Documents\ML Projects\Deep Learning Projects\Dog Emotion Detection\Final dog dataset\Final dog dataset\relaxed\8572954043_6609fb4a00_b.jpg,relaxed
C:\Users\nihar\Documents\ML Projects\Deep Learning Projects\Dog Emotion Detection\Final dog dataset\Final dog dataset\happy\dC53tzGdmQ1vbMu8kLMgR3WXAcfgz3346.jpg,happy
C:\Users\nihar\Documents\ML Projects\Deep Learning Projects\Dog Emotion Detection\Final dog dataset\Final dog dataset\relaxed\9157240657_8b6379971d_b.jpg,relaxed
C:\Users\nihar\Documents\ML Projects\Deep Learning Projects\Dog Emotion Detection\Final dog dataset\Final dog dataset\happy\86bnkcU9BCK9LsB21xQP3iMNs8Ne4R409.jpg,happy
C:\Users\nihar\Documents\ML Projects\Deep Learning Projects\Dog Emotion Detection\Final dog dataset\Final dog dataset\relaxed\7177630198_7b2f7e9e29_b.jpg,relaxed
C:\Users\nihar\Documents\ML Projects\Deep Learning Projects\Dog Emotion Detection\Final dog dataset\Final dog dataset\happy\6627751_1b3358fb1b_b.jpg,happy
C:\Users\nihar\Documents\ML Projects\Deep Learning Projects\Dog Emotion Detection\Final dog dataset\Final dog dataset\relaxed\5556199354_a49463f134_b.jpg,relaxed
C:\Users\nihar\Documents\ML Projects\Deep Learning Projects\Dog Emotion Detection\Final dog dataset\Final dog dataset\relaxed\7380844632_6b782d62a7_b.jpg,relaxed
C:\Users\nihar\Documents\ML Projects\Deep Learning Projects\Dog Emotion Detection\Final dog dataset\Final dog dataset\happy\CQ8Q9OYazyvs4oq1E2J9c91ptjwK0S489.jpg,happy
C:\Users\nihar\Documents\ML Projects\Deep Learning Projects\Dog Emotion Detection\Final dog dataset\Final dog dataset\sad\Qa9vUuHsaJocAmATh5C44bmwGX8Gfl272.jpg,sad
C:\Users\nihar\Documents\ML Projects\Deep Learning Projects\Dog Emotion Detection\Final dog dataset\Final dog dataset\relaxed\33254130_55789e5e69_b.jpg,relaxed
C:\Users\nihar\Documents\ML Projects\Deep Learning Projects\Dog Emotion Detection\Final dog dataset\Final dog dataset\relaxed\40873657371_b112f1d3c5_b.jpg,relaxed
C:\Users\nihar\Documents\ML Projects\Deep Learning Projects\Dog Emotion Detection\Final dog dataset\Final dog dataset\angry\w8a9jaolLZwE8yclGRdEA6a8jzZAzQ149.jpg,angry
C:\Users\nihar\Documents\ML Projects\Deep Learning Projects\Dog Emotion Detection\Final dog dataset\Final dog dataset\relaxed\3410099882_6df8a358f0_b.jpg,relaxed
C:\Users\nihar\Documents\ML Projects\Deep Learning Projects\Dog Emotion Detection\Final dog dataset\Final dog dataset\sad\UJCnSO4DVUpXlq5KBN6ixBfJrSWdxH572.jpg,sad
C:\Users\nihar\Documents\ML Projects\Deep Learning Projects\Dog Emotion Detection\Final dog dataset\Final dog dataset\happy\69154835_2b8653827e_b.jpg,happy
C:\Users\nihar\Documents\ML Projects\Deep Learning Projects\Dog Emotion Detection\Final dog dataset\Final dog dataset\relaxed\8764900921_d2f63485ae_b.jpg,relaxed
C:\Users\nihar\Documents\ML Projects\Deep Learning Projects\Dog Emotion Detection\Final dog dataset\Final dog dataset\sad\Ky9lq8Q0BD9TEh5fOBXInzcyaIknbY255.jpg,sad
C:\Users\nihar\Documents\ML Projects\Deep Learning Projects\Dog Emotion Detection\Final dog dataset\Final dog dataset\relaxed\429144114_f12a52ebb3_b.jpg,relaxed
C:\Users\nihar\Documents\ML Projects\Deep Learning Projects\Dog Emotion Detection\Final dog dataset\Final dog dataset\sad\oN9Hs28y01mr0eGR8E1I5EPquMM3La969.jpg,sad
C:\Users\nihar\Documents\ML Projects\Deep Learning Projects\Dog Emotion Detection\Final dog dataset\Final dog dataset\happy\5701169111_693af8d83f_b.jpg,happy
C:\Users\nihar\Documents\ML Projects\Deep Learning Projects\Dog Emotion Detection\Final dog dataset\Final dog dataset\happy\K4Fvd7evEXagLHx3mNpDbBcJpBJbU6573.jpg,happy
C:\Users\nihar\Documents\ML Projects\Deep Learning Projects\Dog Emotion Detection\Final dog dataset\Final dog dataset\relaxed\5882480107_f57f1f529e_b.jpg,relaxed
C:\Users\nihar\Documents\ML Projects\Deep Learning Projects\Dog Emotion Detection\Final dog dataset\Final dog dataset\angry\PeduqpbMwfdw8ooelKV8Dhrr17lXkB433.jpg,angry
C:\Users\nihar\Documents\ML Projects\Deep Learning Projects\Dog Emotion Detection\Final dog dataset\Final dog dataset\happy\7362024894_7b035f1bbe_b.jpg,happy
C:\Users\nihar\Documents\ML Projects\Deep Learning Projects\Dog Emotion Detection\Final dog dataset\Final dog dataset\sad\V3ifWi4gW5E3fDtcQ1CjDDYSGwnvRc787.jpg,sad
C:\Users\nihar\Documents\ML Projects\Deep Learning Projects\Dog Emotion Detection\Final dog dataset\Final dog dataset\sad\w7AIjHo17DofpFfhXXUSJTh6Vi6Xo9393.jpg,sad
C:\Users\nihar\Documents\ML Projects\Deep Learning Projects\Dog Emotion Detection\Final dog dataset\Final dog dataset\sad\wQLVErLyU5ArMWMPXTdrmZWOPZYvk7305.jpg,sad
C:\Users\nihar\Documents\ML Projects\Deep Learning Projects\Dog Emotion Detection\Final dog dataset\Final dog dataset\relaxed\40215169135_8b2e9c9fbb_b.jpg,relaxed
C:\Users\nihar\Documents\ML Projects\Deep Learning Projects\Dog Emotion Detection\Final dog dataset\Final dog dataset\sad\cnJkEAKi7L0CPA6qjojxui6GTZ8tLJ241.jpg,sad
C:\Users\nihar\Documents\ML Projects\Deep Learning Projects\Dog Emotion Detection\Final dog dataset\Final dog dataset\happy\G14qBEXLLKOKv49Aa02Y9uSlFZDSgT323.jpg,happy
C:\Users\nihar\Documents\ML Projects\Deep Learning Projects\Dog Emotion Detection\Final dog dataset\Final dog dataset\sad\xqDj5CasfZ5aQ9MJ9BknZBJjQw4ExB317.jpg,sad
C:\Users\nihar\Documents\ML Projects\Deep Learning Projects\Dog Emotion Detection\Final dog dataset\Final dog dataset\angry\8v7kkuv5jCwnl55fLxoT0DqIe6pjjA879.jpg,angry
C:\Users\nihar\Documents\ML Projects\Deep Learning Projects\Dog Emotion Detection\Final dog dataset\Final dog dataset\relaxed\9336455536_55c804c40a_b.jpg,relaxed
C:\Users\nihar\Documents\ML Projects\Deep Learning Projects\Dog Emotion Detection\Final dog dataset\Final dog dataset\angry\4La15qHCAsbVdco3VNwgXYAGt6d0WD324.jpg,angry
C:\Users\nihar\Documents\ML Projects\Deep Learning Projects\Dog Emotion Detection\Final dog dataset\Final dog dataset\relaxed\3695222386_d06922bae6_b.jpg,relaxed
C:\Users\nihar\Documents\ML Projects\Deep Learning Projects\Dog Emotion Detection\Final dog dataset\Final dog dataset\angry\TA5RZ179gG3poh2vVF2s7EEjDylab8891.jpg,angry
C:\Users\nihar\Documents\ML Projects\Deep Learning Projects\Dog Emotion Detection\Final dog dataset\Final dog dataset\happy\7330071828_c073dc44da_b.jpg,happy
C:\Users\nihar\Documents\ML Projects\Deep Learning Projects\Dog Emotion Detection\Final dog dataset\Final dog dataset\happy\itHyCAlnEFcNPbfxE4alaDzARlDXny389.jpg,happy
C:\Users\nihar\Documents\ML Projects\Deep Learning Projects\Dog Emotion Detection\Final dog dataset\Final dog dataset\sad\ztwzdxN8wasf9ISldQLOIIIzvnK5As948.jpg,sad
C:\Users\nihar\Documents\ML Projects\Deep Learning Projects\Dog Emotion Detection\Final dog dataset\Final dog dataset\sad\2U0HgJka71cxCZzwxUguNVPnNma8IG106.jpg,sad
C:\Users\nihar\Documents\ML Projects\Deep Learning Projects\Dog Emotion Detection\Final dog dataset\Final dog dataset\sad\Dnvz8OOfEgRD07UgmX2CsCYSAhIgxR24.jpg,sad
C:\Users\nihar\Documents\ML Projects\Deep Learning Projects\Dog Emotion Detection\Final dog dataset\Final dog dataset\happy\7983558822_fe16dfee4e_b.jpg,happy
C:\Users\nihar\Documents\ML Projects\Deep Learning Projects\Dog Emotion Detection\Final dog dataset\Final dog dataset\happy\IYJnvZSMBIRxTTWgQpIYarqXJcp5AZ717.jpg,happy
C:\Users\nihar\Documents\ML Projects\Deep Learning Projects\Dog Emotion Detection\Final dog dataset\Final dog dataset\happy\7381814044_1db0b3c286_b.jpg,happy
C:\Users\nihar\Documents\ML Projects\Deep Learning Projects\Dog Emotion Detection\Final dog dataset\Final dog dataset\relaxed\6898540182_32cccd3e44_b.jpg,relaxed
C:\Users\nihar\Documents\ML Projects\Deep Learning Projects\Dog Emotion Detection\Final dog dataset\Final dog dataset\sad\uTpk8oGONJFp4khoYyi2yUpyRqM9cm956.jpg,sad
C:\Users\nihar\Documents\ML Projects\Deep Learning Projects\Dog Emotion Detection\Final dog dataset\Final dog dataset\sad\CeHGvtA0yYxHOuJyJYsGJduw9RMwSf801.jpg,sad
C:\Users\nihar\Documents\ML Projects\Deep Learning Projects\Dog Emotion Detection\Final dog dataset\Final dog dataset\relaxed\8515884514_f6407a1f9b_b.jpg,relaxed
C:\Users\nihar\Documents\ML Projects\Deep Learning Projects\Dog Emotion Detection\Final dog dataset\Final dog dataset\angry\HXhJtVoYDNkGZoSfmIQwzujk24Bw74220.jpg,angry
C:\Users\nihar\Documents\ML Projects\Deep Learning Projects\Dog Emotion Detection\Final dog dataset\Final dog dataset\happy\KtX6RcyAAB71RmzQ22vIfBGFhKw451691.jpg,happy
C:\Users\nihar\Documents\ML Projects\Deep Learning Projects\Dog Emotion Detection\Final dog dataset\Final dog dataset\angry\GKlcqhV33WhGmEWDq7cvwIacFJzoiA80.jpg,angry
C:\Users\nihar\Documents\ML Projects\Deep Learning Projects\Dog Emotion Detection\Final dog dataset\Final dog dataset\relaxed\9960487016_33df209c9b_b.jpg,relaxed
C:\Users\nihar\Documents\ML Projects\Deep Learning Projects\Dog Emotion Detection\Final dog dataset\Final dog dataset\sad\gGFAqGZALLCUN8NX6spRWIrNoDtJGh843.jpg,sad
C:\Users\nihar\Documents\ML Projects\Deep Learning Projects\Dog Emotion Detection\Final dog dataset\Final dog dataset\relaxed\51820270727_c4e6ecb9c5_b.jpg,relaxed
C:\Users\nihar\Documents\ML Projects\Deep Learning Projects\Dog Emotion Detection\Final dog dataset\Final dog dataset\happy\aRAldipsT6ZdZsOBaIoELzb8cpZog7121.jpg,happy
C:\Users\nihar\Documents\ML Projects\Deep Learning Projects\Dog Emotion Detection\Final dog dataset\Final dog dataset\happy\6063364560_7636ecc0b6_b.jpg,happy
C:\Users\nihar\Documents\ML Projects\Deep Learning Projects\Dog Emotion Detection\Final dog dataset\Final dog dataset\sad\SkMCOAncGK9H8XU9uz4JycGyqApZHG392.jpg,sad
C:\Users\nihar\Documents\ML Projects\Deep Learning Projects\Dog Emotion Detection\Final dog dataset\Final dog dataset\relaxed\32452863451_7ea09f38dc_b.jpg,relaxed
C:\Users\nihar\Documents\ML Projects\Deep Learning Projects\Dog Emotion Detection\Final dog dataset\Final dog dataset\sad\SHXXPvx2TzOdBMLR4076QtofdGN62E433.jpg,sad
C:\Users\nihar\Documents\ML Projects\Deep Learning Projects\Dog Emotion Detection\Final dog dataset\Final dog dataset\relaxed\5218256502_5313e8880e_b.jpg,relaxed
C:\Users\nihar\Documents\ML Projects\Deep Learning Projects\Dog Emotion Detection\Final dog dataset\Final dog dataset\sad\eYKGBlFQLOooWUvoHm1hj0Q1xIfrDO616.jpg,sad
C:\Users\nihar\Documents\ML Projects\Deep Learning Projects\Dog Emotion Detection\Final dog dataset\Final dog dataset\happy\7514033652_7d82f66a71_b.jpg,happy
C:\Users\nihar\Documents\ML Projects\Deep Learning Projects\Dog Emotion Detection\Final dog dataset\Final dog dataset\angry\g9xIFVxdn8xV7F70CPEdRtrU1tGr5h79.jpg,angry
C:\Users\nihar\Documents\ML Projects\Deep Learning Projects\Dog Emotion Detection\Final dog dataset\Final dog dataset\happy\bf1L8V6im6U6ZAFMmeYhzAyfXigZzg197.jpg,happy
C:\Users\nihar\Documents\ML Projects\Deep Learning Projects\Dog Emotion Detection\Final dog dataset\Final dog dataset\sad\l10lwfWRUbVXDNXK0g2x16xZ8bVLXf799.jpg,sad
C:\Users\nihar\Documents\ML Projects\Deep Learning Projects\Dog Emotion Detection\Final dog dataset\Final dog dataset\relaxed\3729708432_8830e339a0_b.jpg,relaxed
C:\Users\nihar\Documents\ML Projects\Deep Learning Projects\Dog Emotion Detection\Final dog dataset\Final dog dataset\relaxed\44432338641_2be64699da_b.jpg,relaxed
C:\Users\nihar\Documents\ML Projects\Deep Learning Projects\Dog Emotion Detection\Final dog dataset\Final dog dataset\happy\CUBg6iNUE1YG85damvDtssflKJVVjw125.jpg,happy
C:\Users\nihar\Documents\ML Projects\Deep Learning Projects\Dog Emotion Detection\Final dog dataset\Final dog dataset\relaxed\32426717777_985e77d779_b.jpg,relaxed
C:\Users\nihar\Documents\ML Projects\Deep Learning Projects\Dog Emotion Detection\Final dog dataset\Final dog dataset\angry\E4xWmPoM47dKBZ9eJHyN1wWkDX9VeY655.jpg,angry
C:\Users\nihar\Documents\ML Projects\Deep Learning Projects\Dog Emotion Detection\Final dog dataset\Final dog dataset\sad\7125415339_b622fd1e7f_b.jpg,sad
C:\Users\nihar\Documents\ML Projects\Deep Learning Projects\Dog Emotion Detection\Final dog dataset\Final dog dataset\relaxed\36301992646_1533884f24_b.jpg,relaxed
C:\Users\nihar\Documents\ML Projects\Deep Learning Projects\Dog Emotion Detection\Final dog dataset\Final dog dataset\angry\RPFLbQbuZe41an8nzvTk5PEcgb40aH455.jpg,angry
C:\Users\nihar\Documents\ML Projects\Deep Learning Projects\Dog Emotion Detection\Final dog dataset\Final dog dataset\angry\yRcom7uaLXI2FP5k0YzQ8xdjGFuSiX670.jpg,angry
C:\Users\nihar\Documents\ML Projects\Deep Learning Projects\Dog Emotion Detection\Final dog dataset\Final dog dataset\relaxed\48782268307_86d7d1b586_b.jpg,relaxed
C:\Users\nihar\Documents\ML Projects\Deep Learning Projects\Dog Emotion Detection\Final dog dataset\Final dog dataset\relaxed\35345006715_cff82b7b16_b.jpg,relaxed
C:\Users\nihar\Documents\ML Projects\Deep Learning Projects\Dog Emotion Detection\Final dog dataset\Final dog dataset\angry\99C7YXdJpttwiltHw95xaYgVzl8ihD840.jpg,angry
C:\Users\nihar\Documents\ML Projects\Deep Learning Projects\Dog Emotion Detection\Final dog dataset\Final dog dataset\happy\L2cWJQKwsqRNoMQJTAa384G53xejri555.jpg,happy
C:\Users\nihar\Documents\ML Projects\Deep Learning Projects\Dog Emotion Detection\Final dog dataset\Final dog dataset\happy\i1ArcQCWnPaXYMzIsV6cJ0sLmd8lNg272.jpg,happy
C:\Users\nihar\Documents\ML Projects\Deep Learning Projects\Dog Emotion Detection\Final dog dataset\Final dog dataset\happy\9mnmNC36nCB1tCaD0XS8Xl6Fle212i972.jpg,happy
C:\Users\nihar\Documents\ML Projects\Deep Learning Projects\Dog Emotion Detection\Final dog dataset\Final dog dataset\angry\g5Jy6XyrrHCuYTRw35rXDBXilXwgXs901.jpg,angry
C:\Users\nihar\Documents\ML Projects\Deep Learning Projects\Dog Emotion Detection\Final dog dataset\Final dog dataset\angry\QRqVRU8fBCzw3nv3eUyqM1h0Lj4OlY135.jpg,angry
C:\Users\nihar\Documents\ML Projects\Deep Learning Projects\Dog Emotion Detection\Final dog dataset\Final dog dataset\relaxed\4026173109_23aeb76809_b.jpg,relaxed
C:\Users\nihar\Documents\ML Projects\Deep Learning Projects\Dog Emotion Detection\Final dog dataset\Final dog dataset\sad\4KkL845bnDNsR4oDDV2a1cM4zUmDzP836.jpg,sad
C:\Users\nihar\Documents\ML Projects\Deep Learning Projects\Dog Emotion Detection\Final dog dataset\Final dog dataset\angry\nDQfrPwlh3HyiRWkgnbOAZaqJxbZRU867.jpg,angry
C:\Users\nihar\Documents\ML Projects\Deep Learning Projects\Dog Emotion Detection\Final dog dataset\Final dog dataset\relaxed\4274998819_fa06f3329c_b.jpg,relaxed
C:\Users\nihar\Documents\ML Projects\Deep Learning Projects\Dog Emotion Detection\Final dog dataset\Final dog dataset\angry\7fKqwltH0eKrEYv4wxu6C6G8MANl41815.jpg,angry
C:\Users\nihar\Documents\ML Projects\Deep Learning Projects\Dog Emotion Detection\Final dog dataset\Final dog dataset\angry\MR60V7xsNufWHunzAENLYoxV87D1ge193.jpg,angry
C:\Users\nihar\Documents\ML Projects\Deep Learning Projects\Dog Emotion Detection\Final dog dataset\Final dog dataset\angry\cn5XveEZjHJLNXtTPMNqMnT0pQ2vE0205.jpg,angry
C:\Users\nihar\Documents\ML Projects\Deep Learning Projects\Dog Emotion Detection\Final dog dataset\Final dog dataset\angry\T8vG0we4D1gCFHCcNyTfiAfBKAd29h307.jpg,angry
C:\Users\nihar\Documents\ML Projects\Deep Learning Projects\Dog Emotion Detection\Final dog dataset\Final dog dataset\sad\GKfGWLqruQOtwx0XR2OBciDOB6Uu30427.jpg,sad
C:\Users\nihar\Documents\ML Projects\Deep Learning Projects\Dog Emotion Detection\Final dog dataset\Final dog dataset\sad\Tx4rLPmB2KSCQyJBgJMiNgNEqODzs5874.jpg,sad
C:\Users\nihar\Documents\ML Projects\Deep Learning Projects\Dog Emotion Detection\Final dog dataset\Final dog dataset\happy\8426114066_23b6daa9b4_b.jpg,happy
C:\Users\nihar\Documents\ML Projects\Deep Learning Projects\Dog Emotion Detection\Final dog dataset\Final dog dataset\relaxed\52080291160_00964eb50c_b.jpg,relaxed
C:\Users\nihar\Documents\ML Projects\Deep Learning Projects\Dog Emotion Detection\Final dog dataset\Final dog dataset\sad\58kYQ7NnWWMNfvcWw7UeMBBlIbdqFI863.jpg,sad
C:\Users\nihar\Documents\ML Projects\Deep Learning Projects\Dog Emotion Detection\Final dog dataset\Final dog dataset\sad\AAgt56VDVsjCevCqVEn7vI0hJryBG3939.jpg,sad
C:\Users\nihar\Documents\ML Projects\Deep Learning Projects\Dog Emotion Detection\Final dog dataset\Final dog dataset\happy\8654509560_aab0b55af5_b.jpg,happy
C:\Users\nihar\Documents\ML Projects\Deep Learning Projects\Dog Emotion Detection\Final dog dataset\Final dog dataset\sad\MuLbscqTVy6kApiejjsdMfIJM87kJ7991.jpg,sad
C:\Users\nihar\Documents\ML Projects\Deep Learning Projects\Dog Emotion Detection\Final dog dataset\Final dog dataset\relaxed\8412210078_fc2759d4c2_b.jpg,relaxed
C:\Users\nihar\Documents\ML Projects\Deep Learning Projects\Dog Emotion Detection\Final dog dataset\Final dog dataset\angry\WzHe6TYaCG0x05rw2Tkv7gIk2PEVId276.jpg,angry
C:\Users\nihar\Documents\ML Projects\Deep Learning Projects\Dog Emotion Detection\Final dog dataset\Final dog dataset\angry\Bo7NMEWoMPlYxphz3cKBw0ucO5tXNH60.jpg,angry
C:\Users\nihar\Documents\ML Projects\Deep Learning Projects\Dog Emotion Detection\Final dog dataset\Final dog dataset\happy\8678403201_e3b408da30_b.jpg,happy
C:\Users\nihar\Documents\ML Projects\Deep Learning Projects\Dog Emotion Detection\Final dog dataset\Final dog dataset\relaxed\7342405582_74daf6c7f5_b.jpg,relaxed
C:\Users\nihar\Documents\ML Projects\Deep Learning Projects\Dog Emotion Detection\Final dog dataset\Final dog dataset\happy\1KdEGoZwPog5YjCMf2TiptauslILYK862.jpg,happy
C:\Users\nihar\Documents\ML Projects\Deep Learning Projects\Dog Emotion Detection\Final dog dataset\Final dog dataset\relaxed\3525672595_6d05fe4b80_b.jpg,relaxed
C:\Users\nihar\Documents\ML Projects\Deep Learning Projects\Dog Emotion Detection\Final dog dataset\Final dog dataset\relaxed\6847140756_5d24f59315_b.jpg,relaxed
C:\Users\nihar\Documents\ML Projects\Deep Learning Projects\Dog Emotion Detection\Final dog dataset\Final dog dataset\happy\bk7eXW6uy7z1qKN5buF1nscdEIECrU196.jpg,happy
C:\Users\nihar\Documents\ML Projects\Deep Learning Projects\Dog Emotion Detection\Final dog dataset\Final dog dataset\angry\7PY9vylVegD8NXJdE1xjzLy56aviBh133.jpg,angry
C:\Users\nihar\Documents\ML Projects\Deep Learning Projects\Dog Emotion Detection\Final dog dataset\Final dog dataset\angry\qh2fY7dARdO3NhGygIks82TcoZT2CL129.jpg,angry
C:\Users\nihar\Documents\ML Projects\Deep Learning Projects\Dog Emotion Detection\Final dog dataset\Final dog dataset\happy\JmcQS8XV4lLMO8TTv3g36OfiJRRdMW312.jpg,happy
C:\Users\nihar\Documents\ML Projects\Deep Learning Projects\Dog Emotion Detection\Final dog dataset\Final dog dataset\angry\0C5yo7GxMy8lztxNZvSdfEx2gSPRTR701.jpg,angry
C:\Users\nihar\Documents\ML Projects\Deep Learning Projects\Dog Emotion Detection\Final dog dataset\Final dog dataset\angry\4FzfK8eNnm7aLxhjc2WT90ClufqjgR658.jpg,angry
C:\Users\nihar\Documents\ML Projects\Deep Learning Projects\Dog Emotion Detection\Final dog dataset\Final dog dataset\happy\fIic7CB70Vws2ixbqP84ONWGgmFJrZ459.jpg,happy
C:\Users\nihar\Documents\ML Projects\Deep Learning Projects\Dog Emotion Detection\Final dog dataset\Final dog dataset\angry\LE6CLeDvqQodT3xjKoykVdULtEdLTr255.jpg,angry
C:\Users\nihar\Documents\ML Projects\Deep Learning Projects\Dog Emotion Detection\Final dog dataset\Final dog dataset\angry\0dWl0dRT9Pc98fjFSvGOXlGlE0B4E6267.jpg,angry
C:\Users\nihar\Documents\ML Projects\Deep Learning Projects\Dog Emotion Detection\Final dog dataset\Final dog dataset\happy\6902251296_25a27a1ee6_b.jpg,happy
C:\Users\nihar\Documents\ML Projects\Deep Learning Projects\Dog Emotion Detection\Final dog dataset\Final dog dataset\angry\zH4dvR3Rgbw8OKJ79w6TD4nvGMvuHA765.jpg,angry
C:\Users\nihar\Documents\ML Projects\Deep Learning Projects\Dog Emotion Detection\Final dog dataset\Final dog dataset\relaxed\7113608677_1c7f40e367_b.jpg,relaxed
C:\Users\nihar\Documents\ML Projects\Deep Learning Projects\Dog Emotion Detection\Final dog dataset\Final dog dataset\angry\CsvXhIcd155h45tJOxbGFjObK6AMfp941.jpg,angry
C:\Users\nihar\Documents\ML Projects\Deep Learning Projects\Dog Emotion Detection\Final dog dataset\Final dog dataset\happy\5794517529_e2bc214506_b.jpg,happy
C:\Users\nihar\Documents\ML Projects\Deep Learning Projects\Dog Emotion Detection\Final dog dataset\Final dog dataset\relaxed\7078639727_5dfd1b6ba1_b.jpg,relaxed
C:\Users\nihar\Documents\ML Projects\Deep Learning Projects\Dog Emotion Detection\Final dog dataset\Final dog dataset\angry\DHQnRC2UuPkUMdeB9fsN9Q6jVhw4c6627.jpg,angry
C:\Users\nihar\Documents\ML Projects\Deep Learning Projects\Dog Emotion Detection\Final dog dataset\Final dog dataset\sad\1GGtLAS01we54bTqKd1HFPORX8qO5B458.jpg,sad
C:\Users\nihar\Documents\ML Projects\Deep Learning Projects\Dog Emotion Detection\Final dog dataset\Final dog dataset\happy\61985143_63ace9ff64_b.jpg,happy
C:\Users\nihar\Documents\ML Projects\Deep Learning Projects\Dog Emotion Detection\Final dog dataset\Final dog dataset\sad\EurOl9Ci8ME1quUU8B8pQsOCboZeqt281.jpg,sad
C:\Users\nihar\Documents\ML Projects\Deep Learning Projects\Dog Emotion Detection\Final dog dataset\Final dog dataset\relaxed\9486598266_a151f25522_b.jpg,relaxed
C:\Users\nihar\Documents\ML Projects\Deep Learning Projects\Dog Emotion Detection\Final dog dataset\Final dog dataset\relaxed\6905077926_cf23d63aa3_b.jpg,relaxed
C:\Users\nihar\Documents\ML Projects\Deep Learning Projects\Dog Emotion Detection\Final dog dataset\Final dog dataset\relaxed\7891943320_f71a9c6a44_b.jpg,relaxed
C:\Users\nihar\Documents\ML Projects\Deep Learning Projects\Dog Emotion Detection\Final dog dataset\Final dog dataset\happy\9290850007_b4e3ff60c5_b.jpg,happy
C:\Users\nihar\Documents\ML Projects\Deep Learning Projects\Dog Emotion Detection\Final dog dataset\Final dog dataset\happy\aS1Dx02imSdovcFmF5wvGvk88yA2aN176.jpg,happy
C:\Users\nihar\Documents\ML Projects\Deep Learning Projects\Dog Emotion Detection\Final dog dataset\Final dog dataset\sad\QIZHgDuerXQ0xFfJAcmPFNaBMNeZBG646.jpg,sad
C:\Users\nihar\Documents\ML Projects\Deep Learning Projects\Dog Emotion Detection\Final dog dataset\Final dog dataset\sad\z0ailL9OQUli1QiZvmVCHQ6IR455Ka492.jpg,sad
C:\Users\nihar\Documents\ML Projects\Deep Learning Projects\Dog Emotion Detection\Final dog dataset\Final dog dataset\relaxed\8186912130_28b030acff_b.jpg,relaxed
C:\Users\nihar\Documents\ML Projects\Deep Learning Projects\Dog Emotion Detection\Final dog dataset\Final dog dataset\sad\52bzHF5Sl2HE0D2iCXHCdGn6kWau8b97.jpg,sad
C:\Users\nihar\Documents\ML Projects\Deep Learning Projects\Dog Emotion Detection\Final dog dataset\Final dog dataset\sad\G7VrjPySFkyO860srRyy5kIuk41dqW872.jpg,sad
C:\Users\nihar\Documents\ML Projects\Deep Learning Projects\Dog Emotion Detection\Final dog dataset\Final dog dataset\relaxed\3374598900_37dcb411ff_b.jpg,relaxed
C:\Users\nihar\Documents\ML Projects\Deep Learning Projects\Dog Emotion Detection\Final dog dataset\Final dog dataset\sad\Ehz2tmtB1i8aGoQmHLG8n4tI7CCjqV347.jpg,sad
C:\Users\nihar\Documents\ML Projects\Deep Learning Projects\Dog Emotion Detection\Final dog dataset\Final dog dataset\relaxed\51731621827_65d812cfeb_b.jpg,relaxed
C:\Users\nihar\Documents\ML Projects\Deep Learning Projects\Dog Emotion Detection\Final dog dataset\Final dog dataset\relaxed\3344892715_99e3a3ea62_b.jpg,relaxed
C:\Users\nihar\Documents\ML Projects\Deep Learning Projects\Dog Emotion Detection\Final dog dataset\Final dog dataset\happy\fSJTnASvig3kks3o3npWRExZyNOPhk753.jpg,happy
C:\Users\nihar\Documents\ML Projects\Deep Learning Projects\Dog Emotion Detection\Final dog dataset\Final dog dataset\happy\7275165354_010c61c0c1_b.jpg,happy
C:\Users\nihar\Documents\ML Projects\Deep Learning Projects\Dog Emotion Detection\Final dog dataset\Final dog dataset\relaxed\8300561950_32bd718b0f_b.jpg,relaxed
C:\Users\nihar\Documents\ML Projects\Deep Learning Projects\Dog Emotion Detection\Final dog dataset\Final dog dataset\happy\9511499761_31514c0e60_b.jpg,happy
C:\Users\nihar\Documents\ML Projects\Deep Learning Projects\Dog Emotion Detection\Final dog dataset\Final dog dataset\sad\iqGZOT983DCO5GiOeCUofw1J8AiRTd455.jpg,sad
C:\Users\nihar\Documents\ML Projects\Deep Learning Projects\Dog Emotion Detection\Final dog dataset\Final dog dataset\relaxed\5909021021_9820376416_b.jpg,relaxed
C:\Users\nihar\Documents\ML Projects\Deep Learning Projects\Dog Emotion Detection\Final dog dataset\Final dog dataset\relaxed\7553763270_4450c65400_b.jpg,relaxed
C:\Users\nihar\Documents\ML Projects\Deep Learning Projects\Dog Emotion Detection\Final dog dataset\Final dog dataset\relaxed\8569288277_befbd80d2f_b.jpg,relaxed
C:\Users\nihar\Documents\ML Projects\Deep Learning Projects\Dog Emotion Detection\Final dog dataset\Final dog dataset\angry\Pmdf4R9xGZytzgQ5vt5crU5u4ZiuvI537.jpg,angry
C:\Users\nihar\Documents\ML Projects\Deep Learning Projects\Dog Emotion Detection\Final dog dataset\Final dog dataset\sad\40NKzlwokanDwECFLxawOA2Omqf0DV988.jpg,sad
C:\Users\nihar\Documents\ML Projects\Deep Learning Projects\Dog Emotion Detection\Final dog dataset\Final dog dataset\happy\8942191108_443aed2509_b.jpg,happy
C:\Users\nihar\Documents\ML Projects\Deep Learning Projects\Dog Emotion Detection\Final dog dataset\Final dog dataset\angry\6wio62J04Zs99DWDtowrYX8ROnJ24j561.jpg,angry
C:\Users\nihar\Documents\ML Projects\Deep Learning Projects\Dog Emotion Detection\Final dog dataset\Final dog dataset\relaxed\4747667770_2f956118c0_b.jpg,relaxed
C:\Users\nihar\Documents\ML Projects\Deep Learning Projects\Dog Emotion Detection\Final dog dataset\Final dog dataset\sad\0ikk0OqY4d6Rrs22YJoL7m2UxDeWzF254.jpg,sad
C:\Users\nihar\Documents\ML Projects\Deep Learning Projects\Dog Emotion Detection\Final dog dataset\Final dog dataset\happy\6247864485_c7cce1ac83_b.jpg,happy
C:\Users\nihar\Documents\ML Projects\Deep Learning Projects\Dog Emotion Detection\Final dog dataset\Final dog dataset\sad\coQVGUYBZE3GA6uYo4JWzVm1oPFX7f354.jpg,sad
C:\Users\nihar\Documents\ML Projects\Deep Learning Projects\Dog Emotion Detection\Final dog dataset\Final dog dataset\angry\cyUKneTqM6NkbftL1frU5bynMvqCqS164.jpg,angry
C:\Users\nihar\Documents\ML Projects\Deep Learning Projects\Dog Emotion Detection\Final dog dataset\Final dog dataset\angry\46haMzB91DUHJuyGmouIFImnGxUvnQ880.jpg,angry
C:\Users\nihar\Documents\ML Projects\Deep Learning Projects\Dog Emotion Detection\Final dog dataset\Final dog dataset\sad\MXuMOT4neC6Nmb9wgS74GJcyjTihtp755.jpg,sad
C:\Users\nihar\Documents\ML Projects\Deep Learning Projects\Dog Emotion Detection\Final dog dataset\Final dog dataset\relaxed\37897918671_36d05f45d8_b.jpg,relaxed
C:\Users\nihar\Documents\ML Projects\Deep Learning Projects\Dog Emotion Detection\Final dog dataset\Final dog dataset\relaxed\42955989105_151113f46f_b.jpg,relaxed
C:\Users\nihar\Documents\ML Projects\Deep Learning Projects\Dog Emotion Detection\Final dog dataset\Final dog dataset\angry\MVJq5jZmJrocRJNqqpjgJWNyYA5RzC249.jpg,angry
C:\Users\nihar\Documents\ML Projects\Deep Learning Projects\Dog Emotion Detection\Final dog dataset\Final dog dataset\angry\8A4OpAdg57P9myyTXj8Sw2r3QzMr3P319.jpg,angry
C:\Users\nihar\Documents\ML Projects\Deep Learning Projects\Dog Emotion Detection\Final dog dataset\Final dog dataset\relaxed\40123287214_0476fe2cbd_b.jpg,relaxed
C:\Users\nihar\Documents\ML Projects\Deep Learning Projects\Dog Emotion Detection\Final dog dataset\Final dog dataset\happy\6954411242_e51944b3c6_b.jpg,happy
C:\Users\nihar\Documents\ML Projects\Deep Learning Projects\Dog Emotion Detection\Final dog dataset\Final dog dataset\sad\dNaQZzz32rXWdYWHP7pmSXyDDFzZzk955.jpg,sad
C:\Users\nihar\Documents\ML Projects\Deep Learning Projects\Dog Emotion Detection\Final dog dataset\Final dog dataset\relaxed\33452700146_48d9fa2ba3_b.jpg,relaxed
C:\Users\nihar\Documents\ML Projects\Deep Learning Projects\Dog Emotion Detection\Final dog dataset\Final dog dataset\sad\CpbOmbolQnsNiUIn2tFI7cdstCkygi703.jpg,sad
C:\Users\nihar\Documents\ML Projects\Deep Learning Projects\Dog Emotion Detection\Final dog dataset\Final dog dataset\sad\4WhkyBBT1FM9TnH3Ts420aDZhe1z83285.jpg,sad
C:\Users\nihar\Documents\ML Projects\Deep Learning Projects\Dog Emotion Detection\Final dog dataset\Final dog dataset\relaxed\38106674505_5c2c333a3b_b.jpg,relaxed
C:\Users\nihar\Documents\ML Projects\Deep Learning Projects\Dog Emotion Detection\Final dog dataset\Final dog dataset\angry\lPUJbd6hhkCYNT07cmJdCGyOp0maDN243.jpg,angry
C:\Users\nihar\Documents\ML Projects\Deep Learning Projects\Dog Emotion Detection\Final dog dataset\Final dog dataset\happy\ceHtraB1lucoqyUsdK5T7vyho6XTIP743.jpg,happy
C:\Users\nihar\Documents\ML Projects\Deep Learning Projects\Dog Emotion Detection\Final dog dataset\Final dog dataset\sad\LOPu2sRiR3szfgmdgRQEAj2RBL90L9931.jpg,sad
C:\Users\nihar\Documents\ML Projects\Deep Learning Projects\Dog Emotion Detection\Final dog dataset\Final dog dataset\sad\0nnw7bI4BVPnvub2zkBwH5cwAmEe9Y1000.jpg,sad
C:\Users\nihar\Documents\ML Projects\Deep Learning Projects\Dog Emotion Detection\Final dog dataset\Final dog dataset\sad\dWpTU1jitXhm3DHDoTRpCRdAMiRiYG579.jpg,sad
C:\Users\nihar\Documents\ML Projects\Deep Learning Projects\Dog Emotion Detection\Final dog dataset\Final dog dataset\sad\dfotJqRwZr1yDbfTIMDlbtiZflCbcs962.jpg,sad
C:\Users\nihar\Documents\ML Projects\Deep Learning Projects\Dog Emotion Detection\Final dog dataset\Final dog dataset\happy\G7uaYQlTfZiZOej7Ve1SyfvT1Srxv9554.jpg,happy
C:\Users\nihar\Documents\ML Projects\Deep Learning Projects\Dog Emotion Detection\Final dog dataset\Final dog dataset\relaxed\5450832651_b0b910a39f_b.jpg,relaxed
C:\Users\nihar\Documents\ML Projects\Deep Learning Projects\Dog Emotion Detection\Final dog dataset\Final dog dataset\sad\qOqMxZuPzrxyT0KwVM0hy1UJRcPdbV389.jpg,sad
C:\Users\nihar\Documents\ML Projects\Deep Learning Projects\Dog Emotion Detection\Final dog dataset\Final dog dataset\angry\zGZDewph699wNh5YGzypBdI9sMRpVw452.jpg,angry
C:\Users\nihar\Documents\ML Projects\Deep Learning Projects\Dog Emotion Detection\Final dog dataset\Final dog dataset\happy\bvwnS7B4KiHtytnIwKZmftk2VpqShR914.jpg,happy
C:\Users\nihar\Documents\ML Projects\Deep Learning Projects\Dog Emotion Detection\Final dog dataset\Final dog dataset\happy\561321836_e69fe7799d_b.jpg,happy
C:\Users\nihar\Documents\ML Projects\Deep Learning Projects\Dog Emotion Detection\Final dog dataset\Final dog dataset\happy\5635281210_8106b0af82_b.jpg,happy
C:\Users\nihar\Documents\ML Projects\Deep Learning Projects\Dog Emotion Detection\Final dog dataset\Final dog dataset\angry\y0lQx7sHxD5YUdMQSAEhDeELXoafGt239.jpg,angry
C:\Users\nihar\Documents\ML Projects\Deep Learning Projects\Dog Emotion Detection\Final dog dataset\Final dog dataset\happy\7469368698_b47a624be0_b.jpg,happy
C:\Users\nihar\Documents\ML Projects\Deep Learning Projects\Dog Emotion Detection\Final dog dataset\Final dog dataset\relaxed\8356569880_c2be30dd83_b.jpg,relaxed
C:\Users\nihar\Documents\ML Projects\Deep Learning Projects\Dog Emotion Detection\Final dog dataset\Final dog dataset\relaxed\9283670512_f48fa57fa8_b.jpg,relaxed
C:\Users\nihar\Documents\ML Projects\Deep Learning Projects\Dog Emotion Detection\Final dog dataset\Final dog dataset\relaxed\8199639287_dce2632b0f_b.jpg,relaxed
C:\Users\nihar\Documents\ML Projects\Deep Learning Projects\Dog Emotion Detection\Final dog dataset\Final dog dataset\angry\hkk9bM0SNnAztCb7brrLJaSmK434qw382.jpg,angry
C:\Users\nihar\Documents\ML Projects\Deep Learning Projects\Dog Emotion Detection\Final dog dataset\Final dog dataset\relaxed\3986797170_52bfd46c0f_b.jpg,relaxed
C:\Users\nihar\Documents\ML Projects\Deep Learning Projects\Dog Emotion Detection\Final dog dataset\Final dog dataset\angry\1LmcTejRp8jgHZo3nbPjgmO34R2J6T153.jpg,angry
C:\Users\nihar\Documents\ML Projects\Deep Learning Projects\Dog Emotion Detection\Final dog dataset\Final dog dataset\angry\LhZpkzRMipRWSsiLwxTI9roCvBcYHh534.jpg,angry
C:\Users\nihar\Documents\ML Projects\Deep Learning Projects\Dog Emotion Detection\Final dog dataset\Final dog dataset\angry\MLmPp9j8SotYNBZU4IycgcltO1aIDn783.jpg,angry
C:\Users\nihar\Documents\ML Projects\Deep Learning Projects\Dog Emotion Detection\Final dog dataset\Final dog dataset\angry\TAb5c1hCr5sjk0EQuQVVxIbbgqvjt5745.jpg,angry
C:\Users\nihar\Documents\ML Projects\Deep Learning Projects\Dog Emotion Detection\Final dog dataset\Final dog dataset\angry\3e7ne7hPR6zHzv8kjUkZ0DKoJNatJX22.jpg,angry
C:\Users\nihar\Documents\ML Projects\Deep Learning Projects\Dog Emotion Detection\Final dog dataset\Final dog dataset\angry\Q6YIyg34NM8XAS82uks0NIdiIrPTDJ398.jpg,angry
C:\Users\nihar\Documents\ML Projects\Deep Learning Projects\Dog Emotion Detection\Final dog dataset\Final dog dataset\angry\FMnuioVr0qG4txo9WQiSyHOdJfYJWN903.jpg,angry
C:\Users\nihar\Documents\ML Projects\Deep Learning Projects\Dog Emotion Detection\Final dog dataset\Final dog dataset\relaxed\8422534126_a6a296a20c_b.jpg,relaxed
C:\Users\nihar\Documents\ML Projects\Deep Learning Projects\Dog Emotion Detection\Final dog dataset\Final dog dataset\sad\IVK3El9s7GrBIcmlGonYAjDbvtTsPB778.jpg,sad
C:\Users\nihar\Documents\ML Projects\Deep Learning Projects\Dog Emotion Detection\Final dog dataset\Final dog dataset\happy\7034655341_2e34f00587_b.jpg,happy
C:\Users\nihar\Documents\ML Projects\Deep Learning Projects\Dog Emotion Detection\Final dog dataset\Final dog dataset\sad\JSBUGGeJWBeoMTLwo9MusLUcAGoNKo195.jpg,sad
C:\Users\nihar\Documents\ML Projects\Deep Learning Projects\Dog Emotion Detection\Final dog dataset\Final dog dataset\angry\PmM7uMpAn8pQn9rWOG455vhSsUT0Xv730.jpg,angry
C:\Users\nihar\Documents\ML Projects\Deep Learning Projects\Dog Emotion Detection\Final dog dataset\Final dog dataset\relaxed\37222061_fb6debe308_b.jpg,relaxed
C:\Users\nihar\Documents\ML Projects\Deep Learning Projects\Dog Emotion Detection\Final dog dataset\Final dog dataset\happy\7059359527_cc76eaf6e1_b.jpg,happy
C:\Users\nihar\Documents\ML Projects\Deep Learning Projects\Dog Emotion Detection\Final dog dataset\Final dog dataset\relaxed\9220880343_ec7184795b_b.jpg,relaxed
C:\Users\nihar\Documents\ML Projects\Deep Learning Projects\Dog Emotion Detection\Final dog dataset\Final dog dataset\happy\5718598809_6cc2fcdafc_b.jpg,happy
C:\Users\nihar\Documents\ML Projects\Deep Learning Projects\Dog Emotion Detection\Final dog dataset\Final dog dataset\angry\gmafUbMW7DFrwm9OeWm7ysdJh6m0a2214.jpg,angry
C:\Users\nihar\Documents\ML Projects\Deep Learning Projects\Dog Emotion Detection\Final dog dataset\Final dog dataset\angry\2ZPv4ojTV9BXHf8L2fxDgcNBKV8an1314.jpg,angry
C:\Users\nihar\Documents\ML Projects\Deep Learning Projects\Dog Emotion Detection\Final dog dataset\Final dog dataset\angry\6KmbEJ35vdwszk94FtPpFdTJzD1fNq902.jpg,angry
C:\Users\nihar\Documents\ML Projects\Deep Learning Projects\Dog Emotion Detection\Final dog dataset\Final dog dataset\relaxed\53818398_78f237f8ef_b.jpg,relaxed
C:\Users\nihar\Documents\ML Projects\Deep Learning Projects\Dog Emotion Detection\Final dog dataset\Final dog dataset\happy\5892668637_c9d5e6a850_b.jpg,happy
C:\Users\nihar\Documents\ML Projects\Deep Learning Projects\Dog Emotion Detection\Final dog dataset\Final dog dataset\relaxed\48036672261_2f8689a771_b.jpg,relaxed
C:\Users\nihar\Documents\ML Projects\Deep Learning Projects\Dog Emotion Detection\Final dog dataset\Final dog dataset\relaxed\4657038395_71322242c6_b.jpg,relaxed
C:\Users\nihar\Documents\ML Projects\Deep Learning Projects\Dog Emotion Detection\Final dog dataset\Final dog dataset\happy\6138901141_76a760e2ed_b.jpg,happy
C:\Users\nihar\Documents\ML Projects\Deep Learning Projects\Dog Emotion Detection\Final dog dataset\Final dog dataset\sad\E6PKv0VG9Cjq3PYv2FtOqh4GIlleeP332.jpg,sad
C:\Users\nihar\Documents\ML Projects\Deep Learning Projects\Dog Emotion Detection\Final dog dataset\Final dog dataset\relaxed\485401932_aa8a8102f6_b.jpg,relaxed
C:\Users\nihar\Documents\ML Projects\Deep Learning Projects\Dog Emotion Detection\Final dog dataset\Final dog dataset\relaxed\9130585473_23b22ea41e_b.jpg,relaxed
C:\Users\nihar\Documents\ML Projects\Deep Learning Projects\Dog Emotion Detection\Final dog dataset\Final dog dataset\happy\ICUnKVZQ46rytjN1z6OFp42cp7SMEG302.jpg,happy
C:\Users\nihar\Documents\ML Projects\Deep Learning Projects\Dog Emotion Detection\Final dog dataset\Final dog dataset\happy\FGCPeGRQxsMZud8wa1xBdvUC6lMM7H364.jpg,happy
C:\Users\nihar\Documents\ML Projects\Deep Learning Projects\Dog Emotion Detection\Final dog dataset\Final dog dataset\happy\600333538_bcf094f3a1_b.jpg,happy
C:\Users\nihar\Documents\ML Projects\Deep Learning Projects\Dog Emotion Detection\Final dog dataset\Final dog dataset\relaxed\33225264012_730ceb3f4d_b.jpg,relaxed
C:\Users\nihar\Documents\ML Projects\Deep Learning Projects\Dog Emotion Detection\Final dog dataset\Final dog dataset\sad\oTOfTdKzos4gdyphy6Rzgt19umKUzh475.jpg,sad
C:\Users\nihar\Documents\ML Projects\Deep Learning Projects\Dog Emotion Detection\Final dog dataset\Final dog dataset\sad\OIGV66pSWcJXc9ThttlNxRGiYClKIR62.jpg,sad
C:\Users\nihar\Documents\ML Projects\Deep Learning Projects\Dog Emotion Detection\Final dog dataset\Final dog dataset\angry\mLh6kehLTKSJGzyoOJjN9fh9qEFqMH688.jpg,angry
C:\Users\nihar\Documents\ML Projects\Deep Learning Projects\Dog Emotion Detection\Final dog dataset\Final dog dataset\relaxed\4774144816_4c66d668ea_b.jpg,relaxed
C:\Users\nihar\Documents\ML Projects\Deep Learning Projects\Dog Emotion Detection\Final dog dataset\Final dog dataset\relaxed\8065309658_4cecf383f8_b.jpg,relaxed
C:\Users\nihar\Documents\ML Projects\Deep Learning Projects\Dog Emotion Detection\Final dog dataset\Final dog dataset\relaxed\9606231_415660860c_b.jpg,relaxed
C:\Users\nihar\Documents\ML Projects\Deep Learning Projects\Dog Emotion Detection\Final dog dataset\Final dog dataset\happy\8364656768_2a2fd64464_b.jpg,happy
C:\Users\nihar\Documents\ML Projects\Deep Learning Projects\Dog Emotion Detection\Final dog dataset\Final dog dataset\relaxed\7034113031_d4509545b1_b.jpg,relaxed
C:\Users\nihar\Documents\ML Projects\Deep Learning Projects\Dog Emotion Detection\Final dog dataset\Final dog dataset\sad\IudvWlsZ0T5lZXpRjW1NDpXeyO3HZa110.jpg,sad
C:\Users\nihar\Documents\ML Projects\Deep Learning Projects\Dog Emotion Detection\Final dog dataset\Final dog dataset\angry\OwfDTzuJNohCj7WRCUMuF7ZpsjGnKB443.jpg,angry
C:\Users\nihar\Documents\ML Projects\Deep Learning Projects\Dog Emotion Detection\Final dog dataset\Final dog dataset\happy\8879077447_420ee8b5c5_b.jpg,happy
C:\Users\nihar\Documents\ML Projects\Deep Learning Projects\Dog Emotion Detection\Final dog dataset\Final dog dataset\sad\6Usi1yUirS2AUow5NXFSBm9Prs15g4449.jpg,sad
C:\Users\nihar\Documents\ML Projects\Deep Learning Projects\Dog Emotion Detection\Final dog dataset\Final dog dataset\sad\BQH53pPZ4hcqrYjjlMkxJbhFgaye75522.jpg,sad
C:\Users\nihar\Documents\ML Projects\Deep Learning Projects\Dog Emotion Detection\Final dog dataset\Final dog dataset\angry\3PyNfP2EpwpagCqJeR4QjBaOs2Mdhh954.jpg,angry
C:\Users\nihar\Documents\ML Projects\Deep Learning Projects\Dog Emotion Detection\Final dog dataset\Final dog dataset\sad\OS2NHcjEgmBcXt1I30FZrCXu8RvlFp747.jpg,sad
C:\Users\nihar\Documents\ML Projects\Deep Learning Projects\Dog Emotion Detection\Final dog dataset\Final dog dataset\angry\ragugZuuMEvt43mlvGq6AIlsOIiwxW339.jpg,angry
C:\Users\nihar\Documents\ML Projects\Deep Learning Projects\Dog Emotion Detection\Final dog dataset\Final dog dataset\angry\5jd0dXSu0xpdn1mL6RXx5V6bZn8Bkl145.jpg,angry
C:\Users\nihar\Documents\ML Projects\Deep Learning Projects\Dog Emotion Detection\Final dog dataset\Final dog dataset\angry\R7BPhZg1PZKVLEjmm2VemLfAJPCtAs860.jpg,angry
C:\Users\nihar\Documents\ML Projects\Deep Learning Projects\Dog Emotion Detection\Final dog dataset\Final dog dataset\happy\K28akQ3o8OSiAoyHRQxenLmJhXr99x756.jpg,happy
C:\Users\nihar\Documents\ML Projects\Deep Learning Projects\Dog Emotion Detection\Final dog dataset\Final dog dataset\angry\eO3vBPOCr9xAspPkqlyZc2Hd50LaF547.jpg,angry
C:\Users\nihar\Documents\ML Projects\Deep Learning Projects\Dog Emotion Detection\Final dog dataset\Final dog dataset\happy\EdcqLq0oANgEmYFEuFkuUWbWLEPUjX200.jpg,happy
C:\Users\nihar\Documents\ML Projects\Deep Learning Projects\Dog Emotion Detection\Final dog dataset\Final dog dataset\angry\HffWubqROvueGYHhItQjdvPVXrJaCi485.jpg,angry
C:\Users\nihar\Documents\ML Projects\Deep Learning Projects\Dog Emotion Detection\Final dog dataset\Final dog dataset\angry\Ypr5JzbA1KpqkjBoHBybspkAhkPTKr960.jpg,angry
C:\Users\nihar\Documents\ML Projects\Deep Learning Projects\Dog Emotion Detection\Final dog dataset\Final dog dataset\relaxed\3208446632_8efc95ba0d_b.jpg,relaxed
C:\Users\nihar\Documents\ML Projects\Deep Learning Projects\Dog Emotion Detection\Final dog dataset\Final dog dataset\relaxed\3404338350_54b9d9b955_b.jpg,relaxed
C:\Users\nihar\Documents\ML Projects\Deep Learning Projects\Dog Emotion Detection\Final dog dataset\Final dog dataset\sad\3WI5ki3KdjVgy7I95uoMXpMoZUmgHO932.jpg,sad
C:\Users\nihar\Documents\ML Projects\Deep Learning Projects\Dog Emotion Detection\Final dog dataset\Final dog dataset\relaxed\9858396533_56a3fbab2a_b.jpg,relaxed
C:\Users\nihar\Documents\ML Projects\Deep Learning Projects\Dog Emotion Detection\Final dog dataset\Final dog dataset\angry\uIf1zgvCA3zjVdzwYkkPaNJ436um4l271.jpg,angry
C:\Users\nihar\Documents\ML Projects\Deep Learning Projects\Dog Emotion Detection\Final dog dataset\Final dog dataset\relaxed\4107525350_d24a130b10_b.jpg,relaxed
C:\Users\nihar\Documents\ML Projects\Deep Learning Projects\Dog Emotion Detection\Final dog dataset\Final dog dataset\sad\jezLEV6RtYIfi5htya8lG3MTeut0K7218.jpg,sad
C:\Users\nihar\Documents\ML Projects\Deep Learning Projects\Dog Emotion Detection\Final dog dataset\Final dog dataset\angry\2tGMhtdM6yMN3Ih89Z389Dc00mhNvs234.jpg,angry
C:\Users\nihar\Documents\ML Projects\Deep Learning Projects\Dog Emotion Detection\Final dog dataset\Final dog dataset\relaxed\4216803085_e9d6b054d7_b.jpg,relaxed
C:\Users\nihar\Documents\ML Projects\Deep Learning Projects\Dog Emotion Detection\Final dog dataset\Final dog dataset\angry\C22opL1qoIIP0UImKJIwb2Z7jBr8X4462.jpg,angry
C:\Users\nihar\Documents\ML Projects\Deep Learning Projects\Dog Emotion Detection\Final dog dataset\Final dog dataset\happy\8709043490_c0d8e19a4a_b.jpg,happy
C:\Users\nihar\Documents\ML Projects\Deep Learning Projects\Dog Emotion Detection\Final dog dataset\Final dog dataset\relaxed\3892936392_48e0091420_b.jpg,relaxed
C:\Users\nihar\Documents\ML Projects\Deep Learning Projects\Dog Emotion Detection\Final dog dataset\Final dog dataset\relaxed\7084505167_2b4e755aa0_b.jpg,relaxed
C:\Users\nihar\Documents\ML Projects\Deep Learning Projects\Dog Emotion Detection\Final dog dataset\Final dog dataset\angry\48qgITMOh0lHKnHN7hyyELMudzWKTk465.jpg,angry
C:\Users\nihar\Documents\ML Projects\Deep Learning Projects\Dog Emotion Detection\Final dog dataset\Final dog dataset\happy\jrtBs8rh9ZD1FGHjm85CnP9d6pX8to826.jpg,happy
C:\Users\nihar\Documents\ML Projects\Deep Learning Projects\Dog Emotion Detection\Final dog dataset\Final dog dataset\relaxed\8980920925_b8dd8eda48_b.jpg,relaxed
C:\Users\nihar\Documents\ML Projects\Deep Learning Projects\Dog Emotion Detection\Final dog dataset\Final dog dataset\sad\GhUMiIbWPygW0rlVpP9shqXstnCR1H978.jpg,sad
C:\Users\nihar\Documents\ML Projects\Deep Learning Projects\Dog Emotion Detection\Final dog dataset\Final dog dataset\relaxed\4550262218_44d9e0dc5e_b.jpg,relaxed
C:\Users\nihar\Documents\ML Projects\Deep Learning Projects\Dog Emotion Detection\Final dog dataset\Final dog dataset\angry\983fPedSmMnSawFWyRrA8VUsvDSx2i261.jpg,angry
C:\Users\nihar\Documents\ML Projects\Deep Learning Projects\Dog Emotion Detection\Final dog dataset\Final dog dataset\angry\Vheq3HSc6FaCKM7PWaQYUMDPywXAG7883.jpg,angry
C:\Users\nihar\Documents\ML Projects\Deep Learning Projects\Dog Emotion Detection\Final dog dataset\Final dog dataset\relaxed\4235221492_65976f9339_b.jpg,relaxed
C:\Users\nihar\Documents\ML Projects\Deep Learning Projects\Dog Emotion Detection\Final dog dataset\Final dog dataset\relaxed\39976348225_149cdbf6e7_b.jpg,relaxed
C:\Users\nihar\Documents\ML Projects\Deep Learning Projects\Dog Emotion Detection\Final dog dataset\Final dog dataset\angry\uC4HybJ68NUkOfmFtapyGqDD9IMydv281.jpg,angry
C:\Users\nihar\Documents\ML Projects\Deep Learning Projects\Dog Emotion Detection\Final dog dataset\Final dog dataset\angry\mXmwDnEnciurfVsiPnvq3ilRitWtfC179.jpg,angry
C:\Users\nihar\Documents\ML Projects\Deep Learning Projects\Dog Emotion Detection\Final dog dataset\Final dog dataset\happy\5568370203_3256498a9d_b.jpg,happy
C:\Users\nihar\Documents\ML Projects\Deep Learning Projects\Dog Emotion Detection\Final dog dataset\Final dog dataset\sad\21oa6sdLRO0lBE4FRRMLrV20p1jZhg102.jpg,sad
C:\Users\nihar\Documents\ML Projects\Deep Learning Projects\Dog Emotion Detection\Final dog dataset\Final dog dataset\angry\AP5bRBRPIBANVAlqP1hILHmXIcrQqx967.jpg,angry
C:\Users\nihar\Documents\ML Projects\Deep Learning Projects\Dog Emotion Detection\Final dog dataset\Final dog dataset\angry\DPDDr61sv1EttkSJhPmuByvhcXhYNN767.jpg,angry
C:\Users\nihar\Documents\ML Projects\Deep Learning Projects\Dog Emotion Detection\Final dog dataset\Final dog dataset\happy\7438807848_2963ea1b3a_b.jpg,happy
C:\Users\nihar\Documents\ML Projects\Deep Learning Projects\Dog Emotion Detection\Final dog dataset\Final dog dataset\relaxed\35063335362_713f45e613_b.jpg,relaxed
C:\Users\nihar\Documents\ML Projects\Deep Learning Projects\Dog Emotion Detection\Final dog dataset\Final dog dataset\angry\KhspayzoyShGjNOEA1OZakQTMnPhCH77.jpg,angry
C:\Users\nihar\Documents\ML Projects\Deep Learning Projects\Dog Emotion Detection\Final dog dataset\Final dog dataset\relaxed\5970962427_08d38f0175_b.jpg,relaxed
C:\Users\nihar\Documents\ML Projects\Deep Learning Projects\Dog Emotion Detection\Final dog dataset\Final dog dataset\sad\0cjzKFh87NicryFRQNosyQlRq408by655.jpg,sad
C:\Users\nihar\Documents\ML Projects\Deep Learning Projects\Dog Emotion Detection\Final dog dataset\Final dog dataset\happy\7782892622_8371586bd3_b.jpg,happy
C:\Users\nihar\Documents\ML Projects\Deep Learning Projects\Dog Emotion Detection\Final dog dataset\Final dog dataset\relaxed\9171551525_ca62e82db3_b.jpg,relaxed
C:\Users\nihar\Documents\ML Projects\Deep Learning Projects\Dog Emotion Detection\Final dog dataset\Final dog dataset\relaxed\40677311963_71cd9ecdb6_b.jpg,relaxed
C:\Users\nihar\Documents\ML Projects\Deep Learning Projects\Dog Emotion Detection\Final dog dataset\Final dog dataset\happy\7413201982_fe63e65ef7_b.jpg,happy
C:\Users\nihar\Documents\ML Projects\Deep Learning Projects\Dog Emotion Detection\Final dog dataset\Final dog dataset\sad\Z84H3Lv4NTwLWcvkzAgABNUoy3Lkhv864.jpg,sad
C:\Users\nihar\Documents\ML Projects\Deep Learning Projects\Dog Emotion Detection\Final dog dataset\Final dog dataset\relaxed\8510703282_5652620310_b.jpg,relaxed
C:\Users\nihar\Documents\ML Projects\Deep Learning Projects\Dog Emotion Detection\Final dog dataset\Final dog dataset\sad\VUABD2OMapsJrT9Z5j3WBrljnR6F4G920.jpg,sad
C:\Users\nihar\Documents\ML Projects\Deep Learning Projects\Dog Emotion Detection\Final dog dataset\Final dog dataset\relaxed\40836446035_bb23356b8a_b.jpg,relaxed
C:\Users\nihar\Documents\ML Projects\Deep Learning Projects\Dog Emotion Detection\Final dog dataset\Final dog dataset\angry\K05VxjyZpMSBGVAaqyaGyWqEe9TsrY183.jpg,angry
C:\Users\nihar\Documents\ML Projects\Deep Learning Projects\Dog Emotion Detection\Final dog dataset\Final dog dataset\relaxed\39704939591_06536435d2_b.jpg,relaxed
C:\Users\nihar\Documents\ML Projects\Deep Learning Projects\Dog Emotion Detection\Final dog dataset\Final dog dataset\angry\NWKqoFu2McGL71qdKZj96rFbuhcxHn539.jpg,angry
C:\Users\nihar\Documents\ML Projects\Deep Learning Projects\Dog Emotion Detection\Final dog dataset\Final dog dataset\sad\02rDGGot7kGU3cKIB5qhOfPaetpRNq548.jpg,sad
C:\Users\nihar\Documents\ML Projects\Deep Learning Projects\Dog Emotion Detection\Final dog dataset\Final dog dataset\sad\WTqMuXGD0FpnodBvrc1DhWrLuqphWZ151.jpg,sad
C:\Users\nihar\Documents\ML Projects\Deep Learning Projects\Dog Emotion Detection\Final dog dataset\Final dog dataset\sad\uEKr7z0qVEe5jT5f2TTDNDvV0fYDhq923.jpg,sad
C:\Users\nihar\Documents\ML Projects\Deep Learning Projects\Dog Emotion Detection\Final dog dataset\Final dog dataset\sad\OhleMCAv7OO7ESO8SDnvNjIrgRWY6X313.jpg,sad
C:\Users\nihar\Documents\ML Projects\Deep Learning Projects\Dog Emotion Detection\Final dog dataset\Final dog dataset\relaxed\5625700690_2ab8b6d9a2_b.jpg,relaxed
C:\Users\nihar\Documents\ML Projects\Deep Learning Projects\Dog Emotion Detection\Final dog dataset\Final dog dataset\happy\Io60YRMsx2VxyfUuoySn52u0lovLyt579.jpg,happy
C:\Users\nihar\Documents\ML Projects\Deep Learning Projects\Dog Emotion Detection\Final dog dataset\Final dog dataset\angry\uLLC7rp9HYT2RzPqALydSmHApYrTZs672.jpg,angry
C:\Users\nihar\Documents\ML Projects\Deep Learning Projects\Dog Emotion Detection\Final dog dataset\Final dog dataset\angry\ICY3MYXwO3mvmLtnouhWRMbcJIcw1W667.jpg,angry
C:\Users\nihar\Documents\ML Projects\Deep Learning Projects\Dog Emotion Detection\Final dog dataset\Final dog dataset\angry\d0gpxosKkGZ79atB79unrbXVCFzATy576.jpg,angry
C:\Users\nihar\Documents\ML Projects\Deep Learning Projects\Dog Emotion Detection\Final dog dataset\Final dog dataset\sad\KdolopmJEQ6UPXzvkGKsS473djn35k921.jpg,sad
C:\Users\nihar\Documents\ML Projects\Deep Learning Projects\Dog Emotion Detection\Final dog dataset\Final dog dataset\relaxed\33591807528_c7a62bb10b_b.jpg,relaxed
C:\Users\nihar\Documents\ML Projects\Deep Learning Projects\Dog Emotion Detection\Final dog dataset\Final dog dataset\angry\EE1b8yciBx1S6GOe7WrYwR6LpkjYLV588.jpg,angry
C:\Users\nihar\Documents\ML Projects\Deep Learning Projects\Dog Emotion Detection\Final dog dataset\Final dog dataset\angry\uUth4kg6c1o29DqjvoSqHAS3BDFXxt322.jpg,angry
C:\Users\nihar\Documents\ML Projects\Deep Learning Projects\Dog Emotion Detection\Final dog dataset\Final dog dataset\relaxed\4135448883_f9fe5a5bb7_b.jpg,relaxed
C:\Users\nihar\Documents\ML Projects\Deep Learning Projects\Dog Emotion Detection\Final dog dataset\Final dog dataset\angry\k4XixPvbt6qRoCEN9I24myHaKT5c31608.jpg,angry
C:\Users\nihar\Documents\ML Projects\Deep Learning Projects\Dog Emotion Detection\Final dog dataset\Final dog dataset\angry\RbzNOvY5GIAl3PSjIRTKpEkQs1NByq575.jpg,angry
C:\Users\nihar\Documents\ML Projects\Deep Learning Projects\Dog Emotion Detection\Final dog dataset\Final dog dataset\angry\Dqmn25YVWt8Aiwp8ppGODAN4UIp0Yn530.jpg,angry
C:\Users\nihar\Documents\ML Projects\Deep Learning Projects\Dog Emotion Detection\Final dog dataset\Final dog dataset\relaxed\43432448840_f0150bfbfb_b.jpg,relaxed
C:\Users\nihar\Documents\ML Projects\Deep Learning Projects\Dog Emotion Detection\Final dog dataset\Final dog dataset\happy\9QO9FTxEKpy8Gp7oFwYE4xVvyjPgcE213.jpg,happy
C:\Users\nihar\Documents\ML Projects\Deep Learning Projects\Dog Emotion Detection\Final dog dataset\Final dog dataset\relaxed\40457035903_6fb35acb8b_b.jpg,relaxed
C:\Users\nihar\Documents\ML Projects\Deep Learning Projects\Dog Emotion Detection\Final dog dataset\Final dog dataset\relaxed\38371432111_b39e01d678_b.jpg,relaxed
C:\Users\nihar\Documents\ML Projects\Deep Learning Projects\Dog Emotion Detection\Final dog dataset\Final dog dataset\sad\jAlr8KK50fKPDlAVGVPxmNXmURAust308.jpg,sad
C:\Users\nihar\Documents\ML Projects\Deep Learning Projects\Dog Emotion Detection\Final dog dataset\Final dog dataset\sad\H6zkbYkaCmxwkFlhCcBE0ZSzUJrT1I369.jpg,sad
C:\Users\nihar\Documents\ML Projects\Deep Learning Projects\Dog Emotion Detection\Final dog dataset\Final dog dataset\sad\oaqgM2x9qPp902FsSYHs0JolbLEbMl471.jpg,sad
C:\Users\nihar\Documents\ML Projects\Deep Learning Projects\Dog Emotion Detection\Final dog dataset\Final dog dataset\angry\kmbuUJtGfYVZZDcXLCAGkMNsoue5vQ25.jpg,angry
C:\Users\nihar\Documents\ML Projects\Deep Learning Projects\Dog Emotion Detection\Final dog dataset\Final dog dataset\happy\8693102408_30d4b8cdae_b.jpg,happy
C:\Users\nihar\Documents\ML Projects\Deep Learning Projects\Dog Emotion Detection\Final dog dataset\Final dog dataset\angry\sXWRx8tt4wpteMSGAwVWKSH85t2Lzc778.jpg,angry
C:\Users\nihar\Documents\ML Projects\Deep Learning Projects\Dog Emotion Detection\Final dog dataset\Final dog dataset\sad\aBBspgQSd3Ne6yuhUuxogEEBQxNsg9620.jpg,sad
C:\Users\nihar\Documents\ML Projects\Deep Learning Projects\Dog Emotion Detection\Final dog dataset\Final dog dataset\sad\J4rX8LKSma41VVcI1eq937Hh9mUaRB87.jpg,sad
C:\Users\nihar\Documents\ML Projects\Deep Learning Projects\Dog Emotion Detection\Final dog dataset\Final dog dataset\relaxed\36716598642_550e6dcaf9_b.jpg,relaxed
C:\Users\nihar\Documents\ML Projects\Deep Learning Projects\Dog Emotion Detection\Final dog dataset\Final dog dataset\happy\kM6L7ZVdwKlhQZ0oVPpp8tzqnralcs911.jpg,happy
C:\Users\nihar\Documents\ML Projects\Deep Learning Projects\Dog Emotion Detection\Final dog dataset\Final dog dataset\sad\DZCtbPL2rec5SAiSVFcfDjh8R3hkEv265.jpg,sad
C:\Users\nihar\Documents\ML Projects\Deep Learning Projects\Dog Emotion Detection\Final dog dataset\Final dog dataset\happy\6246812088_01831bf1d1_b.jpg,happy
C:\Users\nihar\Documents\ML Projects\Deep Learning Projects\Dog Emotion Detection\Final dog dataset\Final dog dataset\angry\4zphOEEyZCvtIyvaZBk0W2Bd3NCIEu168.jpg,angry
C:\Users\nihar\Documents\ML Projects\Deep Learning Projects\Dog Emotion Detection\Final dog dataset\Final dog dataset\sad\vscTaBJ9kVvhNzFne76h8uLef9nb4W865.jpg,sad
C:\Users\nihar\Documents\ML Projects\Deep Learning Projects\Dog Emotion Detection\Final dog dataset\Final dog dataset\relaxed\8219437412_9cf747f6be_b.jpg,relaxed
C:\Users\nihar\Documents\ML Projects\Deep Learning Projects\Dog Emotion Detection\Final dog dataset\Final dog dataset\happy\8665983220_a7deffd591_b.jpg,happy
C:\Users\nihar\Documents\ML Projects\Deep Learning Projects\Dog Emotion Detection\Final dog dataset\Final dog dataset\relaxed\8715685848_41290ac676_b.jpg,relaxed
C:\Users\nihar\Documents\ML Projects\Deep Learning Projects\Dog Emotion Detection\Final dog dataset\Final dog dataset\happy\KAATqUvDNDp45WIJqXhK5QBKGCfwmq633.jpg,happy
C:\Users\nihar\Documents\ML Projects\Deep Learning Projects\Dog Emotion Detection\Final dog dataset\Final dog dataset\happy\coy8Dvr4XYnoefVlWlk91EHXiRRBXl721.jpg,happy
C:\Users\nihar\Documents\ML Projects\Deep Learning Projects\Dog Emotion Detection\Final dog dataset\Final dog dataset\relaxed\8401058593_7a3eaec9c0_b.jpg,relaxed
C:\Users\nihar\Documents\ML Projects\Deep Learning Projects\Dog Emotion Detection\Final dog dataset\Final dog dataset\relaxed\345716959_0d77045af2_b.jpg,relaxed
C:\Users\nihar\Documents\ML Projects\Deep Learning Projects\Dog Emotion Detection\Final dog dataset\Final dog dataset\angry\lJ9Sqq7sTieM8CRBAbKoRJch86B6Us498.jpg,angry
C:\Users\nihar\Documents\ML Projects\Deep Learning Projects\Dog Emotion Detection\Final dog dataset\Final dog dataset\angry\MCR8G2siXiPmMFM0FLiWmwC7aFSyOG984.jpg,angry
C:\Users\nihar\Documents\ML Projects\Deep Learning Projects\Dog Emotion Detection\Final dog dataset\Final dog dataset\sad\i6WrJri63JSzctcnOJ8C94Nb5Gyugo629.jpg,sad
C:\Users\nihar\Documents\ML Projects\Deep Learning Projects\Dog Emotion Detection\Final dog dataset\Final dog dataset\angry\IyMJqdJVoifFunErCdsxNm5fI5cH30716.jpg,angry
C:\Users\nihar\Documents\ML Projects\Deep Learning Projects\Dog Emotion Detection\Final dog dataset\Final dog dataset\angry\I6mnBVuGihPx0gwBqtr9s89MPhOQoj736.jpg,angry
C:\Users\nihar\Documents\ML Projects\Deep Learning Projects\Dog Emotion Detection\Final dog dataset\Final dog dataset\sad\BHV95oPFw9F26tJtt2sylOR7YIQp1K440.jpg,sad
C:\Users\nihar\Documents\ML Projects\Deep Learning Projects\Dog Emotion Detection\Final dog dataset\Final dog dataset\relaxed\40878848115_7b0fd7d4bf_b.jpg,relaxed
C:\Users\nihar\Documents\ML Projects\Deep Learning Projects\Dog Emotion Detection\Final dog dataset\Final dog dataset\happy\bP6HGVQLpm8OA443GsMXrGG7dk6Lwp238.jpg,happy
C:\Users\nihar\Documents\ML Projects\Deep Learning Projects\Dog Emotion Detection\Final dog dataset\Final dog dataset\sad\u2uC2JF48QaeNepqyQCoV4Iwqm517H312.jpg,sad
C:\Users\nihar\Documents\ML Projects\Deep Learning Projects\Dog Emotion Detection\Final dog dataset\Final dog dataset\angry\rPea5p5cRyPkseSEhxsdVgHtn7z6GM899.jpg,angry
C:\Users\nihar\Documents\ML Projects\Deep Learning Projects\Dog Emotion Detection\Final dog dataset\Final dog dataset\sad\bqlILGVsN8qiRG0rd7Ux2o3WlYdZrc28.jpg,sad
C:\Users\nihar\Documents\ML Projects\Deep Learning Projects\Dog Emotion Detection\Final dog dataset\Final dog dataset\relaxed\95308710_5c38430066_b.jpg,relaxed
C:\Users\nihar\Documents\ML Projects\Deep Learning Projects\Dog Emotion Detection\Final dog dataset\Final dog dataset\happy\6864662636_01d7ff9ce1_b.jpg,happy
C:\Users\nihar\Documents\ML Projects\Deep Learning Projects\Dog Emotion Detection\Final dog dataset\Final dog dataset\angry\3ru88zxJiDbOJIrcx5ySk93hrXsogq895.jpg,angry
C:\Users\nihar\Documents\ML Projects\Deep Learning Projects\Dog Emotion Detection\Final dog dataset\Final dog dataset\angry\XA6sEjOOQAKiTb156sYzKikwHSQFGj103.jpg,angry
C:\Users\nihar\Documents\ML Projects\Deep Learning Projects\Dog Emotion Detection\Final dog dataset\Final dog dataset\sad\oT6hn1nEnMDke7uLygkaXyoU5tBY6418.jpg,sad
C:\Users\nihar\Documents\ML Projects\Deep Learning Projects\Dog Emotion Detection\Final dog dataset\Final dog dataset\sad\rb6V6U7EQOLpDDB1AdOgN5wMklmn4D126.jpg,sad
C:\Users\nihar\Documents\ML Projects\Deep Learning Projects\Dog Emotion Detection\Final dog dataset\Final dog dataset\happy\6996608977_4d77af1d9f_b.jpg,happy
C:\Users\nihar\Documents\ML Projects\Deep Learning Projects\Dog Emotion Detection\Final dog dataset\Final dog dataset\angry\CMZVPjlkp4HPmgjSSAQ9jvRLKF3kix664.jpg,angry
C:\Users\nihar\Documents\ML Projects\Deep Learning Projects\Dog Emotion Detection\Final dog dataset\Final dog dataset\relaxed\4295825233_66df50af46_b.jpg,relaxed
C:\Users\nihar\Documents\ML Projects\Deep Learning Projects\Dog Emotion Detection\Final dog dataset\Final dog dataset\angry\hvjoNqraJPBuR3bSwRdvrrEPv4CIVF798.jpg,angry
C:\Users\nihar\Documents\ML Projects\Deep Learning Projects\Dog Emotion Detection\Final dog dataset\Final dog dataset\happy\hw82fqMFak95ttyDDNuhexkdqcVeZd575.jpg,happy
C:\Users\nihar\Documents\ML Projects\Deep Learning Projects\Dog Emotion Detection\Final dog dataset\Final dog dataset\sad\FPV4tG4ehhEcsSMzbh3uc78r0oVaOb878.jpg,sad
C:\Users\nihar\Documents\ML Projects\Deep Learning Projects\Dog Emotion Detection\Final dog dataset\Final dog dataset\sad\uMx5AW4dTOvwfAXMoAog7yPVz4zEwb464.jpg,sad
C:\Users\nihar\Documents\ML Projects\Deep Learning Projects\Dog Emotion Detection\Final dog dataset\Final dog dataset\sad\IcbsfSMoko4WaAX31Q3m6zN19ZYoqX762.jpg,sad
C:\Users\nihar\Documents\ML Projects\Deep Learning Projects\Dog Emotion Detection\Final dog dataset\Final dog dataset\sad\lz7aEqvtVHXLflHwSobnN1WHXRs22Y418.jpg,sad
C:\Users\nihar\Documents\ML Projects\Deep Learning Projects\Dog Emotion Detection\Final dog dataset\Final dog dataset\relaxed\9473461736_fe337cff29_b.jpg,relaxed
C:\Users\nihar\Documents\ML Projects\Deep Learning Projects\Dog Emotion Detection\Final dog dataset\Final dog dataset\angry\0rAH60FVXqnFBJPzGVSxzEe22APpFS734.jpg,angry
C:\Users\nihar\Documents\ML Projects\Deep Learning Projects\Dog Emotion Detection\Final dog dataset\Final dog dataset\relaxed\6165293079_fc10c8fed8_b.jpg,relaxed
C:\Users\nihar\Documents\ML Projects\Deep Learning Projects\Dog Emotion Detection\Final dog dataset\Final dog dataset\relaxed\3247667781_757e5b948e_b.jpg,relaxed
C:\Users\nihar\Documents\ML Projects\Deep Learning Projects\Dog Emotion Detection\Final dog dataset\Final dog dataset\happy\IePr5FPm22ouRruXsQOuHkAe1uiX29314.jpg,happy
C:\Users\nihar\Documents\ML Projects\Deep Learning Projects\Dog Emotion Detection\Final dog dataset\Final dog dataset\angry\SoVoK90zyhVmYP3AdEldtMmXQTHWJm643.jpg,angry
C:\Users\nihar\Documents\ML Projects\Deep Learning Projects\Dog Emotion Detection\Final dog dataset\Final dog dataset\angry\DVz7EwSoCkujn3JkhVufrlpoucZFUp998.jpg,angry
C:\Users\nihar\Documents\ML Projects\Deep Learning Projects\Dog Emotion Detection\Final dog dataset\Final dog dataset\sad\1gGu5IkooXcWJ3esREvLoPyCiszeZd580.jpg,sad
C:\Users\nihar\Documents\ML Projects\Deep Learning Projects\Dog Emotion Detection\Final dog dataset\Final dog dataset\happy\bC6pKn3SXf9oFxmpd5qPJND6RLW3cE881.jpg,happy
C:\Users\nihar\Documents\ML Projects\Deep Learning Projects\Dog Emotion Detection\Final dog dataset\Final dog dataset\angry\IcYW9UrAEwdNP0Cq0qGNnbOx7qCFmx126.jpg,angry
C:\Users\nihar\Documents\ML Projects\Deep Learning Projects\Dog Emotion Detection\Final dog dataset\Final dog dataset\happy\A93qnk60PX0Xtwr3m4VVoHkBrZTxQf774.jpg,happy
C:\Users\nihar\Documents\ML Projects\Deep Learning Projects\Dog Emotion Detection\Final dog dataset\Final dog dataset\sad\3BRqQKAaznqF4DCqFKfpFmwS6eDJs0582.jpg,sad
C:\Users\nihar\Documents\ML Projects\Deep Learning Projects\Dog Emotion Detection\Final dog dataset\Final dog dataset\angry\zoCBMornppQTwDFe02eyWuqhZPpkmA555.jpg,angry
C:\Users\nihar\Documents\ML Projects\Deep Learning Projects\Dog Emotion Detection\Final dog dataset\Final dog dataset\sad\RCYgswjhbbbA4xahoIEdqljC183t6K871.jpg,sad
C:\Users\nihar\Documents\ML Projects\Deep Learning Projects\Dog Emotion Detection\Final dog dataset\Final dog dataset\sad\8hIrMTZ2Yy7hUafUAz0b9SWUQOP6eD612.jpg,sad
C:\Users\nihar\Documents\ML Projects\Deep Learning Projects\Dog Emotion Detection\Final dog dataset\Final dog dataset\relaxed\6326269249_8333bc671a_b.jpg,relaxed
C:\Users\nihar\Documents\ML Projects\Deep Learning Projects\Dog Emotion Detection\Final dog dataset\Final dog dataset\relaxed\3616534341_3795571a7b_b.jpg,relaxed
C:\Users\nihar\Documents\ML Projects\Deep Learning Projects\Dog Emotion Detection\Final dog dataset\Final dog dataset\sad\acrZ0uabflSAUNsnGxivFVeDkAlg6r231.jpg,sad
C:\Users\nihar\Documents\ML Projects\Deep Learning Projects\Dog Emotion Detection\Final dog dataset\Final dog dataset\happy\6796255265_eb97d775d2_b.jpg,happy
C:\Users\nihar\Documents\ML Projects\Deep Learning Projects\Dog Emotion Detection\Final dog dataset\Final dog dataset\sad\6hfYckJMO9XkVcV0jM77H7RcS25J3p972.jpg,sad
C:\Users\nihar\Documents\ML Projects\Deep Learning Projects\Dog Emotion Detection\Final dog dataset\Final dog dataset\relaxed\6836239330_febe91dded_b.jpg,relaxed
C:\Users\nihar\Documents\ML Projects\Deep Learning Projects\Dog Emotion Detection\Final dog dataset\Final dog dataset\relaxed\3251008529_ec570d172e_b.jpg,relaxed
C:\Users\nihar\Documents\ML Projects\Deep Learning Projects\Dog Emotion Detection\Final dog dataset\Final dog dataset\angry\TomfLePYNHhps9ybg9HDHKe8GZp4tU264.jpg,angry
C:\Users\nihar\Documents\ML Projects\Deep Learning Projects\Dog Emotion Detection\Final dog dataset\Final dog dataset\angry\2PbL2ZpSjgZgVBhe1sU0QVQP0owxj8896.jpg,angry
C:\Users\nihar\Documents\ML Projects\Deep Learning Projects\Dog Emotion Detection\Final dog dataset\Final dog dataset\angry\XOx2sJTOyac9MGTsbZnH9ADnuXQ9tM989.jpg,angry
C:\Users\nihar\Documents\ML Projects\Deep Learning Projects\Dog Emotion Detection\Final dog dataset\Final dog dataset\relaxed\84839879_c6981bbee9_b.jpg,relaxed
C:\Users\nihar\Documents\ML Projects\Deep Learning Projects\Dog Emotion Detection\Final dog dataset\Final dog dataset\angry\mwxUEzCB0laAmtcYIeaqOqSa0WA0fO34.jpg,angry
C:\Users\nihar\Documents\ML Projects\Deep Learning Projects\Dog Emotion Detection\Final dog dataset\Final dog dataset\relaxed\8352301432_df480a6945_b.jpg,relaxed
C:\Users\nihar\Documents\ML Projects\Deep Learning Projects\Dog Emotion Detection\Final dog dataset\Final dog dataset\sad\ENP6tezEnfSvkOzkV0gdvwhg4kOE4u827.jpg,sad
C:\Users\nihar\Documents\ML Projects\Deep Learning Projects\Dog Emotion Detection\Final dog dataset\Final dog dataset\relaxed\8213297925_9cfde29ef5_b.jpg,relaxed
C:\Users\nihar\Documents\ML Projects\Deep Learning Projects\Dog Emotion Detection\Final dog dataset\Final dog dataset\happy\7979163284_6760be14f9_b.jpg,happy
C:\Users\nihar\Documents\ML Projects\Deep Learning Projects\Dog Emotion Detection\Final dog dataset\Final dog dataset\happy\6140733067_e74c3ed05f_b.jpg,happy
C:\Users\nihar\Documents\ML Projects\Deep Learning Projects\Dog Emotion Detection\Final dog dataset\Final dog dataset\happy\5635657415_c58efe7597_b.jpg,happy
C:\Users\nihar\Documents\ML Projects\Deep Learning Projects\Dog Emotion Detection\Final dog dataset\Final dog dataset\angry\HVHnPN1yQI4uPxP1WHceNafoUiOJT7142.jpg,angry
C:\Users\nihar\Documents\ML Projects\Deep Learning Projects\Dog Emotion Detection\Final dog dataset\Final dog dataset\angry\r7iXfs9qo7nFOttXyQ3AKsgNztN2rm459.jpg,angry
C:\Users\nihar\Documents\ML Projects\Deep Learning Projects\Dog Emotion Detection\Final dog dataset\Final dog dataset\sad\6wraGV9v4j7u3xDgWYS1MRNRHecU7k171.jpg,sad
C:\Users\nihar\Documents\ML Projects\Deep Learning Projects\Dog Emotion Detection\Final dog dataset\Final dog dataset\angry\hBtJXn4k0VjiEPwHiVab5Y4joenkuh63.jpg,angry
C:\Users\nihar\Documents\ML Projects\Deep Learning Projects\Dog Emotion Detection\Final dog dataset\Final dog dataset\happy\2m1KybFdRJfD6HiYURg8x1ko2wOVGG20.jpg,happy
C:\Users\nihar\Documents\ML Projects\Deep Learning Projects\Dog Emotion Detection\Final dog dataset\Final dog dataset\relaxed\8926476159_5b9022b55e_b.jpg,relaxed
C:\Users\nihar\Documents\ML Projects\Deep Learning Projects\Dog Emotion Detection\Final dog dataset\Final dog dataset\relaxed\8502636929_21f38a7077_b.jpg,relaxed
C:\Users\nihar\Documents\ML Projects\Deep Learning Projects\Dog Emotion Detection\Final dog dataset\Final dog dataset\happy\7682033820_ca51ff879a_b.jpg,happy
C:\Users\nihar\Documents\ML Projects\Deep Learning Projects\Dog Emotion Detection\Final dog dataset\Final dog dataset\happy\5653962093_0b9a145923_b.jpg,happy
C:\Users\nihar\Documents\ML Projects\Deep Learning Projects\Dog Emotion Detection\Final dog dataset\Final dog dataset\sad\6wFj0gKVOblhB4QV3GJ3bXdZH5xmaT806.jpg,sad
C:\Users\nihar\Documents\ML Projects\Deep Learning Projects\Dog Emotion Detection\Final dog dataset\Final dog dataset\angry\lEzFwUPVfEMXG4x203kZV68f7oW2sk763.jpg,angry
C:\Users\nihar\Documents\ML Projects\Deep Learning Projects\Dog Emotion Detection\Final dog dataset\Final dog dataset\sad\I5rwCUT0Hfs7S1Xty6Vf0DdRPY5KLj200.jpg,sad
C:\Users\nihar\Documents\ML Projects\Deep Learning Projects\Dog Emotion Detection\Final dog dataset\Final dog dataset\happy\8126981781_def18cff05_b.jpg,happy
C:\Users\nihar\Documents\ML Projects\Deep Learning Projects\Dog Emotion Detection\Final dog dataset\Final dog dataset\sad\jCdSdadWC1aPvBdHVON0tG59s8zKML975.jpg,sad
C:\Users\nihar\Documents\ML Projects\Deep Learning Projects\Dog Emotion Detection\Final dog dataset\Final dog dataset\happy\9588176645_f86f43bb7e_b.jpg,happy
C:\Users\nihar\Documents\ML Projects\Deep Learning Projects\Dog Emotion Detection\Final dog dataset\Final dog dataset\happy\6963135089_298c102c96_b.jpg,happy
C:\Users\nihar\Documents\ML Projects\Deep Learning Projects\Dog Emotion Detection\Final dog dataset\Final dog dataset\relaxed\38741578090_7cabe058f1_b.jpg,relaxed
C:\Users\nihar\Documents\ML Projects\Deep Learning Projects\Dog Emotion Detection\Final dog dataset\Final dog dataset\happy\9694756323_e52c4e60c9_b.jpg,happy
C:\Users\nihar\Documents\ML Projects\Deep Learning Projects\Dog Emotion Detection\Final dog dataset\Final dog dataset\sad\HwGPJXrmo763hrGyDV0Ud7vkqYxTOt411.jpg,sad
C:\Users\nihar\Documents\ML Projects\Deep Learning Projects\Dog Emotion Detection\Final dog dataset\Final dog dataset\happy\6924479417_6ebb9d8587_b.jpg,happy
C:\Users\nihar\Documents\ML Projects\Deep Learning Projects\Dog Emotion Detection\Final dog dataset\Final dog dataset\happy\DhlTwG0GtOZ7SJsoHXrvf0RbOHWgGP248.jpg,happy
C:\Users\nihar\Documents\ML Projects\Deep Learning Projects\Dog Emotion Detection\Final dog dataset\Final dog dataset\happy\6949779157_0c82c3c54c_b.jpg,happy
C:\Users\nihar\Documents\ML Projects\Deep Learning Projects\Dog Emotion Detection\Final dog dataset\Final dog dataset\sad\PiZ47nOAorxrrUtgj08MO1SvwIiFBx160.jpg,sad
C:\Users\nihar\Documents\ML Projects\Deep Learning Projects\Dog Emotion Detection\Final dog dataset\Final dog dataset\sad\qDwg07vfnMjhz0Zl6pibwkOsIsRd7o601.jpg,sad
C:\Users\nihar\Documents\ML Projects\Deep Learning Projects\Dog Emotion Detection\Final dog dataset\Final dog dataset\sad\1LsYieZbjsY2sDWjVdl5EyzegUmcZO474.jpg,sad
C:\Users\nihar\Documents\ML Projects\Deep Learning Projects\Dog Emotion Detection\Final dog dataset\Final dog dataset\angry\4oz4asLOKtzJSTmmmaWVyVEYW23DiC914.jpg,angry
C:\Users\nihar\Documents\ML Projects\Deep Learning Projects\Dog Emotion Detection\Final dog dataset\Final dog dataset\happy\6280505350_19c7cdc644_b.jpg,happy
C:\Users\nihar\Documents\ML Projects\Deep Learning Projects\Dog Emotion Detection\Final dog dataset\Final dog dataset\angry\vXgi2JcoidJKWzFbK8zbubPpZobd5l62.jpg,angry
C:\Users\nihar\Documents\ML Projects\Deep Learning Projects\Dog Emotion Detection\Final dog dataset\Final dog dataset\happy\ivUs13G1cgkPtlxuY5mYWutVZPjt6V784.jpg,happy
C:\Users\nihar\Documents\ML Projects\Deep Learning Projects\Dog Emotion Detection\Final dog dataset\Final dog dataset\relaxed\4465657345_3fc2d9ea9d_b.jpg,relaxed
C:\Users\nihar\Documents\ML Projects\Deep Learning Projects\Dog Emotion Detection\Final dog dataset\Final dog dataset\relaxed\8207149869_fb85589956_b.jpg,relaxed
C:\Users\nihar\Documents\ML Projects\Deep Learning Projects\Dog Emotion Detection\Final dog dataset\Final dog dataset\sad\Jm0zGokeYkjPSTYDDA5ROHei0SvNWu811.jpg,sad
C:\Users\nihar\Documents\ML Projects\Deep Learning Projects\Dog Emotion Detection\Final dog dataset\Final dog dataset\relaxed\39065547634_626647d134_b.jpg,relaxed
C:\Users\nihar\Documents\ML Projects\Deep Learning Projects\Dog Emotion Detection\Final dog dataset\Final dog dataset\angry\8Zkz1Q1mLbLBjrLyL2tJeKhY8XwFuv380.jpg,angry
C:\Users\nihar\Documents\ML Projects\Deep Learning Projects\Dog Emotion Detection\Final dog dataset\Final dog dataset\happy\6134506313_7b9206beb3_b.jpg,happy
C:\Users\nihar\Documents\ML Projects\Deep Learning Projects\Dog Emotion Detection\Final dog dataset\Final dog dataset\happy\08mrG3hgF3M4bmy65ZJZBmYulhJ1es699.jpg,happy
C:\Users\nihar\Documents\ML Projects\Deep Learning Projects\Dog Emotion Detection\Final dog dataset\Final dog dataset\angry\ZqpiLzPnCA8L3shy0uaeYb6OPs7y3z523.jpeg,angry
C:\Users\nihar\Documents\ML Projects\Deep Learning Projects\Dog Emotion Detection\Final dog dataset\Final dog dataset\angry\wdg5eNlJozfttUaJHLXtcpnxYjNxYM231.jpg,angry
C:\Users\nihar\Documents\ML Projects\Deep Learning Projects\Dog Emotion Detection\Final dog dataset\Final dog dataset\happy\9363677716_94404275c1_b.jpg,happy
C:\Users\nihar\Documents\ML Projects\Deep Learning Projects\Dog Emotion Detection\Final dog dataset\Final dog dataset\happy\6764504_77f3acdc85_b.jpg,happy
C:\Users\nihar\Documents\ML Projects\Deep Learning Projects\Dog Emotion Detection\Final dog dataset\Final dog dataset\angry\M3KI0lmziKuYYTBQkeYpsTZNguu1Zi805.jpg,angry
C:\Users\nihar\Documents\ML Projects\Deep Learning Projects\Dog Emotion Detection\Final dog dataset\Final dog dataset\sad\yc6aZ3D2pkGxzMQWfE7V4d6nuXD0Xr793.jpg,sad
C:\Users\nihar\Documents\ML Projects\Deep Learning Projects\Dog Emotion Detection\Final dog dataset\Final dog dataset\relaxed\5367413784_01c481b57f_b.jpg,relaxed
C:\Users\nihar\Documents\ML Projects\Deep Learning Projects\Dog Emotion Detection\Final dog dataset\Final dog dataset\relaxed\3409325648_416ff89dc9_b.jpg,relaxed
C:\Users\nihar\Documents\ML Projects\Deep Learning Projects\Dog Emotion Detection\Final dog dataset\Final dog dataset\relaxed\553396263_b3a562ea0c_b.jpg,relaxed
C:\Users\nihar\Documents\ML Projects\Deep Learning Projects\Dog Emotion Detection\Final dog dataset\Final dog dataset\sad\9lRdcZraLfLu9zMTh3yMsZk1izb2lg225.jpg,sad
C:\Users\nihar\Documents\ML Projects\Deep Learning Projects\Dog Emotion Detection\Final dog dataset\Final dog dataset\relaxed\3283383388_6726bd301b_b.jpg,relaxed
C:\Users\nihar\Documents\ML Projects\Deep Learning Projects\Dog Emotion Detection\Final dog dataset\Final dog dataset\happy\8036467423_962bd61923_b.jpg,happy
C:\Users\nihar\Documents\ML Projects\Deep Learning Projects\Dog Emotion Detection\Final dog dataset\Final dog dataset\angry\yKrgSkRbDVGQnTgkiAQlrVddwrJlt1565.jpg,angry
C:\Users\nihar\Documents\ML Projects\Deep Learning Projects\Dog Emotion Detection\Final dog dataset\Final dog dataset\angry\WhIby5mPIxxumQ8ZExICaiReojEcvM838.jpg,angry
C:\Users\nihar\Documents\ML Projects\Deep Learning Projects\Dog Emotion Detection\Final dog dataset\Final dog dataset\sad\wdyRbR46ZzQXLBXuJx59GDVvTZNjIS883.jpg,sad
C:\Users\nihar\Documents\ML Projects\Deep Learning Projects\Dog Emotion Detection\Final dog dataset\Final dog dataset\relaxed\661800215_dc4fc46674_b.jpg,relaxed
C:\Users\nihar\Documents\ML Projects\Deep Learning Projects\Dog Emotion Detection\Final dog dataset\Final dog dataset\happy\D6stbVhjXcykfeknUC70umEiI2UeRR7.jpg,happy
C:\Users\nihar\Documents\ML Projects\Deep Learning Projects\Dog Emotion Detection\Final dog dataset\Final dog dataset\sad\hDWXG24I2f3SkczaV5yPvQXEMhWeNu753.jpg,sad
C:\Users\nihar\Documents\ML Projects\Deep Learning Projects\Dog Emotion Detection\Final dog dataset\Final dog dataset\sad\GNSxMzzOgwj6ivwFLV2NuWNZYGbHkj316.jpg,sad
C:\Users\nihar\Documents\ML Projects\Deep Learning Projects\Dog Emotion Detection\Final dog dataset\Final dog dataset\sad\N21BQMHPv8ZAaXY6hooPgrfZo9Tkxo6.jpg,sad
C:\Users\nihar\Documents\ML Projects\Deep Learning Projects\Dog Emotion Detection\Final dog dataset\Final dog dataset\angry\Qp7NeZ6A0COQSyOaOLvFuqDzD31mvY735.jpg,angry
C:\Users\nihar\Documents\ML Projects\Deep Learning Projects\Dog Emotion Detection\Final dog dataset\Final dog dataset\angry\aXAcJPpOsQ8wC29HWnZWFshWLdZk1s70.jpg,angry
C:\Users\nihar\Documents\ML Projects\Deep Learning Projects\Dog Emotion Detection\Final dog dataset\Final dog dataset\angry\2mXnwOmNvsF3PgZySCuudkrlSF8tdr8.jpg,angry
C:\Users\nihar\Documents\ML Projects\Deep Learning Projects\Dog Emotion Detection\Final dog dataset\Final dog dataset\sad\U43zhDDFYmlhRGmwRlhWGZH0iRFbWV924.jpg,sad
C:\Users\nihar\Documents\ML Projects\Deep Learning Projects\Dog Emotion Detection\Final dog dataset\Final dog dataset\angry\SV38aA6zPZ38Tgln0tVLs8CU3RZKj0607.jpg,angry
C:\Users\nihar\Documents\ML Projects\Deep Learning Projects\Dog Emotion Detection\Final dog dataset\Final dog dataset\angry\5FaXtNiUTcOEch8Ly54vvm6zwSckbH516.jpeg,angry
C:\Users\nihar\Documents\ML Projects\Deep Learning Projects\Dog Emotion Detection\Final dog dataset\Final dog dataset\sad\xrLHY8jjDsYnq58oB5hKJ38CqvZwpD362.jpg,sad
C:\Users\nihar\Documents\ML Projects\Deep Learning Projects\Dog Emotion Detection\Final dog dataset\Final dog dataset\happy\6697736907_8dd4ea43ed_b.jpg,happy
C:\Users\nihar\Documents\ML Projects\Deep Learning Projects\Dog Emotion Detection\Final dog dataset\Final dog dataset\sad\10381728684_2224cb22a0_b.jpg,sad
C:\Users\nihar\Documents\ML Projects\Deep Learning Projects\Dog Emotion Detection\Final dog dataset\Final dog dataset\sad\dCpRqCF9AKKv799kIt166u9JiQ5ijr491.jpg,sad
C:\Users\nihar\Documents\ML Projects\Deep Learning Projects\Dog Emotion Detection\Final dog dataset\Final dog dataset\sad\hrm3uSG1mHsNxOqNIe28T9Emur5fTe266.jpg,sad
C:\Users\nihar\Documents\ML Projects\Deep Learning Projects\Dog Emotion Detection\Final dog dataset\Final dog dataset\happy\I06WdZ1YurwjKpDG1X5gGpqhRiGwRb316.jpg,happy
C:\Users\nihar\Documents\ML Projects\Deep Learning Projects\Dog Emotion Detection\Final dog dataset\Final dog dataset\happy\6176273302_d5dec69b8b_b.jpg,happy
C:\Users\nihar\Documents\ML Projects\Deep Learning Projects\Dog Emotion Detection\Final dog dataset\Final dog dataset\happy\7391516436_4ddaf34d31_b.jpg,happy
C:\Users\nihar\Documents\ML Projects\Deep Learning Projects\Dog Emotion Detection\Final dog dataset\Final dog dataset\angry\ChzuPkeuKOcVVXqYI2b42fTCw2SCIn680.jpg,angry
C:\Users\nihar\Documents\ML Projects\Deep Learning Projects\Dog Emotion Detection\Final dog dataset\Final dog dataset\angry\M92CKIVholYoryLvOXCNI44gxywTIQ141.jpg,angry
C:\Users\nihar\Documents\ML Projects\Deep Learning Projects\Dog Emotion Detection\Final dog dataset\Final dog dataset\happy\Czyuftaif4EJ0peXbAo0qFVxhY1XB5189.jpg,happy
C:\Users\nihar\Documents\ML Projects\Deep Learning Projects\Dog Emotion Detection\Final dog dataset\Final dog dataset\angry\LzkkCFstEgybaQD663wf16aOFNeE6j781.jpg,angry
C:\Users\nihar\Documents\ML Projects\Deep Learning Projects\Dog Emotion Detection\Final dog dataset\Final dog dataset\sad\DhItwvxYvHOaEePRhtX1pvJtZDdTpU267.jpg,sad
C:\Users\nihar\Documents\ML Projects\Deep Learning Projects\Dog Emotion Detection\Final dog dataset\Final dog dataset\happy\iz33fdL3eAHulDzQmfJvhpZGgZQfAp533.jpg,happy
C:\Users\nihar\Documents\ML Projects\Deep Learning Projects\Dog Emotion Detection\Final dog dataset\Final dog dataset\happy\8081456644_a557a48bee_b.jpg,happy
C:\Users\nihar\Documents\ML Projects\Deep Learning Projects\Dog Emotion Detection\Final dog dataset\Final dog dataset\happy\9212674840_48134f2657_b.jpg,happy
C:\Users\nihar\Documents\ML Projects\Deep Learning Projects\Dog Emotion Detection\Final dog dataset\Final dog dataset\relaxed\5304466472_8cdf10ee68_b.jpg,relaxed
C:\Users\nihar\Documents\ML Projects\Deep Learning Projects\Dog Emotion Detection\Final dog dataset\Final dog dataset\sad\nIzQwrDduUr0Yha8Khe95v8B0j1UKS381.jpg,sad
C:\Users\nihar\Documents\ML Projects\Deep Learning Projects\Dog Emotion Detection\Final dog dataset\Final dog dataset\relaxed\38213872024_3e9355ac8e_b.jpg,relaxed
C:\Users\nihar\Documents\ML Projects\Deep Learning Projects\Dog Emotion Detection\Final dog dataset\Final dog dataset\happy\9503415697_fd939ac0c3_b.jpg,happy
C:\Users\nihar\Documents\ML Projects\Deep Learning Projects\Dog Emotion Detection\Final dog dataset\Final dog dataset\happy\6773022205_240c242111_b.jpg,happy
C:\Users\nihar\Documents\ML Projects\Deep Learning Projects\Dog Emotion Detection\Final dog dataset\Final dog dataset\relaxed\7974871601_97792dcd38_b.jpg,relaxed
C:\Users\nihar\Documents\ML Projects\Deep Learning Projects\Dog Emotion Detection\Final dog dataset\Final dog dataset\sad\UAi45aZPXaiGhrwT5Ga0ighBOihdKw314.jpg,sad
C:\Users\nihar\Documents\ML Projects\Deep Learning Projects\Dog Emotion Detection\Final dog dataset\Final dog dataset\sad\5EHfeElqPw7MXGYIhMvquLCLNKgMpt817.jpg,sad
C:\Users\nihar\Documents\ML Projects\Deep Learning Projects\Dog Emotion Detection\Final dog dataset\Final dog dataset\happy\831570787_76252ff180_b.jpg,happy
C:\Users\nihar\Documents\ML Projects\Deep Learning Projects\Dog Emotion Detection\Final dog dataset\Final dog dataset\relaxed\44367754521_4a7f1f2417_b.jpg,relaxed
C:\Users\nihar\Documents\ML Projects\Deep Learning Projects\Dog Emotion Detection\Final dog dataset\Final dog dataset\sad\Ex9S1KRcC3HiNpVedy7CqXo0hBvm7k637.jpg,sad
C:\Users\nihar\Documents\ML Projects\Deep Learning Projects\Dog Emotion Detection\Final dog dataset\Final dog dataset\happy\CvVOIkdxZzf2JxTDz7SFUCnPUHFPiS2.jpg,happy
C:\Users\nihar\Documents\ML Projects\Deep Learning Projects\Dog Emotion Detection\Final dog dataset\Final dog dataset\happy\6538103861_3be05e9c3b_b.jpg,happy
C:\Users\nihar\Documents\ML Projects\Deep Learning Projects\Dog Emotion Detection\Final dog dataset\Final dog dataset\happy\9522445125_65cd6df9d0_b.jpg,happy
C:\Users\nihar\Documents\ML Projects\Deep Learning Projects\Dog Emotion Detection\Final dog dataset\Final dog dataset\sad\3Mj9GwsYItszxgncZMDROgHy3QRvKO544.jpg,sad
C:\Users\nihar\Documents\ML Projects\Deep Learning Projects\Dog Emotion Detection\Final dog dataset\Final dog dataset\relaxed\6796566064_e31ebc3853_b.jpg,relaxed
C:\Users\nihar\Documents\ML Projects\Deep Learning Projects\Dog Emotion Detection\Final dog dataset\Final dog dataset\happy\21WfwlkV239kopf808jDqwkSK6AQNH813.jpg,happy
C:\Users\nihar\Documents\ML Projects\Deep Learning Projects\Dog Emotion Detection\Final dog dataset\Final dog dataset\sad\c1ZXbIk6yK8Kqdewii3Tu0PSvOGpDH790.jpg,sad
C:\Users\nihar\Documents\ML Projects\Deep Learning Projects\Dog Emotion Detection\Final dog dataset\Final dog dataset\sad\A8OpqLYAamkOOQdUD3iBDoMJUvjqSa558.jpg,sad
C:\Users\nihar\Documents\ML Projects\Deep Learning Projects\Dog Emotion Detection\Final dog dataset\Final dog dataset\relaxed\7507393234_f76c27505a_b.jpg,relaxed
C:\Users\nihar\Documents\ML Projects\Deep Learning Projects\Dog Emotion Detection\Final dog dataset\Final dog dataset\angry\tyxZSss4AYd2cJNgEn98f1gAEKGbcs749.jpg,angry
C:\Users\nihar\Documents\ML Projects\Deep Learning Projects\Dog Emotion Detection\Final dog dataset\Final dog dataset\relaxed\8127193987_22dd12823d_b.jpg,relaxed
C:\Users\nihar\Documents\ML Projects\Deep Learning Projects\Dog Emotion Detection\Final dog dataset\Final dog dataset\angry\cZGNqmKOy6EiF4SQSOz7tw8ty7q98Q431.jpg,angry
C:\Users\nihar\Documents\ML Projects\Deep Learning Projects\Dog Emotion Detection\Final dog dataset\Final dog dataset\angry\TFGusnnlFxzh3Sa76kH6hsK4EY6vMB88.jpg,angry
C:\Users\nihar\Documents\ML Projects\Deep Learning Projects\Dog Emotion Detection\Final dog dataset\Final dog dataset\sad\zNiPTizTlJKnBInrm3MwATpsgB1fMK42.jpg,sad
C:\Users\nihar\Documents\ML Projects\Deep Learning Projects\Dog Emotion Detection\Final dog dataset\Final dog dataset\happy\6177662490_5e1ca8f8d6_b.jpg,happy
C:\Users\nihar\Documents\ML Projects\Deep Learning Projects\Dog Emotion Detection\Final dog dataset\Final dog dataset\sad\HdUKxTs89SHsI9EMtKOIoxm8QIkfEf661.jpg,sad
C:\Users\nihar\Documents\ML Projects\Deep Learning Projects\Dog Emotion Detection\Final dog dataset\Final dog dataset\relaxed\5597044863_87ecb70c6c_b.jpg,relaxed
C:\Users\nihar\Documents\ML Projects\Deep Learning Projects\Dog Emotion Detection\Final dog dataset\Final dog dataset\sad\4OPWksL3d4vIJUuLgBNfICmLJb6TNh768.jpg,sad
C:\Users\nihar\Documents\ML Projects\Deep Learning Projects\Dog Emotion Detection\Final dog dataset\Final dog dataset\happy\6729730655_3917bf167f_b.jpg,happy
C:\Users\nihar\Documents\ML Projects\Deep Learning Projects\Dog Emotion Detection\Final dog dataset\Final dog dataset\happy\5804854647_05cb80a2aa_b.jpg,happy
C:\Users\nihar\Documents\ML Projects\Deep Learning Projects\Dog Emotion Detection\Final dog dataset\Final dog dataset\relaxed\410455025_5069f06e53_b.jpg,relaxed
C:\Users\nihar\Documents\ML Projects\Deep Learning Projects\Dog Emotion Detection\Final dog dataset\Final dog dataset\happy\5787217734_39604c6e75_b.jpg,happy
C:\Users\nihar\Documents\ML Projects\Deep Learning Projects\Dog Emotion Detection\Final dog dataset\Final dog dataset\relaxed\7293748868_4f76a09c91_b.jpg,relaxed
C:\Users\nihar\Documents\ML Projects\Deep Learning Projects\Dog Emotion Detection\Final dog dataset\Final dog dataset\happy\6228176307_c2984d2b5e_b.jpg,happy
C:\Users\nihar\Documents\ML Projects\Deep Learning Projects\Dog Emotion Detection\Final dog dataset\Final dog dataset\happy\8941978306_3d7740f4fe_b.jpg,happy
C:\Users\nihar\Documents\ML Projects\Deep Learning Projects\Dog Emotion Detection\Final dog dataset\Final dog dataset\sad\1VkuhQ3n78hJv191uJAwxG4i4r3Eps900.jpg,sad
C:\Users\nihar\Documents\ML Projects\Deep Learning Projects\Dog Emotion Detection\Final dog dataset\Final dog dataset\sad\5SJwbZH9zi0n6H2wMmvPd5kcLhsQzz454.jpg,sad
C:\Users\nihar\Documents\ML Projects\Deep Learning Projects\Dog Emotion Detection\Final dog dataset\Final dog dataset\sad\AkMeHPK3ZTQVKxH5xnS6dt6yMx3VwY537.jpg,sad
C:\Users\nihar\Documents\ML Projects\Deep Learning Projects\Dog Emotion Detection\Final dog dataset\Final dog dataset\sad\DdGoAEqik6bVTN9monvfyb13d3ehuH63.jpg,sad
C:\Users\nihar\Documents\ML Projects\Deep Learning Projects\Dog Emotion Detection\Final dog dataset\Final dog dataset\sad\BWlnhCBRmKAWRriVknF8xBYCP7ATHP791.jpg,sad
C:\Users\nihar\Documents\ML Projects\Deep Learning Projects\Dog Emotion Detection\Final dog dataset\Final dog dataset\angry\Y7wZxZw6FrBepvj8KyoglIRLnJ1aCV746.jpg,angry
C:\Users\nihar\Documents\ML Projects\Deep Learning Projects\Dog Emotion Detection\Final dog dataset\Final dog dataset\angry\9Jl5F5qbX2rY6iKNm3GUyiuWBzngP087.jpg,angry
C:\Users\nihar\Documents\ML Projects\Deep Learning Projects\Dog Emotion Detection\Final dog dataset\Final dog dataset\sad\XFlQzGu4rBmzl6OovTsNNuqz3q715K153.jpg,sad
C:\Users\nihar\Documents\ML Projects\Deep Learning Projects\Dog Emotion Detection\Final dog dataset\Final dog dataset\angry\x3H2KaedF3Iz9Oju5xCLJBCWG0ZnPM200.jpg,angry
C:\Users\nihar\Documents\ML Projects\Deep Learning Projects\Dog Emotion Detection\Final dog dataset\Final dog dataset\relaxed\8497293889_71c3b6f209_b.jpg,relaxed
C:\Users\nihar\Documents\ML Projects\Deep Learning Projects\Dog Emotion Detection\Final dog dataset\Final dog dataset\angry\szaXgAA9IwUk3HAhM1OKkkSIxLmHpC996.jpg,angry
C:\Users\nihar\Documents\ML Projects\Deep Learning Projects\Dog Emotion Detection\Final dog dataset\Final dog dataset\sad\TbbIVjW9SM5CF8VwqyfU4Yiy9N02Cf803.jpg,sad
C:\Users\nihar\Documents\ML Projects\Deep Learning Projects\Dog Emotion Detection\Final dog dataset\Final dog dataset\relaxed\6211521805_e73cc28460_b.jpg,relaxed
C:\Users\nihar\Documents\ML Projects\Deep Learning Projects\Dog Emotion Detection\Final dog dataset\Final dog dataset\angry\ed9dir0VIvR9rB5jOaAE7w8SAXgvSv437.jpg,angry
C:\Users\nihar\Documents\ML Projects\Deep Learning Projects\Dog Emotion Detection\Final dog dataset\Final dog dataset\angry\4H6XZqQWKsjmr20WPHT27t5MFXgEX2189.jpg,angry
C:\Users\nihar\Documents\ML Projects\Deep Learning Projects\Dog Emotion Detection\Final dog dataset\Final dog dataset\relaxed\6117127055_87d60e4632_b.jpg,relaxed
C:\Users\nihar\Documents\ML Projects\Deep Learning Projects\Dog Emotion Detection\Final dog dataset\Final dog dataset\angry\IGmsJN89dWc1oP3j3sRq6ZPyuOzI3R515.jpeg,angry
C:\Users\nihar\Documents\ML Projects\Deep Learning Projects\Dog Emotion Detection\Final dog dataset\Final dog dataset\sad\gaKqJNBwDT2LjZKeyZdCYSCbDPFe0F423.jpg,sad
C:\Users\nihar\Documents\ML Projects\Deep Learning Projects\Dog Emotion Detection\Final dog dataset\Final dog dataset\relaxed\4501004544_a579030c29_b.jpg,relaxed
C:\Users\nihar\Documents\ML Projects\Deep Learning Projects\Dog Emotion Detection\Final dog dataset\Final dog dataset\sad\aePOLWnLJOLqjvs5mZLtsjCcfx4tEQ794.jpg,sad
C:\Users\nihar\Documents\ML Projects\Deep Learning Projects\Dog Emotion Detection\Final dog dataset\Final dog dataset\sad\QZDarsQhGj4iXajNnE5vnLKTO0d4n996.jpg,sad
C:\Users\nihar\Documents\ML Projects\Deep Learning Projects\Dog Emotion Detection\Final dog dataset\Final dog dataset\angry\ih5OCtHZFTdMbukLpFPPSJWzJSupeI52.jpg,angry
C:\Users\nihar\Documents\ML Projects\Deep Learning Projects\Dog Emotion Detection\Final dog dataset\Final dog dataset\happy\7902516110_e528b82101_b.jpg,happy
C:\Users\nihar\Documents\ML Projects\Deep Learning Projects\Dog Emotion Detection\Final dog dataset\Final dog dataset\sad\E78VJ6tQGVLA4XX5aXg6fVv8QTjF05614.jpg,sad
C:\Users\nihar\Documents\ML Projects\Deep Learning Projects\Dog Emotion Detection\Final dog dataset\Final dog dataset\happy\KPUFEdSueE5kqFSLt6wJa9JUxR3eZP103.jpg,happy
C:\Users\nihar\Documents\ML Projects\Deep Learning Projects\Dog Emotion Detection\Final dog dataset\Final dog dataset\angry\Ok0a18RwcbvAdj5HR1lEOdNkf20eST320.jpg,angry
C:\Users\nihar\Documents\ML Projects\Deep Learning Projects\Dog Emotion Detection\Final dog dataset\Final dog dataset\relaxed\39292389930_1d19f6c8c8_b.jpg,relaxed
C:\Users\nihar\Documents\ML Projects\Deep Learning Projects\Dog Emotion Detection\Final dog dataset\Final dog dataset\happy\7183431316_4d3914c9c7_b.jpg,happy
C:\Users\nihar\Documents\ML Projects\Deep Learning Projects\Dog Emotion Detection\Final dog dataset\Final dog dataset\happy\htdp1YZbIIJgiAMdHHk4GqXbPGDyeE593.jpg,happy
C:\Users\nihar\Documents\ML Projects\Deep Learning Projects\Dog Emotion Detection\Final dog dataset\Final dog dataset\angry\xrRjiUTvK0XU95wyRXLP6pMEgipAXa937.jpg,angry
C:\Users\nihar\Documents\ML Projects\Deep Learning Projects\Dog Emotion Detection\Final dog dataset\Final dog dataset\sad\WEuTKDVoWlDEYeLJwlakaWvouug3sC857.jpg,sad
C:\Users\nihar\Documents\ML Projects\Deep Learning Projects\Dog Emotion Detection\Final dog dataset\Final dog dataset\sad\vuaxqIdECKzXjPe2DdVHwowLjFHt0X269.jpg,sad
C:\Users\nihar\Documents\ML Projects\Deep Learning Projects\Dog Emotion Detection\Final dog dataset\Final dog dataset\relaxed\4992734827_5ea8573d4e_b.jpg,relaxed
C:\Users\nihar\Documents\ML Projects\Deep Learning Projects\Dog Emotion Detection\Final dog dataset\Final dog dataset\happy\9585252222_c3e50ff280_b.jpg,happy
C:\Users\nihar\Documents\ML Projects\Deep Learning Projects\Dog Emotion Detection\Final dog dataset\Final dog dataset\angry\2hFcQKYGlSslGwu63BIf3S80N0BTdi591.jpg,angry
C:\Users\nihar\Documents\ML Projects\Deep Learning Projects\Dog Emotion Detection\Final dog dataset\Final dog dataset\relaxed\8196405674_958a46fa98_b.jpg,relaxed
C:\Users\nihar\Documents\ML Projects\Deep Learning Projects\Dog Emotion Detection\Final dog dataset\Final dog dataset\sad\FVPKOeoDTHWP7b42fgvwO0EeRcsUji673.jpg,sad
C:\Users\nihar\Documents\ML Projects\Deep Learning Projects\Dog Emotion Detection\Final dog dataset\Final dog dataset\relaxed\40533726223_fc6bda5b0b_b.jpg,relaxed
C:\Users\nihar\Documents\ML Projects\Deep Learning Projects\Dog Emotion Detection\Final dog dataset\Final dog dataset\sad\GjuKkoO3hB2juvBBuzHwVUem1JqVZ2132.jpg,sad
C:\Users\nihar\Documents\ML Projects\Deep Learning Projects\Dog Emotion Detection\Final dog dataset\Final dog dataset\happy\38zYeDdjuXyTLIezb72M4sfBXetAxS311.jpg,happy
C:\Users\nihar\Documents\ML Projects\Deep Learning Projects\Dog Emotion Detection\Final dog dataset\Final dog dataset\happy\9JpxlrHnDasjbYq6uGNSBUWTQ5Z1px963.jpg,happy
C:\Users\nihar\Documents\ML Projects\Deep Learning Projects\Dog Emotion Detection\Final dog dataset\Final dog dataset\happy\6076616083_59e84f67c6_b.jpg,happy
C:\Users\nihar\Documents\ML Projects\Deep Learning Projects\Dog Emotion Detection\Final dog dataset\Final dog dataset\relaxed\8512148450_da210c401a_b.jpg,relaxed
C:\Users\nihar\Documents\ML Projects\Deep Learning Projects\Dog Emotion Detection\Final dog dataset\Final dog dataset\relaxed\4577933745_b8c45da05c_b.jpg,relaxed
C:\Users\nihar\Documents\ML Projects\Deep Learning Projects\Dog Emotion Detection\Final dog dataset\Final dog dataset\sad\3uKYH3D8yJNyqw2iL9WMCzSMXShsof445.jpg,sad
C:\Users\nihar\Documents\ML Projects\Deep Learning Projects\Dog Emotion Detection\Final dog dataset\Final dog dataset\relaxed\6280223769_0f68815442_b.jpg,relaxed
C:\Users\nihar\Documents\ML Projects\Deep Learning Projects\Dog Emotion Detection\Final dog dataset\Final dog dataset\happy\k9o0PsPAvnASdMg3u0IsVdmAj4Ljp8347.jpg,happy
C:\Users\nihar\Documents\ML Projects\Deep Learning Projects\Dog Emotion Detection\Final dog dataset\Final dog dataset\angry\RD5aAnVTw8o3DkFJau05786rKeNnu6669.jpg,angry
C:\Users\nihar\Documents\ML Projects\Deep Learning Projects\Dog Emotion Detection\Final dog dataset\Final dog dataset\relaxed\8643500908_c31131e275_b.jpg,relaxed
C:\Users\nihar\Documents\ML Projects\Deep Learning Projects\Dog Emotion Detection\Final dog dataset\Final dog dataset\sad\9gT5oWThvD9zkxapcEttoObkDvaxGu517.jpg,sad
C:\Users\nihar\Documents\ML Projects\Deep Learning Projects\Dog Emotion Detection\Final dog dataset\Final dog dataset\angry\tbV4sXdCkvNMF8teX3jxmIiFA4K2du924.jpg,angry
C:\Users\nihar\Documents\ML Projects\Deep Learning Projects\Dog Emotion Detection\Final dog dataset\Final dog dataset\angry\jajPUoe4S71l1D8y5rDMv8nQN5tI9z801.jpg,angry
C:\Users\nihar\Documents\ML Projects\Deep Learning Projects\Dog Emotion Detection\Final dog dataset\Final dog dataset\sad\C7CbbORDg3qn5Te7PsD3fIhwbRanY930.jpg,sad
C:\Users\nihar\Documents\ML Projects\Deep Learning Projects\Dog Emotion Detection\Final dog dataset\Final dog dataset\happy\917209976_79550b488e_b.jpg,happy
C:\Users\nihar\Documents\ML Projects\Deep Learning Projects\Dog Emotion Detection\Final dog dataset\Final dog dataset\happy\BZXm8J4BL1nO2v3EV7wnJUmwiJTKYL154.jpg,happy
C:\Users\nihar\Documents\ML Projects\Deep Learning Projects\Dog Emotion Detection\Final dog dataset\Final dog dataset\angry\WF93V9fIrJJTi78WZBxQMjHZlEvclR982.jpg,angry
C:\Users\nihar\Documents\ML Projects\Deep Learning Projects\Dog Emotion Detection\Final dog dataset\Final dog dataset\angry\pejzsO9Vnik9i2NCSkiMACxfMXbWp065.jpg,angry
C:\Users\nihar\Documents\ML Projects\Deep Learning Projects\Dog Emotion Detection\Final dog dataset\Final dog dataset\angry\7kgoRu1DY8ZxkMR5NFI6ZQV3yqbdPj707.jpg,angry
C:\Users\nihar\Documents\ML Projects\Deep Learning Projects\Dog Emotion Detection\Final dog dataset\Final dog dataset\angry\jDuqFcUbULIf5ujnu6TVZqGOaxTWWH957.jpg,angry
C:\Users\nihar\Documents\ML Projects\Deep Learning Projects\Dog Emotion Detection\Final dog dataset\Final dog dataset\sad\9HjLNNcgIlul3UQfe5ilManpCcaR0K796.jpg,sad
C:\Users\nihar\Documents\ML Projects\Deep Learning Projects\Dog Emotion Detection\Final dog dataset\Final dog dataset\happy\bIqzT2klTTqZuKkYY2LoomFXZpBYNL295.jpg,happy
C:\Users\nihar\Documents\ML Projects\Deep Learning Projects\Dog Emotion Detection\Final dog dataset\Final dog dataset\sad\6VEfp5DBo3QzFuLL0jVpU84UxNFpkl208.jpg,sad
C:\Users\nihar\Documents\ML Projects\Deep Learning Projects\Dog Emotion Detection\Final dog dataset\Final dog dataset\relaxed\7662329670_cc81f57489_b.jpg,relaxed
C:\Users\nihar\Documents\ML Projects\Deep Learning Projects\Dog Emotion Detection\Final dog dataset\Final dog dataset\sad\x5mw4MKJLTyyKk0UuLFATRtLNTxGPw523.jpg,sad
C:\Users\nihar\Documents\ML Projects\Deep Learning Projects\Dog Emotion Detection\Final dog dataset\Final dog dataset\angry\5Dpz615tGJN4c1l2abT73RdqbziwqC41.jpg,angry
C:\Users\nihar\Documents\ML Projects\Deep Learning Projects\Dog Emotion Detection\Final dog dataset\Final dog dataset\relaxed\9885101675_8aaa6fd7f0_b.jpg,relaxed
C:\Users\nihar\Documents\ML Projects\Deep Learning Projects\Dog Emotion Detection\Final dog dataset\Final dog dataset\sad\j82DN7llq2hokDdsWlKkqoZE9cJjTh249.jpg,sad
C:\Users\nihar\Documents\ML Projects\Deep Learning Projects\Dog Emotion Detection\Final dog dataset\Final dog dataset\relaxed\38371434521_e811c47e96_b.jpg,relaxed
C:\Users\nihar\Documents\ML Projects\Deep Learning Projects\Dog Emotion Detection\Final dog dataset\Final dog dataset\angry\u0qo75yC4JoRaasmPm4XDK4PpudN7n114.jpg,angry
C:\Users\nihar\Documents\ML Projects\Deep Learning Projects\Dog Emotion Detection\Final dog dataset\Final dog dataset\relaxed\6819420_3e8e60d23d_b.jpg,relaxed
C:\Users\nihar\Documents\ML Projects\Deep Learning Projects\Dog Emotion Detection\Final dog dataset\Final dog dataset\happy\bKHJQhwkJ5j4s7PKcVTzkctJ9YJKtv697.jpg,happy
C:\Users\nihar\Documents\ML Projects\Deep Learning Projects\Dog Emotion Detection\Final dog dataset\Final dog dataset\angry\0TSpHUDh1xIQthYrtH8E1UZQ72rcTZ68.jpg,angry
C:\Users\nihar\Documents\ML Projects\Deep Learning Projects\Dog Emotion Detection\Final dog dataset\Final dog dataset\relaxed\5595253989_89927a5b5c_b.jpg,relaxed
C:\Users\nihar\Documents\ML Projects\Deep Learning Projects\Dog Emotion Detection\Final dog dataset\Final dog dataset\angry\ERx1p7TvPOFgAnCQGnOYeUIHpTfiCs732.jpg,angry
C:\Users\nihar\Documents\ML Projects\Deep Learning Projects\Dog Emotion Detection\Final dog dataset\Final dog dataset\happy\5807641609_9607da7e29_b.jpg,happy
C:\Users\nihar\Documents\ML Projects\Deep Learning Projects\Dog Emotion Detection\Final dog dataset\Final dog dataset\happy\6433306687_c7cd64c3d9_b.jpg,happy
C:\Users\nihar\Documents\ML Projects\Deep Learning Projects\Dog Emotion Detection\Final dog dataset\Final dog dataset\happy\8489018007_ebe50dc5d3_b.jpg,happy
C:\Users\nihar\Documents\ML Projects\Deep Learning Projects\Dog Emotion Detection\Final dog dataset\Final dog dataset\sad\RE8i41RAc8vjWKA7unRC1EFRSdUYNZ139.jpg,sad
C:\Users\nihar\Documents\ML Projects\Deep Learning Projects\Dog Emotion Detection\Final dog dataset\Final dog dataset\sad\r8kB2VcjBioQBiqiRJp7PHZRD8XzyR945.jpg,sad
C:\Users\nihar\Documents\ML Projects\Deep Learning Projects\Dog Emotion Detection\Final dog dataset\Final dog dataset\relaxed\8298884072_c5c74e6963_b.jpg,relaxed
C:\Users\nihar\Documents\ML Projects\Deep Learning Projects\Dog Emotion Detection\Final dog dataset\Final dog dataset\sad\N0umUMAiDAgd7TgEMWIBZubHMMX10j771.jpg,sad
C:\Users\nihar\Documents\ML Projects\Deep Learning Projects\Dog Emotion Detection\Final dog dataset\Final dog dataset\happy\9fazSvmxewPVSEtwjHEi8QWi8xTeYL594.jpg,happy
C:\Users\nihar\Documents\ML Projects\Deep Learning Projects\Dog Emotion Detection\Final dog dataset\Final dog dataset\relaxed\5513078014_7b98e8f830_b.jpg,relaxed
C:\Users\nihar\Documents\ML Projects\Deep Learning Projects\Dog Emotion Detection\Final dog dataset\Final dog dataset\relaxed\8281214260_5851f522e9_b.jpg,relaxed
C:\Users\nihar\Documents\ML Projects\Deep Learning Projects\Dog Emotion Detection\Final dog dataset\Final dog dataset\sad\Hfww9MnAqNofjb1AY3RDAWhscJ8Mp9589.jpg,sad
C:\Users\nihar\Documents\ML Projects\Deep Learning Projects\Dog Emotion Detection\Final dog dataset\Final dog dataset\happy\daFbErDWFAt3FfZW5pj1Uw5dqAT0ra290.jpg,happy
C:\Users\nihar\Documents\ML Projects\Deep Learning Projects\Dog Emotion Detection\Final dog dataset\Final dog dataset\angry\x7I3GghzHWjgznIGS0ecotHckMZbVv119.jpg,angry
C:\Users\nihar\Documents\ML Projects\Deep Learning Projects\Dog Emotion Detection\Final dog dataset\Final dog dataset\relaxed\43823887232_c467f1ea56_b.jpg,relaxed
C:\Users\nihar\Documents\ML Projects\Deep Learning Projects\Dog Emotion Detection\Final dog dataset\Final dog dataset\angry\YlBU4AEekJCnjjYN42A8qIhqNg1Cwc75.jpg,angry
C:\Users\nihar\Documents\ML Projects\Deep Learning Projects\Dog Emotion Detection\Final dog dataset\Final dog dataset\angry\LyaitoUM0u2wuzefg0TMRXE8DskJro242.jpg,angry
C:\Users\nihar\Documents\ML Projects\Deep Learning Projects\Dog Emotion Detection\Final dog dataset\Final dog dataset\relaxed\48742959037_0bb17f7c08_b.jpg,relaxed
C:\Users\nihar\Documents\ML Projects\Deep Learning Projects\Dog Emotion Detection\Final dog dataset\Final dog dataset\happy\Gjv65hMHEKg9oddwUumKomOLvZB6Uy749.jpg,happy
C:\Users\nihar\Documents\ML Projects\Deep Learning Projects\Dog Emotion Detection\Final dog dataset\Final dog dataset\angry\gKujaBuWYezz0yWK9ydTFVi6LbQtXe397.jpg,angry
C:\Users\nihar\Documents\ML Projects\Deep Learning Projects\Dog Emotion Detection\Final dog dataset\Final dog dataset\relaxed\9113225685_61c98f02cb_b.jpg,relaxed
C:\Users\nihar\Documents\ML Projects\Deep Learning Projects\Dog Emotion Detection\Final dog dataset\Final dog dataset\sad\AcqIMIe0EO85n5kad3LIgRWPOH23i6330.jpg,sad
C:\Users\nihar\Documents\ML Projects\Deep Learning Projects\Dog Emotion Detection\Final dog dataset\Final dog dataset\angry\mCG0lJXrjt6YLE6kvZ7wiZ8OOXgSua275.jpg,angry
C:\Users\nihar\Documents\ML Projects\Deep Learning Projects\Dog Emotion Detection\Final dog dataset\Final dog dataset\happy\7614893_be25818711_b.jpg,happy
C:\Users\nihar\Documents\ML Projects\Deep Learning Projects\Dog Emotion Detection\Final dog dataset\Final dog dataset\happy\5557638486_7b85033093_b.jpg,happy
C:\Users\nihar\Documents\ML Projects\Deep Learning Projects\Dog Emotion Detection\Final dog dataset\Final dog dataset\relaxed\8709533530_e34bb478a5_b.jpg,relaxed
C:\Users\nihar\Documents\ML Projects\Deep Learning Projects\Dog Emotion Detection\Final dog dataset\Final dog dataset\sad\ROfXz9AZ66owZM5vYs4HwdanlTc7PO421.jpg,sad
C:\Users\nihar\Documents\ML Projects\Deep Learning Projects\Dog Emotion Detection\Final dog dataset\Final dog dataset\sad\RHvVewiINdjzzjlCHPzDzjzsBWxKSC36.jpg,sad
C:\Users\nihar\Documents\ML Projects\Deep Learning Projects\Dog Emotion Detection\Final dog dataset\Final dog dataset\relaxed\8647553314_24203a4dd8_b.jpg,relaxed
C:\Users\nihar\Documents\ML Projects\Deep Learning Projects\Dog Emotion Detection\Final dog dataset\Final dog dataset\sad\FGa2j5XiadcJ48nKoNivCLrsYhHXd7270.jpg,sad
C:\Users\nihar\Documents\ML Projects\Deep Learning Projects\Dog Emotion Detection\Final dog dataset\Final dog dataset\sad\tde2Ib02eUWfa2nluw2HeQ08ymv0HH21.jpg,sad
C:\Users\nihar\Documents\ML Projects\Deep Learning Projects\Dog Emotion Detection\Final dog dataset\Final dog dataset\sad\ZjJyQWitnClIbmF1hbjdWdYkFlZB8R529.jpg,sad
C:\Users\nihar\Documents\ML Projects\Deep Learning Projects\Dog Emotion Detection\Final dog dataset\Final dog dataset\happy\gjUIgU93FdFRSt0Vrh4b7SxpKY76o3127.jpg,happy
C:\Users\nihar\Documents\ML Projects\Deep Learning Projects\Dog Emotion Detection\Final dog dataset\Final dog dataset\relaxed\6933561059_8a7850bd7a_b.jpg,relaxed
C:\Users\nihar\Documents\ML Projects\Deep Learning Projects\Dog Emotion Detection\Final dog dataset\Final dog dataset\happy\Gku6GiJp0y3zE5mG2cTsXz13rweKpt173.jpg,happy
C:\Users\nihar\Documents\ML Projects\Deep Learning Projects\Dog Emotion Detection\Final dog dataset\Final dog dataset\relaxed\37794526876_8dcd469ab7_b.jpg,relaxed
C:\Users\nihar\Documents\ML Projects\Deep Learning Projects\Dog Emotion Detection\Final dog dataset\Final dog dataset\angry\H9NjmbT1xyWDug8DnPp8lzjpNZgyFL194.jpg,angry
C:\Users\nihar\Documents\ML Projects\Deep Learning Projects\Dog Emotion Detection\Final dog dataset\Final dog dataset\sad\Tsg66HMi18oPpWfNLJ7TCwcsorQcBY841.jpg,sad
C:\Users\nihar\Documents\ML Projects\Deep Learning Projects\Dog Emotion Detection\Final dog dataset\Final dog dataset\happy\7303083004_66722c92d0_b.jpg,happy
C:\Users\nihar\Documents\ML Projects\Deep Learning Projects\Dog Emotion Detection\Final dog dataset\Final dog dataset\happy\BPsVD2p48EwwwTMKP9ZUH1GU2Q6Dza823.jpg,happy
C:\Users\nihar\Documents\ML Projects\Deep Learning Projects\Dog Emotion Detection\Final dog dataset\Final dog dataset\angry\n43aMy5R6aBl64hve19JEwQ5JCgB6J889.jpg,angry
C:\Users\nihar\Documents\ML Projects\Deep Learning Projects\Dog Emotion Detection\Final dog dataset\Final dog dataset\relaxed\5326311273_99b934768f_b.jpg,relaxed
C:\Users\nihar\Documents\ML Projects\Deep Learning Projects\Dog Emotion Detection\Final dog dataset\Final dog dataset\relaxed\5946816709_42ae1118f0_b.jpg,relaxed
C:\Users\nihar\Documents\ML Projects\Deep Learning Projects\Dog Emotion Detection\Final dog dataset\Final dog dataset\relaxed\6597967485_04535da2c2_b.jpg,relaxed
C:\Users\nihar\Documents\ML Projects\Deep Learning Projects\Dog Emotion Detection\Final dog dataset\Final dog dataset\relaxed\46802268621_5a58e10f21_b.jpg,relaxed
C:\Users\nihar\Documents\ML Projects\Deep Learning Projects\Dog Emotion Detection\Final dog dataset\Final dog dataset\sad\3f3Mk0TatDsTmRrXZiSAg1EraxY6vA898.jpg,sad
C:\Users\nihar\Documents\ML Projects\Deep Learning Projects\Dog Emotion Detection\Final dog dataset\Final dog dataset\happy\6801353062_1c97e095c5_b.jpg,happy
C:\Users\nihar\Documents\ML Projects\Deep Learning Projects\Dog Emotion Detection\Final dog dataset\Final dog dataset\sad\rCKQPhupX6oyxVytQ54zDxifkEEHxI93.jpg,sad
C:\Users\nihar\Documents\ML Projects\Deep Learning Projects\Dog Emotion Detection\Final dog dataset\Final dog dataset\sad\9702256221_4b47843413_b.jpg,sad
C:\Users\nihar\Documents\ML Projects\Deep Learning Projects\Dog Emotion Detection\Final dog dataset\Final dog dataset\happy\2bVW67KtR6xL7eph5kzXcLeBMoGojl273.jpg,happy
C:\Users\nihar\Documents\ML Projects\Deep Learning Projects\Dog Emotion Detection\Final dog dataset\Final dog dataset\happy\g2j5pNDTYWRheF3DCzvXXa4gFHI8IT230.jpg,happy
C:\Users\nihar\Documents\ML Projects\Deep Learning Projects\Dog Emotion Detection\Final dog dataset\Final dog dataset\relaxed\4045169052_105dc30bc4_b.jpg,relaxed
C:\Users\nihar\Documents\ML Projects\Deep Learning Projects\Dog Emotion Detection\Final dog dataset\Final dog dataset\happy\4wmUrmlvdrWwc4Awq8zNDXT32vYVq3746.jpg,happy
C:\Users\nihar\Documents\ML Projects\Deep Learning Projects\Dog Emotion Detection\Final dog dataset\Final dog dataset\sad\BbDDSWEJNro5700YGGGBO7B9eomdta518.jpg,sad
C:\Users\nihar\Documents\ML Projects\Deep Learning Projects\Dog Emotion Detection\Final dog dataset\Final dog dataset\happy\5PX4M4jg5tPf8X4PnLmHzDK3wbBdbW469.jpg,happy
C:\Users\nihar\Documents\ML Projects\Deep Learning Projects\Dog Emotion Detection\Final dog dataset\Final dog dataset\sad\lJYCk0fVYwGslGMiRlqxq8xW1kJLwv547.jpg,sad
C:\Users\nihar\Documents\ML Projects\Deep Learning Projects\Dog Emotion Detection\Final dog dataset\Final dog dataset\relaxed\8345418887_1bfb365296_b.jpg,relaxed
C:\Users\nihar\Documents\ML Projects\Deep Learning Projects\Dog Emotion Detection\Final dog dataset\Final dog dataset\sad\TBHxNdGmF7iooYlZSbT3PqOxOpzdLx786.jpg,sad
C:\Users\nihar\Documents\ML Projects\Deep Learning Projects\Dog Emotion Detection\Final dog dataset\Final dog dataset\happy\494DATG3Szy8VBdHx2moJ3Nha47KZY181.jpg,happy
C:\Users\nihar\Documents\ML Projects\Deep Learning Projects\Dog Emotion Detection\Final dog dataset\Final dog dataset\happy\cYi8eStDzX3GxXWpozlS1uCIVoDK8I833.jpg,happy
C:\Users\nihar\Documents\ML Projects\Deep Learning Projects\Dog Emotion Detection\Final dog dataset\Final dog dataset\angry\acMfmHckmhOdg55fv9nwAoG4fnDKAv593.jpg,angry
C:\Users\nihar\Documents\ML Projects\Deep Learning Projects\Dog Emotion Detection\Final dog dataset\Final dog dataset\sad\cAosgE0LxGSgw404tNhhS2OoQbnvwX147.jpg,sad
C:\Users\nihar\Documents\ML Projects\Deep Learning Projects\Dog Emotion Detection\Final dog dataset\Final dog dataset\sad\QfYeX0BOjfKGG2J3sOeQnpcHCHIw8K23.jpg,sad
C:\Users\nihar\Documents\ML Projects\Deep Learning Projects\Dog Emotion Detection\Final dog dataset\Final dog dataset\sad\0ETqMMxPKidOGu2sPtsziVYQzTA58F460.jpg,sad
C:\Users\nihar\Documents\ML Projects\Deep Learning Projects\Dog Emotion Detection\Final dog dataset\Final dog dataset\relaxed\9108527232_c17f08e113_b.jpg,relaxed
C:\Users\nihar\Documents\ML Projects\Deep Learning Projects\Dog Emotion Detection\Final dog dataset\Final dog dataset\angry\NXPtwOy8t0GwmiAs5YQkdOwoqzOVJa500.jpg,angry
C:\Users\nihar\Documents\ML Projects\Deep Learning Projects\Dog Emotion Detection\Final dog dataset\Final dog dataset\happy\8695977884_4fc9907727_b.jpg,happy
C:\Users\nihar\Documents\ML Projects\Deep Learning Projects\Dog Emotion Detection\Final dog dataset\Final dog dataset\angry\siKnZp8SbqiV7HpDPttPdEwG95U0vU823.jpg,angry
C:\Users\nihar\Documents\ML Projects\Deep Learning Projects\Dog Emotion Detection\Final dog dataset\Final dog dataset\happy\674624411_94a87aa45e_b.jpg,happy
C:\Users\nihar\Documents\ML Projects\Deep Learning Projects\Dog Emotion Detection\Final dog dataset\Final dog dataset\angry\yLVpgPD9klsyWE6W9vGrf2MjHaykjV859.jpg,angry
C:\Users\nihar\Documents\ML Projects\Deep Learning Projects\Dog Emotion Detection\Final dog dataset\Final dog dataset\sad\gzCeSBVVc5GVwa6icHOJqecMtT1uC5482.jpg,sad
C:\Users\nihar\Documents\ML Projects\Deep Learning Projects\Dog Emotion Detection\Final dog dataset\Final dog dataset\angry\Ls6E7eiCAn56QLjegLh8mziMFchClk923.jpg,angry
C:\Users\nihar\Documents\ML Projects\Deep Learning Projects\Dog Emotion Detection\Final dog dataset\Final dog dataset\angry\NeAg0HOfU95tVnhpK8vGACmWdATG9p435.jpg,angry
C:\Users\nihar\Documents\ML Projects\Deep Learning Projects\Dog Emotion Detection\Final dog dataset\Final dog dataset\happy\6134670468_aa9ee0b69c_b.jpg,happy
C:\Users\nihar\Documents\ML Projects\Deep Learning Projects\Dog Emotion Detection\Final dog dataset\Final dog dataset\happy\6068278733_107b0e495b_b.jpg,happy
C:\Users\nihar\Documents\ML Projects\Deep Learning Projects\Dog Emotion Detection\Final dog dataset\Final dog dataset\relaxed\9193355488_10ed654168_b.jpg,relaxed
C:\Users\nihar\Documents\ML Projects\Deep Learning Projects\Dog Emotion Detection\Final dog dataset\Final dog dataset\angry\maeieAnmwvx5ttnvnO0CrXGFQdrXu2550.jpg,angry
C:\Users\nihar\Documents\ML Projects\Deep Learning Projects\Dog Emotion Detection\Final dog dataset\Final dog dataset\angry\pXiZfUiIqEya8hafdwqJQBG31I5xHQ835.jpeg,angry
C:\Users\nihar\Documents\ML Projects\Deep Learning Projects\Dog Emotion Detection\Final dog dataset\Final dog dataset\sad\hRknJLsJsOq7l8gj0uqWcmb6xPZzGX378.jpg,sad
C:\Users\nihar\Documents\ML Projects\Deep Learning Projects\Dog Emotion Detection\Final dog dataset\Final dog dataset\happy\cM6ABUSDzugP4R6kGIP65E4XDKSVrQ229.jpg,happy
C:\Users\nihar\Documents\ML Projects\Deep Learning Projects\Dog Emotion Detection\Final dog dataset\Final dog dataset\happy\55491077_c76029dc83_b.jpg,happy
C:\Users\nihar\Documents\ML Projects\Deep Learning Projects\Dog Emotion Detection\Final dog dataset\Final dog dataset\relaxed\32035890701_05ebdcd07d_b.jpg,relaxed
C:\Users\nihar\Documents\ML Projects\Deep Learning Projects\Dog Emotion Detection\Final dog dataset\Final dog dataset\happy\6156566792_973d9578e4_b.jpg,happy
C:\Users\nihar\Documents\ML Projects\Deep Learning Projects\Dog Emotion Detection\Final dog dataset\Final dog dataset\relaxed\9110424805_14e29150ef_b.jpg,relaxed
C:\Users\nihar\Documents\ML Projects\Deep Learning Projects\Dog Emotion Detection\Final dog dataset\Final dog dataset\sad\RlOOsDgNzRuyktEMqdQWpZMpSm0gA1196.jpg,sad
C:\Users\nihar\Documents\ML Projects\Deep Learning Projects\Dog Emotion Detection\Final dog dataset\Final dog dataset\angry\7p0ocgRn42u21i2utwENqotyqJoX6P751.jpg,angry
C:\Users\nihar\Documents\ML Projects\Deep Learning Projects\Dog Emotion Detection\Final dog dataset\Final dog dataset\angry\tpxentpoQU19WTdWTRSdZaTakeZwMT341.jpg,angry
C:\Users\nihar\Documents\ML Projects\Deep Learning Projects\Dog Emotion Detection\Final dog dataset\Final dog dataset\sad\pctvkpVolYTQSt1Kg3NtWXMfOoLuMu943.jpg,sad
C:\Users\nihar\Documents\ML Projects\Deep Learning Projects\Dog Emotion Detection\Final dog dataset\Final dog dataset\relaxed\33344718415_c5a47925ba_b.jpg,relaxed
C:\Users\nihar\Documents\ML Projects\Deep Learning Projects\Dog Emotion Detection\Final dog dataset\Final dog dataset\happy\5907316196_091d265c05_b.jpg,happy
C:\Users\nihar\Documents\ML Projects\Deep Learning Projects\Dog Emotion Detection\Final dog dataset\Final dog dataset\happy\HIkwcqDuDr8wBX6OXLr0in2AEQLtPS988.jpg,happy
C:\Users\nihar\Documents\ML Projects\Deep Learning Projects\Dog Emotion Detection\Final dog dataset\Final dog dataset\angry\wJgoAhINzizB2irbMeFDusaK9BvQVr596.jpg,angry
C:\Users\nihar\Documents\ML Projects\Deep Learning Projects\Dog Emotion Detection\Final dog dataset\Final dog dataset\angry\8662418512_d6a91a5b3c_b.jpg,angry
C:\Users\nihar\Documents\ML Projects\Deep Learning Projects\Dog Emotion Detection\Final dog dataset\Final dog dataset\angry\QsrjDBPYKsTrfkSAWTTR7RMyEWY5mp269.jpg,angry
C:\Users\nihar\Documents\ML Projects\Deep Learning Projects\Dog Emotion Detection\Final dog dataset\Final dog dataset\sad\NRqiN915kSesxRgiDRvde1oZxD5KbF175.jpg,sad
C:\Users\nihar\Documents\ML Projects\Deep Learning Projects\Dog Emotion Detection\Final dog dataset\Final dog dataset\sad\MElJTOpKCoCwGTo72fcoLtDUMTujjD467.jpg,sad
C:\Users\nihar\Documents\ML Projects\Deep Learning Projects\Dog Emotion Detection\Final dog dataset\Final dog dataset\sad\WscnAZkP4JoYvV1oSuriiOxRLQOrH3594.jpg,sad
C:\Users\nihar\Documents\ML Projects\Deep Learning Projects\Dog Emotion Detection\Final dog dataset\Final dog dataset\angry\Q5rX4HrXozFXvazibYdezc2Au7qXaC415.jpg,angry
C:\Users\nihar\Documents\ML Projects\Deep Learning Projects\Dog Emotion Detection\Final dog dataset\Final dog dataset\angry\hQOuvAs6UrZ0MsloZWgCi6IzoasaUD927.jpg,angry
C:\Users\nihar\Documents\ML Projects\Deep Learning Projects\Dog Emotion Detection\Final dog dataset\Final dog dataset\angry\Ef5tOHbFYi3daLM5AG3oiykQconKrz257.jpg,angry
C:\Users\nihar\Documents\ML Projects\Deep Learning Projects\Dog Emotion Detection\Final dog dataset\Final dog dataset\relaxed\8121272944_095ed6f540_b.jpg,relaxed
C:\Users\nihar\Documents\ML Projects\Deep Learning Projects\Dog Emotion Detection\Final dog dataset\Final dog dataset\sad\4paM8KicZAq1adYwyE7TLxjU8S1E24424.jpg,sad
C:\Users\nihar\Documents\ML Projects\Deep Learning Projects\Dog Emotion Detection\Final dog dataset\Final dog dataset\relaxed\9470532797_b04f205d2e_b.jpg,relaxed
C:\Users\nihar\Documents\ML Projects\Deep Learning Projects\Dog Emotion Detection\Final dog dataset\Final dog dataset\sad\0o4s7LdH0JljYwA5n0IitUSPbLUyCx334.jpg,sad
C:\Users\nihar\Documents\ML Projects\Deep Learning Projects\Dog Emotion Detection\Final dog dataset\Final dog dataset\angry\2Z3F76YYccn0y2EIi94q4LtiToKJ5A367.jpg,angry
C:\Users\nihar\Documents\ML Projects\Deep Learning Projects\Dog Emotion Detection\Final dog dataset\Final dog dataset\sad\qAem6FCgaP7HRr4QQw1fQqMqV0ScAi82.jpg,sad
C:\Users\nihar\Documents\ML Projects\Deep Learning Projects\Dog Emotion Detection\Final dog dataset\Final dog dataset\happy\3wnIBkTvpF98XFYb99ReKL52GORUbi643.jpg,happy
C:\Users\nihar\Documents\ML Projects\Deep Learning Projects\Dog Emotion Detection\Final dog dataset\Final dog dataset\angry\xXJOay3JV2Q231llHTS53UCA9hY62r862.jpg,angry
C:\Users\nihar\Documents\ML Projects\Deep Learning Projects\Dog Emotion Detection\Final dog dataset\Final dog dataset\angry\uyR1pgXRIT4ahYoMAgnT0nEbpf4iP7601.jpg,angry
C:\Users\nihar\Documents\ML Projects\Deep Learning Projects\Dog Emotion Detection\Final dog dataset\Final dog dataset\happy\6779903294_12145a34d2_b.jpg,happy
C:\Users\nihar\Documents\ML Projects\Deep Learning Projects\Dog Emotion Detection\Final dog dataset\Final dog dataset\happy\6080022906_bf87ca2372_b.jpg,happy
C:\Users\nihar\Documents\ML Projects\Deep Learning Projects\Dog Emotion Detection\Final dog dataset\Final dog dataset\angry\0da4j6Ehkb6Ml0YBRiWmsBU2wEMoXP409.jpg,angry
C:\Users\nihar\Documents\ML Projects\Deep Learning Projects\Dog Emotion Detection\Final dog dataset\Final dog dataset\sad\8RQ1J4x6Eb3CRKZ1XAMsUeHr16JuUw343.jpg,sad
C:\Users\nihar\Documents\ML Projects\Deep Learning Projects\Dog Emotion Detection\Final dog dataset\Final dog dataset\happy\ALtNe7EsD5vihMWy77wOpPZDZeeW6L609.jpg,happy
C:\Users\nihar\Documents\ML Projects\Deep Learning Projects\Dog Emotion Detection\Final dog dataset\Final dog dataset\sad\BJKxxDcYysImPFuFn41xiIPkv2KfzH43.jpg,sad
C:\Users\nihar\Documents\ML Projects\Deep Learning Projects\Dog Emotion Detection\Final dog dataset\Final dog dataset\relaxed\4921539428_2800fa10dc_b.jpg,relaxed
C:\Users\nihar\Documents\ML Projects\Deep Learning Projects\Dog Emotion Detection\Final dog dataset\Final dog dataset\sad\8EjWL5ATOQpZfCk9C3XEcDgjIK2Xil336.jpg,sad
C:\Users\nihar\Documents\ML Projects\Deep Learning Projects\Dog Emotion Detection\Final dog dataset\Final dog dataset\sad\UT54MUgAk4N29F16yhVhxaHEO8LNrk636.jpg,sad
C:\Users\nihar\Documents\ML Projects\Deep Learning Projects\Dog Emotion Detection\Final dog dataset\Final dog dataset\relaxed\6106224171_a21585644c_b.jpg,relaxed
C:\Users\nihar\Documents\ML Projects\Deep Learning Projects\Dog Emotion Detection\Final dog dataset\Final dog dataset\sad\8RpBP22CUyZTk1zfPYRIbyK8p5cRxd934.jpg,sad
C:\Users\nihar\Documents\ML Projects\Deep Learning Projects\Dog Emotion Detection\Final dog dataset\Final dog dataset\happy\5882479333_0c97516c95_b.jpg,happy
C:\Users\nihar\Documents\ML Projects\Deep Learning Projects\Dog Emotion Detection\Final dog dataset\Final dog dataset\angry\Wra9QMIjoZ5hUtLKwTfo4q3py9dzzZ910.jpg,angry
C:\Users\nihar\Documents\ML Projects\Deep Learning Projects\Dog Emotion Detection\Final dog dataset\Final dog dataset\angry\rJkQFqbGY2KPI7zU2UhNgHEu6Z8lKn315.jpg,angry
C:\Users\nihar\Documents\ML Projects\Deep Learning Projects\Dog Emotion Detection\Final dog dataset\Final dog dataset\happy\e5PaCaKOxLPIHQ2thgkXc8r7Alt3Ma358.jpg,happy
C:\Users\nihar\Documents\ML Projects\Deep Learning Projects\Dog Emotion Detection\Final dog dataset\Final dog dataset\relaxed\5117610700_a4bbd1031e_b.jpg,relaxed
C:\Users\nihar\Documents\ML Projects\Deep Learning Projects\Dog Emotion Detection\Final dog dataset\Final dog dataset\relaxed\7301310674_926c58c7c8_b.jpg,relaxed
C:\Users\nihar\Documents\ML Projects\Deep Learning Projects\Dog Emotion Detection\Final dog dataset\Final dog dataset\relaxed\5165160313_326b8f4b85_b.jpg,relaxed
C:\Users\nihar\Documents\ML Projects\Deep Learning Projects\Dog Emotion Detection\Final dog dataset\Final dog dataset\relaxed\43153754694_3612911a9c_b.jpg,relaxed
C:\Users\nihar\Documents\ML Projects\Deep Learning Projects\Dog Emotion Detection\Final dog dataset\Final dog dataset\happy\6150823493_76550e6c55_b.jpg,happy
C:\Users\nihar\Documents\ML Projects\Deep Learning Projects\Dog Emotion Detection\Final dog dataset\Final dog dataset\sad\fOJd8VYCriYzURuuF1baJIntim0KwN457.jpg,sad
C:\Users\nihar\Documents\ML Projects\Deep Learning Projects\Dog Emotion Detection\Final dog dataset\Final dog dataset\angry\NvPIrKlM2DHAonhMtKOUqwgcPK1slR538.jpg,angry
C:\Users\nihar\Documents\ML Projects\Deep Learning Projects\Dog Emotion Detection\Final dog dataset\Final dog dataset\angry\33729675412_8b01529c68_b.jpg,angry
C:\Users\nihar\Documents\ML Projects\Deep Learning Projects\Dog Emotion Detection\Final dog dataset\Final dog dataset\angry\XBJzvyX3erjsMILKgz6E34hmWn2I8C571.jpg,angry
C:\Users\nihar\Documents\ML Projects\Deep Learning Projects\Dog Emotion Detection\Final dog dataset\Final dog dataset\relaxed\33581037483_56b5f00b08_b.jpg,relaxed
C:\Users\nihar\Documents\ML Projects\Deep Learning Projects\Dog Emotion Detection\Final dog dataset\Final dog dataset\relaxed\8458125115_4dc302102c_b.jpg,relaxed
C:\Users\nihar\Documents\ML Projects\Deep Learning Projects\Dog Emotion Detection\Final dog dataset\Final dog dataset\happy\hUS9UhZYCk7kze4cRHlFvtMh8ff2SK960.jpg,happy
C:\Users\nihar\Documents\ML Projects\Deep Learning Projects\Dog Emotion Detection\Final dog dataset\Final dog dataset\angry\wliFNU7C6abdsG4ObFTl2dYJOuDoAG791.jpg,angry
C:\Users\nihar\Documents\ML Projects\Deep Learning Projects\Dog Emotion Detection\Final dog dataset\Final dog dataset\happy\6041627396_d29b393680_b.jpg,happy
C:\Users\nihar\Documents\ML Projects\Deep Learning Projects\Dog Emotion Detection\Final dog dataset\Final dog dataset\happy\6224478496_eb33d3eb38_b.jpg,happy
C:\Users\nihar\Documents\ML Projects\Deep Learning Projects\Dog Emotion Detection\Final dog dataset\Final dog dataset\relaxed\6517307377_8c019890e5_b.jpg,relaxed
C:\Users\nihar\Documents\ML Projects\Deep Learning Projects\Dog Emotion Detection\Final dog dataset\Final dog dataset\happy\ksWG5LAKw7kQLnJyQnnuVbRvBtcSzR764.jpg,happy
C:\Users\nihar\Documents\ML Projects\Deep Learning Projects\Dog Emotion Detection\Final dog dataset\Final dog dataset\happy\2PMycjJEDQtHeUtWu81squhGQ64Tb3186.jpg,happy
C:\Users\nihar\Documents\ML Projects\Deep Learning Projects\Dog Emotion Detection\Final dog dataset\Final dog dataset\relaxed\8091650252_991a82d052_b.jpg,relaxed
C:\Users\nihar\Documents\ML Projects\Deep Learning Projects\Dog Emotion Detection\Final dog dataset\Final dog dataset\angry\iPRnkU6VKcRID7gAlkW9zxDC8wPsf246.jpg,angry
C:\Users\nihar\Documents\ML Projects\Deep Learning Projects\Dog Emotion Detection\Final dog dataset\Final dog dataset\relaxed\6895098608_cc9a615724_b.jpg,relaxed
C:\Users\nihar\Documents\ML Projects\Deep Learning Projects\Dog Emotion Detection\Final dog dataset\Final dog dataset\relaxed\51889998098_1370dfdeeb_b.jpg,relaxed
C:\Users\nihar\Documents\ML Projects\Deep Learning Projects\Dog Emotion Detection\Final dog dataset\Final dog dataset\angry\16heO5kSK7rXDMjxWdswQGMHmWLkiJ361.jpg,angry
C:\Users\nihar\Documents\ML Projects\Deep Learning Projects\Dog Emotion Detection\Final dog dataset\Final dog dataset\angry\rLqErb64qfLq56WuPk6sxbWq3hI4mW952.jpg,angry
C:\Users\nihar\Documents\ML Projects\Deep Learning Projects\Dog Emotion Detection\Final dog dataset\Final dog dataset\angry\2G9O3I44mYAOEwzH1kXPGqK7ol9yiT175.jpg,angry
C:\Users\nihar\Documents\ML Projects\Deep Learning Projects\Dog Emotion Detection\Final dog dataset\Final dog dataset\sad\2tI5rzTkbnW06zNntBUcjrlcqXb9vu712.jpg,sad
C:\Users\nihar\Documents\ML Projects\Deep Learning Projects\Dog Emotion Detection\Final dog dataset\Final dog dataset\sad\sLlmPNOM5v8llP9AjF7QUEBbkmg0vc111.jpg,sad
C:\Users\nihar\Documents\ML Projects\Deep Learning Projects\Dog Emotion Detection\Final dog dataset\Final dog dataset\relaxed\9537895392_598e0fde08_b.jpg,relaxed
C:\Users\nihar\Documents\ML Projects\Deep Learning Projects\Dog Emotion Detection\Final dog dataset\Final dog dataset\angry\mlLdct7Icc4Hi5tpiPPxRcu1W7M5CI309.jpg,angry
C:\Users\nihar\Documents\ML Projects\Deep Learning Projects\Dog Emotion Detection\Final dog dataset\Final dog dataset\relaxed\5666195629_a38c490ccf_b.jpg,relaxed
C:\Users\nihar\Documents\ML Projects\Deep Learning Projects\Dog Emotion Detection\Final dog dataset\Final dog dataset\angry\zi3LaIlhPHBP3PWDNSmpuroziOPitS832.jpg,angry
C:\Users\nihar\Documents\ML Projects\Deep Learning Projects\Dog Emotion Detection\Final dog dataset\Final dog dataset\happy\iiy4llBau4X00yBU28m9xD6tbb5JL6948.jpg,happy
C:\Users\nihar\Documents\ML Projects\Deep Learning Projects\Dog Emotion Detection\Final dog dataset\Final dog dataset\happy\K7p4yGXnUm52HWAANexbjTpWzgIsLp781.jpg,happy
C:\Users\nihar\Documents\ML Projects\Deep Learning Projects\Dog Emotion Detection\Final dog dataset\Final dog dataset\angry\mVs1crgCcWj0BVv59GQHMmbfUOc6Yl72.jpg,angry
C:\Users\nihar\Documents\ML Projects\Deep Learning Projects\Dog Emotion Detection\Final dog dataset\Final dog dataset\relaxed\8629683061_1c16a61f2e_b.jpg,relaxed
C:\Users\nihar\Documents\ML Projects\Deep Learning Projects\Dog Emotion Detection\Final dog dataset\Final dog dataset\happy\dpwqgSLwQiVy4GaWt4Yps4YngWZPyj782.jpg,happy
C:\Users\nihar\Documents\ML Projects\Deep Learning Projects\Dog Emotion Detection\Final dog dataset\Final dog dataset\sad\wrwLggAp6uAwMDLHys8LvwyrpoHCE9568.jpg,sad
C:\Users\nihar\Documents\ML Projects\Deep Learning Projects\Dog Emotion Detection\Final dog dataset\Final dog dataset\sad\B23ShgYvBhaxrJjfisQ8kkpvJVfnDG67.jpg,sad
C:\Users\nihar\Documents\ML Projects\Deep Learning Projects\Dog Emotion Detection\Final dog dataset\Final dog dataset\sad\F32jDpWVYpt6ePUr2m3lnwpWWMpIQW702.jpg,sad
C:\Users\nihar\Documents\ML Projects\Deep Learning Projects\Dog Emotion Detection\Final dog dataset\Final dog dataset\angry\DlR7hNDRakf7ayHuCAM3FL6WbTpBlZ522.jpg,angry
C:\Users\nihar\Documents\ML Projects\Deep Learning Projects\Dog Emotion Detection\Final dog dataset\Final dog dataset\sad\D4t5FXzpjfJyo1cfXsG06WV8QaEoR526.jpg,sad
C:\Users\nihar\Documents\ML Projects\Deep Learning Projects\Dog Emotion Detection\Final dog dataset\Final dog dataset\angry\V9EQIK4Y1HX2nRffDzZ27TF3hwy3uY541.jpg,angry
C:\Users\nihar\Documents\ML Projects\Deep Learning Projects\Dog Emotion Detection\Final dog dataset\Final dog dataset\happy\8254300340_664feb15a9_b.jpg,happy
C:\Users\nihar\Documents\ML Projects\Deep Learning Projects\Dog Emotion Detection\Final dog dataset\Final dog dataset\relaxed\6786502454_bdb790413b_b.jpg,relaxed
C:\Users\nihar\Documents\ML Projects\Deep Learning Projects\Dog Emotion Detection\Final dog dataset\Final dog dataset\angry\AEnTfpFil6XLbN4DAVLeZuKQwbAmG8796.jpg,angry
C:\Users\nihar\Documents\ML Projects\Deep Learning Projects\Dog Emotion Detection\Final dog dataset\Final dog dataset\sad\6oOi5vYLtVXiF8FdtGW4irmh1MSFHM725.jpg,sad
C:\Users\nihar\Documents\ML Projects\Deep Learning Projects\Dog Emotion Detection\Final dog dataset\Final dog dataset\happy\d9qhec2CJS8n98Y4TMxraWay8Wnh0g149.jpg,happy
C:\Users\nihar\Documents\ML Projects\Deep Learning Projects\Dog Emotion Detection\Final dog dataset\Final dog dataset\sad\04SQoOw0cFD5lsACrLRCmUWFPu16AU746.jpg,sad
C:\Users\nihar\Documents\ML Projects\Deep Learning Projects\Dog Emotion Detection\Final dog dataset\Final dog dataset\sad\ITevmW4jcrXDpSB6WtszMBmiO3yZSA983.jpg,sad
C:\Users\nihar\Documents\ML Projects\Deep Learning Projects\Dog Emotion Detection\Final dog dataset\Final dog dataset\angry\pNDEn4TUdAIasHNlAU7L6VfGhcIsAZ471.jpg,angry
C:\Users\nihar\Documents\ML Projects\Deep Learning Projects\Dog Emotion Detection\Final dog dataset\Final dog dataset\relaxed\8267535_22a618a7bd_b.jpg,relaxed
C:\Users\nihar\Documents\ML Projects\Deep Learning Projects\Dog Emotion Detection\Final dog dataset\Final dog dataset\sad\utxVDTEu39jH0HseHCjBQz2dEU7TFC224.jpg,sad
C:\Users\nihar\Documents\ML Projects\Deep Learning Projects\Dog Emotion Detection\Final dog dataset\Final dog dataset\happy\7577868678_e182a98661_b.jpg,happy
C:\Users\nihar\Documents\ML Projects\Deep Learning Projects\Dog Emotion Detection\Final dog dataset\Final dog dataset\angry\NTeJP9ghExQ7KPwmLsGXJVf4LXb1kV759.jpg,angry
C:\Users\nihar\Documents\ML Projects\Deep Learning Projects\Dog Emotion Detection\Final dog dataset\Final dog dataset\sad\WsIch7M69HqB4rJzUiPx6tUnG2Myo3730.jpg,sad
C:\Users\nihar\Documents\ML Projects\Deep Learning Projects\Dog Emotion Detection\Final dog dataset\Final dog dataset\happy\fOcjsYKFuK1IEl3Xc4x1qU7MSjzKYp667.jpg,happy
C:\Users\nihar\Documents\ML Projects\Deep Learning Projects\Dog Emotion Detection\Final dog dataset\Final dog dataset\happy\HQ34WNTsi3aa4XREJSuZcY8LeZKOUj689.jpg,happy
C:\Users\nihar\Documents\ML Projects\Deep Learning Projects\Dog Emotion Detection\Final dog dataset\Final dog dataset\relaxed\375087564_c22d5f05d4_b.jpg,relaxed
C:\Users\nihar\Documents\ML Projects\Deep Learning Projects\Dog Emotion Detection\Final dog dataset\Final dog dataset\angry\8lhI1maFpnn6MqVnc6tOLmJvgqxKdp501.jpg,angry
C:\Users\nihar\Documents\ML Projects\Deep Learning Projects\Dog Emotion Detection\Final dog dataset\Final dog dataset\sad\jrH1eN78tXT5fZXmsdlWtZHWeh13yd902.jpg,sad
C:\Users\nihar\Documents\ML Projects\Deep Learning Projects\Dog Emotion Detection\Final dog dataset\Final dog dataset\sad\hr4nsGLxlYBc37bQBqk8k7AEwVXzcn371.jpg,sad
C:\Users\nihar\Documents\ML Projects\Deep Learning Projects\Dog Emotion Detection\Final dog dataset\Final dog dataset\sad\yYZf3VCINhGPqBcJIWqRptHg3Dwljx210.jpg,sad
C:\Users\nihar\Documents\ML Projects\Deep Learning Projects\Dog Emotion Detection\Final dog dataset\Final dog dataset\relaxed\34661921_d146699d70_b.jpg,relaxed
C:\Users\nihar\Documents\ML Projects\Deep Learning Projects\Dog Emotion Detection\Final dog dataset\Final dog dataset\sad\4deVu3uBXvIphFDank4m3An6hEob92986.jpg,sad
C:\Users\nihar\Documents\ML Projects\Deep Learning Projects\Dog Emotion Detection\Final dog dataset\Final dog dataset\happy\3g2aTvQ5CCdQjTx6EQhZS9hf6Wai87941.jpg,happy
C:\Users\nihar\Documents\ML Projects\Deep Learning Projects\Dog Emotion Detection\Final dog dataset\Final dog dataset\sad\YW45DmujoU0Lvnf4MJVzXVRBFofc0Z276.jpg,sad
C:\Users\nihar\Documents\ML Projects\Deep Learning Projects\Dog Emotion Detection\Final dog dataset\Final dog dataset\angry\BJJI9j4I3XCBdLphUN8XDg1nFz9Woq834.jpg,angry
C:\Users\nihar\Documents\ML Projects\Deep Learning Projects\Dog Emotion Detection\Final dog dataset\Final dog dataset\happy\6129166887_91b6e90706_b.jpg,happy
C:\Users\nihar\Documents\ML Projects\Deep Learning Projects\Dog Emotion Detection\Final dog dataset\Final dog dataset\happy\3xk8U7bwmo6N8xe1TfqXxHV333CbC4457.jpg,happy
C:\Users\nihar\Documents\ML Projects\Deep Learning Projects\Dog Emotion Detection\Final dog dataset\Final dog dataset\angry\s9h3BIrMAwRgrU8LDwbElvAvcwcrcd116.jpg,angry
C:\Users\nihar\Documents\ML Projects\Deep Learning Projects\Dog Emotion Detection\Final dog dataset\Final dog dataset\sad\nsaravXbjQn3jBkBqbTFAk72SR1UtP199.jpg,sad
C:\Users\nihar\Documents\ML Projects\Deep Learning Projects\Dog Emotion Detection\Final dog dataset\Final dog dataset\angry\OyaMvidfjszM74xztUr4SwdPLyqcUh609.jpg,angry
C:\Users\nihar\Documents\ML Projects\Deep Learning Projects\Dog Emotion Detection\Final dog dataset\Final dog dataset\angry\bC5bbTAvOo29y2ApPRvRYMgB1PmNcK878.jpg,angry
C:\Users\nihar\Documents\ML Projects\Deep Learning Projects\Dog Emotion Detection\Final dog dataset\Final dog dataset\angry\FmfBJf2InwmopYOCoFFEwCjB5XoX1l543.jpg,angry
C:\Users\nihar\Documents\ML Projects\Deep Learning Projects\Dog Emotion Detection\Final dog dataset\Final dog dataset\relaxed\6817032113_165e14b468_b.jpg,relaxed
C:\Users\nihar\Documents\ML Projects\Deep Learning Projects\Dog Emotion Detection\Final dog dataset\Final dog dataset\sad\pLXNaU9whWJRj2nkI9Pd3qOCVfqQKS375.jpg,sad
C:\Users\nihar\Documents\ML Projects\Deep Learning Projects\Dog Emotion Detection\Final dog dataset\Final dog dataset\sad\qazajGGHPGW1DQ1S1dGpvaEUexkENa20.jpg,sad
C:\Users\nihar\Documents\ML Projects\Deep Learning Projects\Dog Emotion Detection\Final dog dataset\Final dog dataset\happy\5784170822_206d9e6d87_b.jpg,happy
C:\Users\nihar\Documents\ML Projects\Deep Learning Projects\Dog Emotion Detection\Final dog dataset\Final dog dataset\sad\sCCn1NKgdNszwZHxqbOh9yjCzT64pL69.jpg,sad
C:\Users\nihar\Documents\ML Projects\Deep Learning Projects\Dog Emotion Detection\Final dog dataset\Final dog dataset\sad\uVxfNtfPrLxpe0wkyRaVYlqkl7ooZT390.jpg,sad
C:\Users\nihar\Documents\ML Projects\Deep Learning Projects\Dog Emotion Detection\Final dog dataset\Final dog dataset\relaxed\6915387428_52c17ec090_b.jpg,relaxed
C:\Users\nihar\Documents\ML Projects\Deep Learning Projects\Dog Emotion Detection\Final dog dataset\Final dog dataset\sad\zKN82igZzVGjgFc0PffIgggyzLQUMY386.jpg,sad
C:\Users\nihar\Documents\ML Projects\Deep Learning Projects\Dog Emotion Detection\Final dog dataset\Final dog dataset\happy\5820257982_d420644fb3_b.jpg,happy
C:\Users\nihar\Documents\ML Projects\Deep Learning Projects\Dog Emotion Detection\Final dog dataset\Final dog dataset\relaxed\6627029867_54cbd22755_b.jpg,relaxed
C:\Users\nihar\Documents\ML Projects\Deep Learning Projects\Dog Emotion Detection\Final dog dataset\Final dog dataset\relaxed\43731141435_0865328c09_b.jpg,relaxed
C:\Users\nihar\Documents\ML Projects\Deep Learning Projects\Dog Emotion Detection\Final dog dataset\Final dog dataset\happy\6880897926_7ec52a47ac_b.jpg,happy
C:\Users\nihar\Documents\ML Projects\Deep Learning Projects\Dog Emotion Detection\Final dog dataset\Final dog dataset\sad\EY4edhN4qRVPiisIXn33Ie20xAkeF0625.jpg,sad
C:\Users\nihar\Documents\ML Projects\Deep Learning Projects\Dog Emotion Detection\Final dog dataset\Final dog dataset\angry\16667165295_6396abb83c_b.jpg,angry
C:\Users\nihar\Documents\ML Projects\Deep Learning Projects\Dog Emotion Detection\Final dog dataset\Final dog dataset\sad\bCjngCUbcfpIwdsDIHOfmcuYdp1RXB324.jpg,sad
C:\Users\nihar\Documents\ML Projects\Deep Learning Projects\Dog Emotion Detection\Final dog dataset\Final dog dataset\sad\z5WGO0AefIC8OITvH7mwiOQ71yhXEP338.jpg,sad
C:\Users\nihar\Documents\ML Projects\Deep Learning Projects\Dog Emotion Detection\Final dog dataset\Final dog dataset\angry\mZbzt56DBg0cF6mGJEuBA6wZH2wgnv993.jpg,angry
C:\Users\nihar\Documents\ML Projects\Deep Learning Projects\Dog Emotion Detection\Final dog dataset\Final dog dataset\angry\qXPzVuwf6GlLw57binPSLDt0MzIg7q477.jpg,angry
C:\Users\nihar\Documents\ML Projects\Deep Learning Projects\Dog Emotion Detection\Final dog dataset\Final dog dataset\sad\MvdLRAr0F48v5HXosS1Nd9rpa4hJZ5756.jpg,sad
C:\Users\nihar\Documents\ML Projects\Deep Learning Projects\Dog Emotion Detection\Final dog dataset\Final dog dataset\sad\9DdBMrzlZbAxhquR8iZvO0fA414qYA353.jpg,sad
C:\Users\nihar\Documents\ML Projects\Deep Learning Projects\Dog Emotion Detection\Final dog dataset\Final dog dataset\sad\NZ5iivP4n4nNbF4ut4Us5BLqPQkM9640.jpg,sad
C:\Users\nihar\Documents\ML Projects\Deep Learning Projects\Dog Emotion Detection\Final dog dataset\Final dog dataset\happy\8K9SdcGKtIXkzBSzLx5zRFwxYLwLuw998.jpg,happy
C:\Users\nihar\Documents\ML Projects\Deep Learning Projects\Dog Emotion Detection\Final dog dataset\Final dog dataset\happy\2D8jUt58l5H0Dqfbes9UA7EEghaB3X938.jpg,happy
C:\Users\nihar\Documents\ML Projects\Deep Learning Projects\Dog Emotion Detection\Final dog dataset\Final dog dataset\sad\17NQPAP6MB8ELjaVGdOUSPwBQdP44M640.jpg,sad
C:\Users\nihar\Documents\ML Projects\Deep Learning Projects\Dog Emotion Detection\Final dog dataset\Final dog dataset\relaxed\504289508_f54c9fbbce_b.jpg,relaxed
C:\Users\nihar\Documents\ML Projects\Deep Learning Projects\Dog Emotion Detection\Final dog dataset\Final dog dataset\angry\vhIPRQ1ft5SKWI0UQSOH6Q2xsBtq1I848.jpg,angry
C:\Users\nihar\Documents\ML Projects\Deep Learning Projects\Dog Emotion Detection\Final dog dataset\Final dog dataset\sad\IG6WNYtvnuTqG5Sp1bdEcPiHVrCEZq363.jpg,sad
C:\Users\nihar\Documents\ML Projects\Deep Learning Projects\Dog Emotion Detection\Final dog dataset\Final dog dataset\angry\cNXEDaKkIIc5FauFLg9ioD8Hz4iXS4336.jpg,angry
C:\Users\nihar\Documents\ML Projects\Deep Learning Projects\Dog Emotion Detection\Final dog dataset\Final dog dataset\relaxed\37948505141_62ca145368_b.jpg,relaxed
C:\Users\nihar\Documents\ML Projects\Deep Learning Projects\Dog Emotion Detection\Final dog dataset\Final dog dataset\sad\imQjD1UBMmynXWmBReXzHUnH5ttAoi383.jpg,sad
C:\Users\nihar\Documents\ML Projects\Deep Learning Projects\Dog Emotion Detection\Final dog dataset\Final dog dataset\happy\h3XlN1S7rBZIeAuR1nyEqEWtRbzLa4807.jpg,happy
C:\Users\nihar\Documents\ML Projects\Deep Learning Projects\Dog Emotion Detection\Final dog dataset\Final dog dataset\relaxed\5993988136_2667b00ea0_b.jpg,relaxed
C:\Users\nihar\Documents\ML Projects\Deep Learning Projects\Dog Emotion Detection\Final dog dataset\Final dog dataset\sad\y3gJ0TIVRzLc1C3dCoF2qYly36KEfQ4.jpg,sad
C:\Users\nihar\Documents\ML Projects\Deep Learning Projects\Dog Emotion Detection\Final dog dataset\Final dog dataset\sad\L67EH28ubKkljjkgFuvIWFkCJNMPYU563.jpg,sad
C:\Users\nihar\Documents\ML Projects\Deep Learning Projects\Dog Emotion Detection\Final dog dataset\Final dog dataset\relaxed\47535826002_acc69597c7_b.jpg,relaxed
C:\Users\nihar\Documents\ML Projects\Deep Learning Projects\Dog Emotion Detection\Final dog dataset\Final dog dataset\relaxed\38462293585_10970a1e51_b.jpg,relaxed
C:\Users\nihar\Documents\ML Projects\Deep Learning Projects\Dog Emotion Detection\Final dog dataset\Final dog dataset\happy\dCl2k9TnPpJbc2IqR8ymllozjQFBaC49.jpg,happy
C:\Users\nihar\Documents\ML Projects\Deep Learning Projects\Dog Emotion Detection\Final dog dataset\Final dog dataset\relaxed\8571065590_f12e56144a_b.jpg,relaxed
C:\Users\nihar\Documents\ML Projects\Deep Learning Projects\Dog Emotion Detection\Final dog dataset\Final dog dataset\happy\56UpTuGmYHwGdoJ37XaoQF9lAbFTX0576.jpg,happy
C:\Users\nihar\Documents\ML Projects\Deep Learning Projects\Dog Emotion Detection\Final dog dataset\Final dog dataset\sad\LjhmQzvTPHeTDeKzQmNLBwT3zIAoAA622.jpg,sad
C:\Users\nihar\Documents\ML Projects\Deep Learning Projects\Dog Emotion Detection\Final dog dataset\Final dog dataset\angry\Leypjn8ApsBc4EG7eO4WzBrbFrD8T4147.jpg,angry
C:\Users\nihar\Documents\ML Projects\Deep Learning Projects\Dog Emotion Detection\Final dog dataset\Final dog dataset\happy\26aBvOWVhZxMSoRVmSIrZaRxUl1674741.jpg,happy
C:\Users\nihar\Documents\ML Projects\Deep Learning Projects\Dog Emotion Detection\Final dog dataset\Final dog dataset\sad\YXm1yRBZHayakSo6LcwEnnHWWuMRDA156.jpg,sad
C:\Users\nihar\Documents\ML Projects\Deep Learning Projects\Dog Emotion Detection\Final dog dataset\Final dog dataset\relaxed\8275004139_1583d74835_b.jpg,relaxed
C:\Users\nihar\Documents\ML Projects\Deep Learning Projects\Dog Emotion Detection\Final dog dataset\Final dog dataset\sad\V1jbLTcrLFvWyEhT1G24G2KfZM9EDb524.jpg,sad
C:\Users\nihar\Documents\ML Projects\Deep Learning Projects\Dog Emotion Detection\Final dog dataset\Final dog dataset\angry\Q773fKybIo3dIU81lTIEEaw35ZSRBb331.jpg,angry
C:\Users\nihar\Documents\ML Projects\Deep Learning Projects\Dog Emotion Detection\Final dog dataset\Final dog dataset\sad\qCxTAVHSu2x9KOgSazbxQ3yseQ60ig138.jpg,sad
C:\Users\nihar\Documents\ML Projects\Deep Learning Projects\Dog Emotion Detection\Final dog dataset\Final dog dataset\happy\6777453349_611b98c4e2_b.jpg,happy
C:\Users\nihar\Documents\ML Projects\Deep Learning Projects\Dog Emotion Detection\Final dog dataset\Final dog dataset\happy\6186074839_ab91519f49_b.jpg,happy
C:\Users\nihar\Documents\ML Projects\Deep Learning Projects\Dog Emotion Detection\Final dog dataset\Final dog dataset\happy\8309004723_a754868503_b.jpg,happy
C:\Users\nihar\Documents\ML Projects\Deep Learning Projects\Dog Emotion Detection\Final dog dataset\Final dog dataset\sad\N47gvVC8Q2cFx282rKiZkiwjSDoPmM861.jpg,sad
C:\Users\nihar\Documents\ML Projects\Deep Learning Projects\Dog Emotion Detection\Final dog dataset\Final dog dataset\happy\92zXIN5qtBtteU0b7vJUAHXBLBprxo396.jpg,happy
C:\Users\nihar\Documents\ML Projects\Deep Learning Projects\Dog Emotion Detection\Final dog dataset\Final dog dataset\sad\WgtPxTErWUvcv7SWYFQnAoLbSmNthe847.jpg,sad
C:\Users\nihar\Documents\ML Projects\Deep Learning Projects\Dog Emotion Detection\Final dog dataset\Final dog dataset\happy\7249743396_31c926956b_b.jpg,happy
C:\Users\nihar\Documents\ML Projects\Deep Learning Projects\Dog Emotion Detection\Final dog dataset\Final dog dataset\sad\udkKt3GDsqJSAnDQKcfvRbUETZ1gNz531.jpg,sad
C:\Users\nihar\Documents\ML Projects\Deep Learning Projects\Dog Emotion Detection\Final dog dataset\Final dog dataset\relaxed\91925867_c01afc9d59_b.jpg,relaxed
C:\Users\nihar\Documents\ML Projects\Deep Learning Projects\Dog Emotion Detection\Final dog dataset\Final dog dataset\happy\APXjEfKnyCWslxInIeNVvCV4l1u8IZ703.jpg,happy
C:\Users\nihar\Documents\ML Projects\Deep Learning Projects\Dog Emotion Detection\Final dog dataset\Final dog dataset\angry\AI9XBay20Bdr43BpcQ5CLfvosKnv3S370.jpg,angry
C:\Users\nihar\Documents\ML Projects\Deep Learning Projects\Dog Emotion Detection\Final dog dataset\Final dog dataset\happy\DMADAZpWZTkEoZKa7iQzZzMcnP1lW1725.jpg,happy
C:\Users\nihar\Documents\ML Projects\Deep Learning Projects\Dog Emotion Detection\Final dog dataset\Final dog dataset\happy\2bTgz4J27gn7fzsSfJmH1qBrZk1L0G759.jpg,happy
C:\Users\nihar\Documents\ML Projects\Deep Learning Projects\Dog Emotion Detection\Final dog dataset\Final dog dataset\sad\Esc7t98qr7ul66xw3zgvIJ8QGFB8iz540.jpg,sad
C:\Users\nihar\Documents\ML Projects\Deep Learning Projects\Dog Emotion Detection\Final dog dataset\Final dog dataset\relaxed\9466110689_afb1bf7d9e_b.jpg,relaxed
C:\Users\nihar\Documents\ML Projects\Deep Learning Projects\Dog Emotion Detection\Final dog dataset\Final dog dataset\sad\W2GPlmr9vGsrZBJTSzsFfthUqt6kGB79.jpg,sad
C:\Users\nihar\Documents\ML Projects\Deep Learning Projects\Dog Emotion Detection\Final dog dataset\Final dog dataset\angry\XXN27VSvtmq29rEi7HCih24TVPnTcU542.jpg,angry
C:\Users\nihar\Documents\ML Projects\Deep Learning Projects\Dog Emotion Detection\Final dog dataset\Final dog dataset\happy\L7yAKtAUpgmFFL4p52JKKvxA7DrLN2767.jpg,happy
C:\Users\nihar\Documents\ML Projects\Deep Learning Projects\Dog Emotion Detection\Final dog dataset\Final dog dataset\sad\3n69bCitNSUAssFn1sKp04PUurB7oF268.jpg,sad
C:\Users\nihar\Documents\ML Projects\Deep Learning Projects\Dog Emotion Detection\Final dog dataset\Final dog dataset\happy\jzVOD5SyMgr8Idb0NiP1cBNNvDwAVD720.jpg,happy
C:\Users\nihar\Documents\ML Projects\Deep Learning Projects\Dog Emotion Detection\Final dog dataset\Final dog dataset\relaxed\43383599992_a26fc9ee38_b.jpg,relaxed
C:\Users\nihar\Documents\ML Projects\Deep Learning Projects\Dog Emotion Detection\Final dog dataset\Final dog dataset\angry\61bxpaxUsNxoe4lACCwEWOp2KmwOBK123.jpg,angry
C:\Users\nihar\Documents\ML Projects\Deep Learning Projects\Dog Emotion Detection\Final dog dataset\Final dog dataset\sad\sim2TUAzOLiQZkuMjFkz6DNGavrl9486.jpg,sad
C:\Users\nihar\Documents\ML Projects\Deep Learning Projects\Dog Emotion Detection\Final dog dataset\Final dog dataset\relaxed\6888023592_13a760f864_b.jpg,relaxed
C:\Users\nihar\Documents\ML Projects\Deep Learning Projects\Dog Emotion Detection\Final dog dataset\Final dog dataset\sad\dEh1CZbhLQPppzl0qT9Q8a0MNLyT1e829.jpg,sad
C:\Users\nihar\Documents\ML Projects\Deep Learning Projects\Dog Emotion Detection\Final dog dataset\Final dog dataset\sad\GozwJlSBpI8jdXjeYtyVMx2Bi7KwfK979.jpg,sad
C:\Users\nihar\Documents\ML Projects\Deep Learning Projects\Dog Emotion Detection\Final dog dataset\Final dog dataset\angry\DTpJgFAOWeCDGgcXU1PbXjvfdCvSio578.jpg,angry
C:\Users\nihar\Documents\ML Projects\Deep Learning Projects\Dog Emotion Detection\Final dog dataset\Final dog dataset\angry\6gXpX9sOFx5FPp8W29lde9rwdhr239280.jpg,angry
C:\Users\nihar\Documents\ML Projects\Deep Learning Projects\Dog Emotion Detection\Final dog dataset\Final dog dataset\happy\8508936268_9a74e0acd4_b.jpg,happy
C:\Users\nihar\Documents\ML Projects\Deep Learning Projects\Dog Emotion Detection\Final dog dataset\Final dog dataset\happy\8502124376_380b07b6bb_b.jpg,happy
C:\Users\nihar\Documents\ML Projects\Deep Learning Projects\Dog Emotion Detection\Final dog dataset\Final dog dataset\happy\bZiFPv1vXpdGGoC7sHhsHmA6eroVOe865.jpg,happy
C:\Users\nihar\Documents\ML Projects\Deep Learning Projects\Dog Emotion Detection\Final dog dataset\Final dog dataset\angry\o3HK2UyDkTpf2LhWyUuWFSqyx4gWZM727.jpg,angry
C:\Users\nihar\Documents\ML Projects\Deep Learning Projects\Dog Emotion Detection\Final dog dataset\Final dog dataset\angry\pOLowTI4qOC0d7kjKI2cMJBob6NCkW969.jpg,angry
C:\Users\nihar\Documents\ML Projects\Deep Learning Projects\Dog Emotion Detection\Final dog dataset\Final dog dataset\happy\DdesEaZTjWHZzyzcQfYo04mGN9zWiS285.jpg,happy
C:\Users\nihar\Documents\ML Projects\Deep Learning Projects\Dog Emotion Detection\Final dog dataset\Final dog dataset\sad\DjLk7Z9aL9NbaSwI7eFlkvWhE0SbrG519.jpg,sad
C:\Users\nihar\Documents\ML Projects\Deep Learning Projects\Dog Emotion Detection\Final dog dataset\Final dog dataset\relaxed\3894295218_daf123ffa4_b.jpg,relaxed
C:\Users\nihar\Documents\ML Projects\Deep Learning Projects\Dog Emotion Detection\Final dog dataset\Final dog dataset\relaxed\43352824480_4042ed8989_b.jpg,relaxed
C:\Users\nihar\Documents\ML Projects\Deep Learning Projects\Dog Emotion Detection\Final dog dataset\Final dog dataset\angry\IwXOktWTJoxWhGB4gsudHNbhVZV1l0869.jpg,angry
C:\Users\nihar\Documents\ML Projects\Deep Learning Projects\Dog Emotion Detection\Final dog dataset\Final dog dataset\happy\6175018371_0650ab684e_b.jpg,happy
C:\Users\nihar\Documents\ML Projects\Deep Learning Projects\Dog Emotion Detection\Final dog dataset\Final dog dataset\relaxed\46491041881_00c1337bec_b.jpg,relaxed
C:\Users\nihar\Documents\ML Projects\Deep Learning Projects\Dog Emotion Detection\Final dog dataset\Final dog dataset\relaxed\9377521768_0e5ab93c48_b.jpg,relaxed
C:\Users\nihar\Documents\ML Projects\Deep Learning Projects\Dog Emotion Detection\Final dog dataset\Final dog dataset\happy\D3OPpemWNjkrSmKLfRVREKxAyrZt5B55.jpg,happy
C:\Users\nihar\Documents\ML Projects\Deep Learning Projects\Dog Emotion Detection\Final dog dataset\Final dog dataset\sad\d0g8et2JQ4qSVzB9mmG7lWFK5RkBwW840.jpg,sad
C:\Users\nihar\Documents\ML Projects\Deep Learning Projects\Dog Emotion Detection\Final dog dataset\Final dog dataset\sad\rMv90hFpD0k6LfNrheiRIIfyFKryAK350.jpg,sad
C:\Users\nihar\Documents\ML Projects\Deep Learning Projects\Dog Emotion Detection\Final dog dataset\Final dog dataset\relaxed\3722699499_80163b859f_b.jpg,relaxed
C:\Users\nihar\Documents\ML Projects\Deep Learning Projects\Dog Emotion Detection\Final dog dataset\Final dog dataset\sad\9738964106_52c054e86e_b.jpg,sad
C:\Users\nihar\Documents\ML Projects\Deep Learning Projects\Dog Emotion Detection\Final dog dataset\Final dog dataset\sad\TIJWCyGzM82LVurygn57osgr1IkNp9420.jpg,sad
C:\Users\nihar\Documents\ML Projects\Deep Learning Projects\Dog Emotion Detection\Final dog dataset\Final dog dataset\sad\Az8c0gtQX6YEYkqr19XHE67PUVZqlZ662.jpg,sad
C:\Users\nihar\Documents\ML Projects\Deep Learning Projects\Dog Emotion Detection\Final dog dataset\Final dog dataset\angry\kPoCYU4iqUrjRb62qgOqBT7SXs5bTh460.jpg,angry
C:\Users\nihar\Documents\ML Projects\Deep Learning Projects\Dog Emotion Detection\Final dog dataset\Final dog dataset\relaxed\4861539954_ae01c35cfd_b.jpg,relaxed
C:\Users\nihar\Documents\ML Projects\Deep Learning Projects\Dog Emotion Detection\Final dog dataset\Final dog dataset\happy\7401271440_d14887507e_b.jpg,happy
C:\Users\nihar\Documents\ML Projects\Deep Learning Projects\Dog Emotion Detection\Final dog dataset\Final dog dataset\sad\2JRdOs8ES06LXCBdkloluZm48XtsL0853.jpg,sad
C:\Users\nihar\Documents\ML Projects\Deep Learning Projects\Dog Emotion Detection\Final dog dataset\Final dog dataset\relaxed\3671883235_12a21673aa_b.jpg,relaxed
C:\Users\nihar\Documents\ML Projects\Deep Learning Projects\Dog Emotion Detection\Final dog dataset\Final dog dataset\angry\xyds1Rc0qnwV57gO4NZ0AbJpewMRNi199.jpg,angry
C:\Users\nihar\Documents\ML Projects\Deep Learning Projects\Dog Emotion Detection\Final dog dataset\Final dog dataset\sad\WcaAat6DjcfdgdrbJ3DnFQeKXuH7jD578.jpg,sad
C:\Users\nihar\Documents\ML Projects\Deep Learning Projects\Dog Emotion Detection\Final dog dataset\Final dog dataset\angry\pmKpu8yX4eI3wqMIPzrqksQ4r3ZOYP631.jpg,angry
C:\Users\nihar\Documents\ML Projects\Deep Learning Projects\Dog Emotion Detection\Final dog dataset\Final dog dataset\relaxed\5361947128_26b69847d8_b.jpg,relaxed
C:\Users\nihar\Documents\ML Projects\Deep Learning Projects\Dog Emotion Detection\Final dog dataset\Final dog dataset\sad\q47KsrgR3uyffFuptQ3am1xBX7NloV676.jpg,sad
C:\Users\nihar\Documents\ML Projects\Deep Learning Projects\Dog Emotion Detection\Final dog dataset\Final dog dataset\happy\gN8H0TxtpQUW4DFMePdkn7mSEUzWe0488.jpg,happy
C:\Users\nihar\Documents\ML Projects\Deep Learning Projects\Dog Emotion Detection\Final dog dataset\Final dog dataset\angry\e8mjf8UbQJWmHqPV1RmoY5GeBcSWxa44.jpg,angry
C:\Users\nihar\Documents\ML Projects\Deep Learning Projects\Dog Emotion Detection\Final dog dataset\Final dog dataset\happy\BPFZNVGrEmzwNOipeQwIBJRGOduydK510.jpg,happy
C:\Users\nihar\Documents\ML Projects\Deep Learning Projects\Dog Emotion Detection\Final dog dataset\Final dog dataset\sad\J3YPWMakCqLdJVf8rxcTUCVJ49ygmT127.jpg,sad
C:\Users\nihar\Documents\ML Projects\Deep Learning Projects\Dog Emotion Detection\Final dog dataset\Final dog dataset\happy\8467563538_d855d83cd5_b.jpg,happy
C:\Users\nihar\Documents\ML Projects\Deep Learning Projects\Dog Emotion Detection\Final dog dataset\Final dog dataset\relaxed\43258085541_8dd93c32f9_b.jpg,relaxed
C:\Users\nihar\Documents\ML Projects\Deep Learning Projects\Dog Emotion Detection\Final dog dataset\Final dog dataset\relaxed\33250239628_e9774de419_b.jpg,relaxed
C:\Users\nihar\Documents\ML Projects\Deep Learning Projects\Dog Emotion Detection\Final dog dataset\Final dog dataset\relaxed\6577448473_cd64e7cc50_b.jpg,relaxed
C:\Users\nihar\Documents\ML Projects\Deep Learning Projects\Dog Emotion Detection\Final dog dataset\Final dog dataset\happy\h88j3PvVQcWzGszjhsVDAHAF88c6Tt479.jpg,happy
C:\Users\nihar\Documents\ML Projects\Deep Learning Projects\Dog Emotion Detection\Final dog dataset\Final dog dataset\angry\Qa5vVLW1NuQiv8CdnCTvwpP20Jxeec278.jpg,angry
C:\Users\nihar\Documents\ML Projects\Deep Learning Projects\Dog Emotion Detection\Final dog dataset\Final dog dataset\sad\ZisLNjjnjVUtFbOeURHZ3YRdJpT2Xd462.jpg,sad
C:\Users\nihar\Documents\ML Projects\Deep Learning Projects\Dog Emotion Detection\Final dog dataset\Final dog dataset\relaxed\52948138_5afe3d99b9_b.jpg,relaxed
C:\Users\nihar\Documents\ML Projects\Deep Learning Projects\Dog Emotion Detection\Final dog dataset\Final dog dataset\relaxed\7161646818_fd3f3ffcc4_b.jpg,relaxed
C:\Users\nihar\Documents\ML Projects\Deep Learning Projects\Dog Emotion Detection\Final dog dataset\Final dog dataset\sad\SNyLeCkvYVzs3ZzEc07ovogYRYDlPA584.jpg,sad
C:\Users\nihar\Documents\ML Projects\Deep Learning Projects\Dog Emotion Detection\Final dog dataset\Final dog dataset\relaxed\3283384222_1667d2506a_b.jpg,relaxed
C:\Users\nihar\Documents\ML Projects\Deep Learning Projects\Dog Emotion Detection\Final dog dataset\Final dog dataset\sad\4EK2bVuKiLHvVxyBRhfjUvxr3hP76J344.jpg,sad
C:\Users\nihar\Documents\ML Projects\Deep Learning Projects\Dog Emotion Detection\Final dog dataset\Final dog dataset\angry\lsWkXBN6DamXauVQzSs8tHvG4srXCx410.jpg,angry
C:\Users\nihar\Documents\ML Projects\Deep Learning Projects\Dog Emotion Detection\Final dog dataset\Final dog dataset\happy\IJURXimVCtnjGJCNA5uvt2J6lrU0aP205.jpg,happy
C:\Users\nihar\Documents\ML Projects\Deep Learning Projects\Dog Emotion Detection\Final dog dataset\Final dog dataset\happy\ePuKnWRJlnL6H8Ig1lSJMoi57NxUUa714.jpg,happy
C:\Users\nihar\Documents\ML Projects\Deep Learning Projects\Dog Emotion Detection\Final dog dataset\Final dog dataset\sad\0HoXZkzcWw11uchlckR5ZKMD8KSiQZ987.jpg,sad
C:\Users\nihar\Documents\ML Projects\Deep Learning Projects\Dog Emotion Detection\Final dog dataset\Final dog dataset\sad\e8fyjAqcdkUzTI5tNAUfaiK1hRbkzI957.jpg,sad
C:\Users\nihar\Documents\ML Projects\Deep Learning Projects\Dog Emotion Detection\Final dog dataset\Final dog dataset\angry\9YPxCPm9Kw7gteTkdWlEjLwoBmyaml102.jpg,angry
C:\Users\nihar\Documents\ML Projects\Deep Learning Projects\Dog Emotion Detection\Final dog dataset\Final dog dataset\happy\9379498058_83d501e423_b.jpg,happy
C:\Users\nihar\Documents\ML Projects\Deep Learning Projects\Dog Emotion Detection\Final dog dataset\Final dog dataset\relaxed\33660477005_137d1d4343_b.jpg,relaxed
C:\Users\nihar\Documents\ML Projects\Deep Learning Projects\Dog Emotion Detection\Final dog dataset\Final dog dataset\happy\7955516968_55e7f27eb9_b.jpg,happy
C:\Users\nihar\Documents\ML Projects\Deep Learning Projects\Dog Emotion Detection\Final dog dataset\Final dog dataset\relaxed\5637587096_ba2f5ecf52_b.jpg,relaxed
C:\Users\nihar\Documents\ML Projects\Deep Learning Projects\Dog Emotion Detection\Final dog dataset\Final dog dataset\sad\wwG30AwmF5aGnDP8eOsNknWykgNHqb521.jpg,sad
C:\Users\nihar\Documents\ML Projects\Deep Learning Projects\Dog Emotion Detection\Final dog dataset\Final dog dataset\sad\66zco0tDhdmoFE2KNmN9QarDfWHxc0538.jpg,sad
C:\Users\nihar\Documents\ML Projects\Deep Learning Projects\Dog Emotion Detection\Final dog dataset\Final dog dataset\relaxed\8665272343_4227e5d275_b.jpg,relaxed
C:\Users\nihar\Documents\ML Projects\Deep Learning Projects\Dog Emotion Detection\Final dog dataset\Final dog dataset\angry\QxQatKyDdOtCd3mnoadRsqOETFrCtB457.jpg,angry
C:\Users\nihar\Documents\ML Projects\Deep Learning Projects\Dog Emotion Detection\Final dog dataset\Final dog dataset\happy\gVPxlnFG3KgiIVNav6iCki1j38xbTN61.jpg,happy
C:\Users\nihar\Documents\ML Projects\Deep Learning Projects\Dog Emotion Detection\Final dog dataset\Final dog dataset\sad\KRYiFzpwbNtR07a8dkiCjCvHuRvlD6643.jpg,sad
C:\Users\nihar\Documents\ML Projects\Deep Learning Projects\Dog Emotion Detection\Final dog dataset\Final dog dataset\relaxed\6393595783_c36a00d9a5_b.jpg,relaxed
C:\Users\nihar\Documents\ML Projects\Deep Learning Projects\Dog Emotion Detection\Final dog dataset\Final dog dataset\sad\jSVx5da85zIz7dcxktCLB4sf0XhezE194.jpg,sad
C:\Users\nihar\Documents\ML Projects\Deep Learning Projects\Dog Emotion Detection\Final dog dataset\Final dog dataset\angry\bgAYjRoOPIrX6h3EyYlDajEp4XCohP381.jpg,angry
C:\Users\nihar\Documents\ML Projects\Deep Learning Projects\Dog Emotion Detection\Final dog dataset\Final dog dataset\happy\614NHj4eevcjGf9a7EVJZaNgxaQuOn611.jpg,happy
C:\Users\nihar\Documents\ML Projects\Deep Learning Projects\Dog Emotion Detection\Final dog dataset\Final dog dataset\sad\fz9SlF9Fcy82EddXMCwyGKSJ0gUXaN41.jpg,sad
C:\Users\nihar\Documents\ML Projects\Deep Learning Projects\Dog Emotion Detection\Final dog dataset\Final dog dataset\angry\p0lvnHE3V3rwedFR0m00AXDz0ry4t4857.jpg,angry
C:\Users\nihar\Documents\ML Projects\Deep Learning Projects\Dog Emotion Detection\Final dog dataset\Final dog dataset\relaxed\4294808991_3c044bd511_b.jpg,relaxed
C:\Users\nihar\Documents\ML Projects\Deep Learning Projects\Dog Emotion Detection\Final dog dataset\Final dog dataset\relaxed\8579998997_5da043522a_b.jpg,relaxed
C:\Users\nihar\Documents\ML Projects\Deep Learning Projects\Dog Emotion Detection\Final dog dataset\Final dog dataset\relaxed\32005769581_c0042faf32_b.jpg,relaxed
C:\Users\nihar\Documents\ML Projects\Deep Learning Projects\Dog Emotion Detection\Final dog dataset\Final dog dataset\sad\7p0wm7G6F4QUDYYEfg4PYeRFyBNSBc293.jpg,sad
C:\Users\nihar\Documents\ML Projects\Deep Learning Projects\Dog Emotion Detection\Final dog dataset\Final dog dataset\angry\BqHQlZI3ltU1SjDprHxaXNntuZghOo61.jpg,angry
C:\Users\nihar\Documents\ML Projects\Deep Learning Projects\Dog Emotion Detection\Final dog dataset\Final dog dataset\sad\1grAV2lSCby8Zs6LEIjm40pCfc1oUf880.jpg,sad
C:\Users\nihar\Documents\ML Projects\Deep Learning Projects\Dog Emotion Detection\Final dog dataset\Final dog dataset\relaxed\4993200586_bf95345533_b.jpg,relaxed
C:\Users\nihar\Documents\ML Projects\Deep Learning Projects\Dog Emotion Detection\Final dog dataset\Final dog dataset\angry\FAVmLtXy40OLaWyiLvYxqSu5CVJefC181.jpg,angry
C:\Users\nihar\Documents\ML Projects\Deep Learning Projects\Dog Emotion Detection\Final dog dataset\Final dog dataset\angry\uoUmOrRo8YyND0TJTV40Sk4AjDmVYI865.jpg,angry
C:\Users\nihar\Documents\ML Projects\Deep Learning Projects\Dog Emotion Detection\Final dog dataset\Final dog dataset\angry\IRsEuFLpIqmIaPbuvb1IpjC8e4hPeR737.jpg,angry
C:\Users\nihar\Documents\ML Projects\Deep Learning Projects\Dog Emotion Detection\Final dog dataset\Final dog dataset\angry\8758147259_248a6604bb_b.jpg,angry
C:\Users\nihar\Documents\ML Projects\Deep Learning Projects\Dog Emotion Detection\Final dog dataset\Final dog dataset\sad\fiMMgiuBvzMW77wGqjzGz7FGKmkZDW166.jpg,sad
C:\Users\nihar\Documents\ML Projects\Deep Learning Projects\Dog Emotion Detection\Final dog dataset\Final dog dataset\angry\bukhgwEhN5WyrC5FhjIAOA2CvLjujD419.jpg,angry
C:\Users\nihar\Documents\ML Projects\Deep Learning Projects\Dog Emotion Detection\Final dog dataset\Final dog dataset\sad\nHbctEj41WndJQw9FPtut2ohqhrhLk933.jpg,sad
C:\Users\nihar\Documents\ML Projects\Deep Learning Projects\Dog Emotion Detection\Final dog dataset\Final dog dataset\angry\wNuBOmcZxHsINScjAk8pd2vYyUBHzD595.jpg,angry
C:\Users\nihar\Documents\ML Projects\Deep Learning Projects\Dog Emotion Detection\Final dog dataset\Final dog dataset\relaxed\4849013751_89bd2452a2_b.jpg,relaxed
C:\Users\nihar\Documents\ML Projects\Deep Learning Projects\Dog Emotion Detection\Final dog dataset\Final dog dataset\happy\8483256558_b9a60b7da9_b.jpg,happy
C:\Users\nihar\Documents\ML Projects\Deep Learning Projects\Dog Emotion Detection\Final dog dataset\Final dog dataset\happy\ePnxyQhtavmCKvbLWYO2yPJH8SLdck902.jpg,happy
C:\Users\nihar\Documents\ML Projects\Deep Learning Projects\Dog Emotion Detection\Final dog dataset\Final dog dataset\happy\DcUKKUH35xAalp7cy125vrNfWz1O0w705.jpg,happy
C:\Users\nihar\Documents\ML Projects\Deep Learning Projects\Dog Emotion Detection\Final dog dataset\Final dog dataset\sad\wMsO48K2mDwBo6vfRAn4lKVmZAlG9w296.jpg,sad
C:\Users\nihar\Documents\ML Projects\Deep Learning Projects\Dog Emotion Detection\Final dog dataset\Final dog dataset\happy\drVDhbNzev3KHgEKHLVrRDMeswe2xG978.jpg,happy
C:\Users\nihar\Documents\ML Projects\Deep Learning Projects\Dog Emotion Detection\Final dog dataset\Final dog dataset\sad\vvNOMlMAlyqSk1C3nERlsyNi1TYKhh11.jpg,sad
C:\Users\nihar\Documents\ML Projects\Deep Learning Projects\Dog Emotion Detection\Final dog dataset\Final dog dataset\happy\6167875274_f0309ecd9b_b.jpg,happy
C:\Users\nihar\Documents\ML Projects\Deep Learning Projects\Dog Emotion Detection\Final dog dataset\Final dog dataset\happy\CIwfTzIrrWfd3Rv9RJnvVlJXFCVpiA100.jpg,happy
C:\Users\nihar\Documents\ML Projects\Deep Learning Projects\Dog Emotion Detection\Final dog dataset\Final dog dataset\sad\MFnl7R63nW2zRBYOvGXpfKjr6tYtEa992.jpg,sad
C:\Users\nihar\Documents\ML Projects\Deep Learning Projects\Dog Emotion Detection\Final dog dataset\Final dog dataset\relaxed\5523169702_8bf0581617_b.jpg,relaxed
C:\Users\nihar\Documents\ML Projects\Deep Learning Projects\Dog Emotion Detection\Final dog dataset\Final dog dataset\sad\rWt1BeYTxrAqxFP9IxMmd3DTLWsGx9530.jpg,sad
C:\Users\nihar\Documents\ML Projects\Deep Learning Projects\Dog Emotion Detection\Final dog dataset\Final dog dataset\happy\fpVd12pw27uDEQb4laXudtOUIe65eM313.jpg,happy
C:\Users\nihar\Documents\ML Projects\Deep Learning Projects\Dog Emotion Detection\Final dog dataset\Final dog dataset\angry\Xc0maqBxsa2XxVpTIrk8fEQ8CTcxI7966.jpg,angry
C:\Users\nihar\Documents\ML Projects\Deep Learning Projects\Dog Emotion Detection\Final dog dataset\Final dog dataset\happy\aFD5KInKvHEmN8nZutA4TcyhRwv5a5828.jpg,happy
C:\Users\nihar\Documents\ML Projects\Deep Learning Projects\Dog Emotion Detection\Final dog dataset\Final dog dataset\relaxed\4686288220_ff253e052b_b.jpg,relaxed
C:\Users\nihar\Documents\ML Projects\Deep Learning Projects\Dog Emotion Detection\Final dog dataset\Final dog dataset\angry\QA9CCG4draQ46I5nB0kDIUkXHG1MIk549.jpg,angry
C:\Users\nihar\Documents\ML Projects\Deep Learning Projects\Dog Emotion Detection\Final dog dataset\Final dog dataset\angry\0aNyXBrmNA7XdefwHvgO2n1rnpqQAp885.jpg,angry
C:\Users\nihar\Documents\ML Projects\Deep Learning Projects\Dog Emotion Detection\Final dog dataset\Final dog dataset\relaxed\4115252577_44c6162c81_b.jpg,relaxed
C:\Users\nihar\Documents\ML Projects\Deep Learning Projects\Dog Emotion Detection\Final dog dataset\Final dog dataset\angry\S6LMVe2le8hLy5gwHHEhnoZkmmZKZh964.jpg,angry
C:\Users\nihar\Documents\ML Projects\Deep Learning Projects\Dog Emotion Detection\Final dog dataset\Final dog dataset\sad\wXqQGEQYA3w8bkZYyWyqz2ZfUzeP4L899.jpg,sad
C:\Users\nihar\Documents\ML Projects\Deep Learning Projects\Dog Emotion Detection\Final dog dataset\Final dog dataset\sad\5Ze7cqoDEq8BFodB1mqqCKVx7JhzEb800.jpg,sad
C:\Users\nihar\Documents\ML Projects\Deep Learning Projects\Dog Emotion Detection\Final dog dataset\Final dog dataset\happy\bRD74kQTqIH22Gy467coYO8UQ1WvcV669.jpg,happy
C:\Users\nihar\Documents\ML Projects\Deep Learning Projects\Dog Emotion Detection\Final dog dataset\Final dog dataset\sad\DF7xUfQDO0AcZb1B2uKiI2xUCxZvIK495.jpg,sad
C:\Users\nihar\Documents\ML Projects\Deep Learning Projects\Dog Emotion Detection\Final dog dataset\Final dog dataset\sad\LuPnRTymnxMKvogT6nstIpfNsoHk6f810.jpg,sad
C:\Users\nihar\Documents\ML Projects\Deep Learning Projects\Dog Emotion Detection\Final dog dataset\Final dog dataset\sad\ltMPbLa3i1tu1gs6C9EalNy1W3Wf3T569.jpg,sad
C:\Users\nihar\Documents\ML Projects\Deep Learning Projects\Dog Emotion Detection\Final dog dataset\Final dog dataset\sad\Q8ZsjLx8NOIWGxsJEJ9EueKfApuXH6749.jpg,sad
C:\Users\nihar\Documents\ML Projects\Deep Learning Projects\Dog Emotion Detection\Final dog dataset\Final dog dataset\happy\7174502521_613916bb77_b.jpg,happy
C:\Users\nihar\Documents\ML Projects\Deep Learning Projects\Dog Emotion Detection\Final dog dataset\Final dog dataset\sad\TWrVjPUBmSfxIjw8kkyo2KV9syY12S561.jpg,sad
C:\Users\nihar\Documents\ML Projects\Deep Learning Projects\Dog Emotion Detection\Final dog dataset\Final dog dataset\relaxed\6099165242_bae95c171f_b.jpg,relaxed
C:\Users\nihar\Documents\ML Projects\Deep Learning Projects\Dog Emotion Detection\Final dog dataset\Final dog dataset\happy\9218175588_23d3ddc872_b.jpg,happy
C:\Users\nihar\Documents\ML Projects\Deep Learning Projects\Dog Emotion Detection\Final dog dataset\Final dog dataset\happy\iwarJUOj6XoYb8n8bYwpHaz0hCz4gj133.jpg,happy
C:\Users\nihar\Documents\ML Projects\Deep Learning Projects\Dog Emotion Detection\Final dog dataset\Final dog dataset\happy\6115971425_047540899e_b.jpg,happy
C:\Users\nihar\Documents\ML Projects\Deep Learning Projects\Dog Emotion Detection\Final dog dataset\Final dog dataset\sad\gtBYqrwzeVEzrRbKl8jvJvupehXhqO368.jpg,sad
C:\Users\nihar\Documents\ML Projects\Deep Learning Projects\Dog Emotion Detection\Final dog dataset\Final dog dataset\sad\vJChD2HWzhzZw7injp2aPiHvspEg5H670.jpg,sad
C:\Users\nihar\Documents\ML Projects\Deep Learning Projects\Dog Emotion Detection\Final dog dataset\Final dog dataset\happy\bLYgDPnmgFhErFM7m4cdjk9mzMAKDs957.jpg,happy
C:\Users\nihar\Documents\ML Projects\Deep Learning Projects\Dog Emotion Detection\Final dog dataset\Final dog dataset\sad\lISiXgDhST8v3SFv0XijevUijuBcrH520.jpg,sad
C:\Users\nihar\Documents\ML Projects\Deep Learning Projects\Dog Emotion Detection\Final dog dataset\Final dog dataset\relaxed\3424774565_d2b2c33829_b.jpg,relaxed
C:\Users\nihar\Documents\ML Projects\Deep Learning Projects\Dog Emotion Detection\Final dog dataset\Final dog dataset\angry\r0vC2p3BbUdKvKUzryiANcI3APVZCc238.jpg,angry
C:\Users\nihar\Documents\ML Projects\Deep Learning Projects\Dog Emotion Detection\Final dog dataset\Final dog dataset\angry\rl154vbbdVSqy4NjQ5TYMJNwk227Zw156.jpg,angry
C:\Users\nihar\Documents\ML Projects\Deep Learning Projects\Dog Emotion Detection\Final dog dataset\Final dog dataset\happy\6967648641_a85930d376_b.jpg,happy
C:\Users\nihar\Documents\ML Projects\Deep Learning Projects\Dog Emotion Detection\Final dog dataset\Final dog dataset\sad\sGETMPycXgZyo2lDXpiWS42JnSY6SC652.jpg,sad
C:\Users\nihar\Documents\ML Projects\Deep Learning Projects\Dog Emotion Detection\Final dog dataset\Final dog dataset\angry\G3TcsZK9mVs19udD7i6EWOlQkI1oZK170.jpg,angry
C:\Users\nihar\Documents\ML Projects\Deep Learning Projects\Dog Emotion Detection\Final dog dataset\Final dog dataset\angry\qn15HlNdy8PMqOBqVbATksEc8j37Kr912.jpg,angry
C:\Users\nihar\Documents\ML Projects\Deep Learning Projects\Dog Emotion Detection\Final dog dataset\Final dog dataset\happy\8457404346_1126dd072a_b.jpg,happy
C:\Users\nihar\Documents\ML Projects\Deep Learning Projects\Dog Emotion Detection\Final dog dataset\Final dog dataset\happy\8724466313_6769fdd040_b.jpg,happy
C:\Users\nihar\Documents\ML Projects\Deep Learning Projects\Dog Emotion Detection\Final dog dataset\Final dog dataset\angry\SPeLBUouGjsvjF7mwA3WDyiXGMAcdJ567.jpg,angry
C:\Users\nihar\Documents\ML Projects\Deep Learning Projects\Dog Emotion Detection\Final dog dataset\Final dog dataset\sad\Ky371r7QTOWrDyDngwgy6JeSV7YKSH602.jpg,sad
C:\Users\nihar\Documents\ML Projects\Deep Learning Projects\Dog Emotion Detection\Final dog dataset\Final dog dataset\happy\7069941205_ea90b48496_b.jpg,happy
C:\Users\nihar\Documents\ML Projects\Deep Learning Projects\Dog Emotion Detection\Final dog dataset\Final dog dataset\happy\fXT6aSw90AHKMNTpzLzxBZQ7PYCTnZ943.jpg,happy
C:\Users\nihar\Documents\ML Projects\Deep Learning Projects\Dog Emotion Detection\Final dog dataset\Final dog dataset\happy\2XArFisfLiSpKYAcge9YmC4c249CSL936.jpg,happy
C:\Users\nihar\Documents\ML Projects\Deep Learning Projects\Dog Emotion Detection\Final dog dataset\Final dog dataset\relaxed\7945804560_84e1e51b89_b.jpg,relaxed
C:\Users\nihar\Documents\ML Projects\Deep Learning Projects\Dog Emotion Detection\Final dog dataset\Final dog dataset\relaxed\7961724670_e337d28085_b.jpg,relaxed
C:\Users\nihar\Documents\ML Projects\Deep Learning Projects\Dog Emotion Detection\Final dog dataset\Final dog dataset\happy\7279695994_d3384be36d_b.jpg,happy
C:\Users\nihar\Documents\ML Projects\Deep Learning Projects\Dog Emotion Detection\Final dog dataset\Final dog dataset\happy\8167050305_413ac2a49a_b.jpg,happy
C:\Users\nihar\Documents\ML Projects\Deep Learning Projects\Dog Emotion Detection\Final dog dataset\Final dog dataset\happy\8237932229_ceaffa1a3f_b.jpg,happy
C:\Users\nihar\Documents\ML Projects\Deep Learning Projects\Dog Emotion Detection\Final dog dataset\Final dog dataset\sad\gNYDFRqKvQJqXisArQRHbWp5Mj6WrV303.jpg,sad
C:\Users\nihar\Documents\ML Projects\Deep Learning Projects\Dog Emotion Detection\Final dog dataset\Final dog dataset\relaxed\45687199_79835fbcc7_b.jpg,relaxed
C:\Users\nihar\Documents\ML Projects\Deep Learning Projects\Dog Emotion Detection\Final dog dataset\Final dog dataset\sad\GSqtERWBhL4aFvVhGW1ZKfuKjewCeG52.jpg,sad
C:\Users\nihar\Documents\ML Projects\Deep Learning Projects\Dog Emotion Detection\Final dog dataset\Final dog dataset\happy\8a2zDDiMlaXFuHDt9U3ie7qTKqGGsI209.jpg,happy
C:\Users\nihar\Documents\ML Projects\Deep Learning Projects\Dog Emotion Detection\Final dog dataset\Final dog dataset\sad\KPGLP96S1bVHLWRUA6O2ZatABBCOpd693.jpg,sad
C:\Users\nihar\Documents\ML Projects\Deep Learning Projects\Dog Emotion Detection\Final dog dataset\Final dog dataset\relaxed\3625775838_d56a3e7ac5_b.jpg,relaxed
C:\Users\nihar\Documents\ML Projects\Deep Learning Projects\Dog Emotion Detection\Final dog dataset\Final dog dataset\happy\9326808663_1da5b6509f_b.jpg,happy
C:\Users\nihar\Documents\ML Projects\Deep Learning Projects\Dog Emotion Detection\Final dog dataset\Final dog dataset\happy\CLc5CL5C1VhuuleF3hs5cUrVFjTx3t841.jpg,happy
C:\Users\nihar\Documents\ML Projects\Deep Learning Projects\Dog Emotion Detection\Final dog dataset\Final dog dataset\happy\7688305978_fcb39bef76_b.jpg,happy
C:\Users\nihar\Documents\ML Projects\Deep Learning Projects\Dog Emotion Detection\Final dog dataset\Final dog dataset\sad\WJrrXE4RcX66fJ7kPcZDQ3FMvKaXRW14.jpg,sad
C:\Users\nihar\Documents\ML Projects\Deep Learning Projects\Dog Emotion Detection\Final dog dataset\Final dog dataset\sad\ximeOHMSHiCn7UHRVFbJckUq3zFzlw117.jpg,sad
C:\Users\nihar\Documents\ML Projects\Deep Learning Projects\Dog Emotion Detection\Final dog dataset\Final dog dataset\sad\rLwqKgyuKpGnHS8aBJvqMojO7Qeib058.jpg,sad
C:\Users\nihar\Documents\ML Projects\Deep Learning Projects\Dog Emotion Detection\Final dog dataset\Final dog dataset\happy\buWT31aGxYXQUBP3O160hQUCOofmVD952.jpg,happy
C:\Users\nihar\Documents\ML Projects\Deep Learning Projects\Dog Emotion Detection\Final dog dataset\Final dog dataset\happy\5722297759_94d7613a82_b.jpg,happy
C:\Users\nihar\Documents\ML Projects\Deep Learning Projects\Dog Emotion Detection\Final dog dataset\Final dog dataset\angry\vgZizFdaWMIVOQ9aX96j0rMUYrAzep790.jpg,angry
C:\Users\nihar\Documents\ML Projects\Deep Learning Projects\Dog Emotion Detection\Final dog dataset\Final dog dataset\relaxed\8068563430_b013c7fe46_b.jpg,relaxed
C:\Users\nihar\Documents\ML Projects\Deep Learning Projects\Dog Emotion Detection\Final dog dataset\Final dog dataset\sad\9711484485_1da72b3519_b.jpg,sad
C:\Users\nihar\Documents\ML Projects\Deep Learning Projects\Dog Emotion Detection\Final dog dataset\Final dog dataset\happy\AN7wf1UnHMl0ehp1XRPLJHf7U5Fl00636.jpg,happy
C:\Users\nihar\Documents\ML Projects\Deep Learning Projects\Dog Emotion Detection\Final dog dataset\Final dog dataset\relaxed\7251947594_23457e8d4b_b.jpg,relaxed
C:\Users\nihar\Documents\ML Projects\Deep Learning Projects\Dog Emotion Detection\Final dog dataset\Final dog dataset\relaxed\8234762616_efd16e9a87_b.jpg,relaxed
C:\Users\nihar\Documents\ML Projects\Deep Learning Projects\Dog Emotion Detection\Final dog dataset\Final dog dataset\relaxed\7378256458_19f032f94f_b.jpg,relaxed
C:\Users\nihar\Documents\ML Projects\Deep Learning Projects\Dog Emotion Detection\Final dog dataset\Final dog dataset\happy\HRunkA8QSDAmiOxGaUNGwHJM60f1Mc135.jpg,happy
C:\Users\nihar\Documents\ML Projects\Deep Learning Projects\Dog Emotion Detection\Final dog dataset\Final dog dataset\sad\cJSWIku7Y1Oidz6KMPKeDvvHqdB7Co759.jpg,sad
C:\Users\nihar\Documents\ML Projects\Deep Learning Projects\Dog Emotion Detection\Final dog dataset\Final dog dataset\sad\hCayUvL70vIJAPx3c6H41MidQBMb6P321.jpg,sad
C:\Users\nihar\Documents\ML Projects\Deep Learning Projects\Dog Emotion Detection\Final dog dataset\Final dog dataset\happy\efuF5XwayrlqgUVIXtDAkDHKJce4xG629.jpg,happy
C:\Users\nihar\Documents\ML Projects\Deep Learning Projects\Dog Emotion Detection\Final dog dataset\Final dog dataset\happy\6345670181_9ca280d72f_b.jpg,happy
C:\Users\nihar\Documents\ML Projects\Deep Learning Projects\Dog Emotion Detection\Final dog dataset\Final dog dataset\relaxed\6972886170_57c56e4fa2_b.jpg,relaxed
C:\Users\nihar\Documents\ML Projects\Deep Learning Projects\Dog Emotion Detection\Final dog dataset\Final dog dataset\happy\5783750758_2ee0bcb59d_b.jpg,happy
C:\Users\nihar\Documents\ML Projects\Deep Learning Projects\Dog Emotion Detection\Final dog dataset\Final dog dataset\angry\mXeA2r4bgxQqsKd4JUc04eLs6807Yz934.jpg,angry
C:\Users\nihar\Documents\ML Projects\Deep Learning Projects\Dog Emotion Detection\Final dog dataset\Final dog dataset\sad\ExJNEBx21ofA4l9IZvkDs8vj1Ji4oS765.jpg,sad
C:\Users\nihar\Documents\ML Projects\Deep Learning Projects\Dog Emotion Detection\Final dog dataset\Final dog dataset\happy\cXnw1J9m3oSncwySz0rJxzmQQdF9RJ532.jpg,happy
C:\Users\nihar\Documents\ML Projects\Deep Learning Projects\Dog Emotion Detection\Final dog dataset\Final dog dataset\relaxed\8569825218_57d959df7f_b.jpg,relaxed
C:\Users\nihar\Documents\ML Projects\Deep Learning Projects\Dog Emotion Detection\Final dog dataset\Final dog dataset\sad\vBa47ZgZprXYO3BHJkJgpqNT1fRZc4951.jpg,sad
C:\Users\nihar\Documents\ML Projects\Deep Learning Projects\Dog Emotion Detection\Final dog dataset\Final dog dataset\sad\MkUOdTYzt3fgZspNZ3Po3kbmcyDMiv129.jpg,sad
C:\Users\nihar\Documents\ML Projects\Deep Learning Projects\Dog Emotion Detection\Final dog dataset\Final dog dataset\relaxed\6712927481_dd4b55361b_b.jpg,relaxed
C:\Users\nihar\Documents\ML Projects\Deep Learning Projects\Dog Emotion Detection\Final dog dataset\Final dog dataset\happy\fLSKkcqzqy899ygvPDjHmXXZoqmx7Y349.jpg,happy
C:\Users\nihar\Documents\ML Projects\Deep Learning Projects\Dog Emotion Detection\Final dog dataset\Final dog dataset\relaxed\31912295216_a645503ee7_b.jpg,relaxed
C:\Users\nihar\Documents\ML Projects\Deep Learning Projects\Dog Emotion Detection\Final dog dataset\Final dog dataset\angry\5zBh9BCN4OvXtY4582uHYJ2W4REKaV563.jpg,angry
C:\Users\nihar\Documents\ML Projects\Deep Learning Projects\Dog Emotion Detection\Final dog dataset\Final dog dataset\happy\5577617559_d58a3c7896_b.jpg,happy
C:\Users\nihar\Documents\ML Projects\Deep Learning Projects\Dog Emotion Detection\Final dog dataset\Final dog dataset\angry\nmFKWxmFbxfWTTcSo15KW64weQEDBj557.jpg,angry
C:\Users\nihar\Documents\ML Projects\Deep Learning Projects\Dog Emotion Detection\Final dog dataset\Final dog dataset\sad\HBEq6NUuTzcdwaDcIFSOiPso39pjRX466.jpg,sad
C:\Users\nihar\Documents\ML Projects\Deep Learning Projects\Dog Emotion Detection\Final dog dataset\Final dog dataset\relaxed\8521526248_439a95a93c_b.jpg,relaxed
C:\Users\nihar\Documents\ML Projects\Deep Learning Projects\Dog Emotion Detection\Final dog dataset\Final dog dataset\angry\XjkpIL8SwW7PNCHv7icWVkRzwDSIRZ671.jpg,angry
C:\Users\nihar\Documents\ML Projects\Deep Learning Projects\Dog Emotion Detection\Final dog dataset\Final dog dataset\sad\SCPRTNTWsYgPetoB0DWAPicgGS0rsF687.jpg,sad
C:\Users\nihar\Documents\ML Projects\Deep Learning Projects\Dog Emotion Detection\Final dog dataset\Final dog dataset\happy\8741421824_b620816518_b.jpg,happy
C:\Users\nihar\Documents\ML Projects\Deep Learning Projects\Dog Emotion Detection\Final dog dataset\Final dog dataset\sad\20sL4pAKjIUPz43t9KbpMuq7NwcNXY66.jpg,sad
C:\Users\nihar\Documents\ML Projects\Deep Learning Projects\Dog Emotion Detection\Final dog dataset\Final dog dataset\sad\RJy0dz9BcYbWp0sSb5lPBgfkBKnzmv604.jpg,sad
C:\Users\nihar\Documents\ML Projects\Deep Learning Projects\Dog Emotion Detection\Final dog dataset\Final dog dataset\happy\jvZaHDHx7jFMEyKIdqc1UzppksSQ9D14.jpg,happy
C:\Users\nihar\Documents\ML Projects\Deep Learning Projects\Dog Emotion Detection\Final dog dataset\Final dog dataset\happy\5682104586_1eb813b688_b.jpg,happy
C:\Users\nihar\Documents\ML Projects\Deep Learning Projects\Dog Emotion Detection\Final dog dataset\Final dog dataset\angry\CbMfWnR3E6JmP165gqxGZeZp1ONDU7246.jpg,angry
C:\Users\nihar\Documents\ML Projects\Deep Learning Projects\Dog Emotion Detection\Final dog dataset\Final dog dataset\angry\iEIn3H6PqVwh49ovXFOJ7SJD4WIoDv573.jpg,angry
C:\Users\nihar\Documents\ML Projects\Deep Learning Projects\Dog Emotion Detection\Final dog dataset\Final dog dataset\relaxed\9143892185_c4b20a872d_b.jpg,relaxed
C:\Users\nihar\Documents\ML Projects\Deep Learning Projects\Dog Emotion Detection\Final dog dataset\Final dog dataset\angry\xQOT0z1R07jAcfQlgx7X5iS6BsGgcY378.jpg,angry
C:\Users\nihar\Documents\ML Projects\Deep Learning Projects\Dog Emotion Detection\Final dog dataset\Final dog dataset\angry\iH8IIKDuOAAldjBz3lGCoOhKSQ4mXL394.jpg,angry
C:\Users\nihar\Documents\ML Projects\Deep Learning Projects\Dog Emotion Detection\Final dog dataset\Final dog dataset\relaxed\8692578507_f0420382e6_b.jpg,relaxed
C:\Users\nihar\Documents\ML Projects\Deep Learning Projects\Dog Emotion Detection\Final dog dataset\Final dog dataset\sad\uyoOO7LZqrUbkR1UVaMq7lN9F2d7uP429.jpg,sad
C:\Users\nihar\Documents\ML Projects\Deep Learning Projects\Dog Emotion Detection\Final dog dataset\Final dog dataset\sad\gjfH0VRNr2BV3xAVWX751KzK5S9zsQ552.jpg,sad
C:\Users\nihar\Documents\ML Projects\Deep Learning Projects\Dog Emotion Detection\Final dog dataset\Final dog dataset\happy\5634989123_11f4543a75_b.jpg,happy
C:\Users\nihar\Documents\ML Projects\Deep Learning Projects\Dog Emotion Detection\Final dog dataset\Final dog dataset\relaxed\8050347192_7d82362a99_b.jpg,relaxed
C:\Users\nihar\Documents\ML Projects\Deep Learning Projects\Dog Emotion Detection\Final dog dataset\Final dog dataset\happy\8758403742_b8873b06ab_b.jpg,happy
C:\Users\nihar\Documents\ML Projects\Deep Learning Projects\Dog Emotion Detection\Final dog dataset\Final dog dataset\relaxed\7828158082_9b85ca0cb8_b.jpg,relaxed
C:\Users\nihar\Documents\ML Projects\Deep Learning Projects\Dog Emotion Detection\Final dog dataset\Final dog dataset\happy\2g8zKcajchadcLVCJ7rR09Z3pdgvVb454.jpg,happy
C:\Users\nihar\Documents\ML Projects\Deep Learning Projects\Dog Emotion Detection\Final dog dataset\Final dog dataset\happy\9IDQzNlH8ScnBtZhu5dgU4Ed5xeS4k659.jpg,happy
C:\Users\nihar\Documents\ML Projects\Deep Learning Projects\Dog Emotion Detection\Final dog dataset\Final dog dataset\relaxed\8451784366_0469b473bf_b.jpg,relaxed
C:\Users\nihar\Documents\ML Projects\Deep Learning Projects\Dog Emotion Detection\Final dog dataset\Final dog dataset\happy\kDowVM7AkHzho2YOAghz6dLYEJEXBG356.jpg,happy
C:\Users\nihar\Documents\ML Projects\Deep Learning Projects\Dog Emotion Detection\Final dog dataset\Final dog dataset\relaxed\8241382795_cb957e6b55_b.jpg,relaxed
C:\Users\nihar\Documents\ML Projects\Deep Learning Projects\Dog Emotion Detection\Final dog dataset\Final dog dataset\relaxed\4069210556_516ed79c37_b.jpg,relaxed
C:\Users\nihar\Documents\ML Projects\Deep Learning Projects\Dog Emotion Detection\Final dog dataset\Final dog dataset\angry\Vnlz6eh512oYLF08YTSN7nUfpEBCXO532.jpg,angry
C:\Users\nihar\Documents\ML Projects\Deep Learning Projects\Dog Emotion Detection\Final dog dataset\Final dog dataset\happy\FDn2u2ynwm7TLrjhFN3dPohSJfw2IV982.jpg,happy
C:\Users\nihar\Documents\ML Projects\Deep Learning Projects\Dog Emotion Detection\Final dog dataset\Final dog dataset\sad\SCDnCyQWuLDnAub0UQyecx1h6kTcCA95.jpg,sad
C:\Users\nihar\Documents\ML Projects\Deep Learning Projects\Dog Emotion Detection\Final dog dataset\Final dog dataset\relaxed\5659091285_d6b0190b70_b.jpg,relaxed
C:\Users\nihar\Documents\ML Projects\Deep Learning Projects\Dog Emotion Detection\Final dog dataset\Final dog dataset\angry\m1aEvZvFv532D0f3lVFzuACuX7boTN343.jpg,angry
C:\Users\nihar\Documents\ML Projects\Deep Learning Projects\Dog Emotion Detection\Final dog dataset\Final dog dataset\sad\BbUMtW9By20xl3ZvrOq5NRY5fpnTQq284.jpg,sad
C:\Users\nihar\Documents\ML Projects\Deep Learning Projects\Dog Emotion Detection\Final dog dataset\Final dog dataset\sad\aWojdOfQ6CDYP2ScI8xGwKCJfcVETU337.jpg,sad
C:\Users\nihar\Documents\ML Projects\Deep Learning Projects\Dog Emotion Detection\Final dog dataset\Final dog dataset\sad\4FzICXbYwYLTkqex2iw0qq8njhF4TH623.jpg,sad
C:\Users\nihar\Documents\ML Projects\Deep Learning Projects\Dog Emotion Detection\Final dog dataset\Final dog dataset\angry\V5btrk6M5wdsTOSy5wea18MLmkobN8472.jpg,angry
C:\Users\nihar\Documents\ML Projects\Deep Learning Projects\Dog Emotion Detection\Final dog dataset\Final dog dataset\happy\jHkN9ewfRyclmrl2bgazrExhmbpyaT15.jpg,happy
C:\Users\nihar\Documents\ML Projects\Deep Learning Projects\Dog Emotion Detection\Final dog dataset\Final dog dataset\angry\bSzXjeZ221WIB8pkEbF3kygB1qLANt623.jpg,angry
C:\Users\nihar\Documents\ML Projects\Deep Learning Projects\Dog Emotion Detection\Final dog dataset\Final dog dataset\relaxed\4250392333_b1fcb3b20a_b.jpg,relaxed
C:\Users\nihar\Documents\ML Projects\Deep Learning Projects\Dog Emotion Detection\Final dog dataset\Final dog dataset\sad\ARzvLHuhbEZuTsM40O1OYhPaWta1Od606.jpg,sad
C:\Users\nihar\Documents\ML Projects\Deep Learning Projects\Dog Emotion Detection\Final dog dataset\Final dog dataset\relaxed\38583839485_db77c7a1b6_b.jpg,relaxed
C:\Users\nihar\Documents\ML Projects\Deep Learning Projects\Dog Emotion Detection\Final dog dataset\Final dog dataset\sad\99TXQ8Lue44tBCwMJgpTgacHtWfSyO290.jpg,sad
C:\Users\nihar\Documents\ML Projects\Deep Learning Projects\Dog Emotion Detection\Final dog dataset\Final dog dataset\relaxed\4770331039_d9ce32ef2b_b.jpg,relaxed
C:\Users\nihar\Documents\ML Projects\Deep Learning Projects\Dog Emotion Detection\Final dog dataset\Final dog dataset\sad\p1suTotMZfZekTEGobzodzgO2Mqf59720.jpg,sad
C:\Users\nihar\Documents\ML Projects\Deep Learning Projects\Dog Emotion Detection\Final dog dataset\Final dog dataset\happy\GXpKHCgqcli2NrA0gtbRyhn6Gt03YQ18.jpg,happy
C:\Users\nihar\Documents\ML Projects\Deep Learning Projects\Dog Emotion Detection\Final dog dataset\Final dog dataset\angry\HZzVxVgeJSghyioS8JiUOWdPJhWe5E959.jpg,angry
C:\Users\nihar\Documents\ML Projects\Deep Learning Projects\Dog Emotion Detection\Final dog dataset\Final dog dataset\relaxed\50606879101_671cb1e42d_b.jpg,relaxed
C:\Users\nihar\Documents\ML Projects\Deep Learning Projects\Dog Emotion Detection\Final dog dataset\Final dog dataset\angry\jDxhWHGaaQMiYLVQCzsbQcgY4xqWaI295.jpg,angry
C:\Users\nihar\Documents\ML Projects\Deep Learning Projects\Dog Emotion Detection\Final dog dataset\Final dog dataset\happy\dGYe2QGGZkeskSFKSUIb00pbPmg1rZ215.jpg,happy
C:\Users\nihar\Documents\ML Projects\Deep Learning Projects\Dog Emotion Detection\Final dog dataset\Final dog dataset\angry\ie7uKI6ss3qB80z7tNc9xpvY3wVXqh95.jpg,angry
C:\Users\nihar\Documents\ML Projects\Deep Learning Projects\Dog Emotion Detection\Final dog dataset\Final dog dataset\relaxed\7542366744_75fc087a24_b.jpg,relaxed
C:\Users\nihar\Documents\ML Projects\Deep Learning Projects\Dog Emotion Detection\Final dog dataset\Final dog dataset\happy\9263171213_2c822f964b_b.jpg,happy
C:\Users\nihar\Documents\ML Projects\Deep Learning Projects\Dog Emotion Detection\Final dog dataset\Final dog dataset\happy\6203326228_f69205e168_b.jpg,happy
C:\Users\nihar\Documents\ML Projects\Deep Learning Projects\Dog Emotion Detection\Final dog dataset\Final dog dataset\sad\bPJu5yXa9MOdF5Hb4XfySadllPNmHm432.jpg,sad
C:\Users\nihar\Documents\ML Projects\Deep Learning Projects\Dog Emotion Detection\Final dog dataset\Final dog dataset\happy\8963828318_f5d3b3f1ae_b.jpg,happy
C:\Users\nihar\Documents\ML Projects\Deep Learning Projects\Dog Emotion Detection\Final dog dataset\Final dog dataset\relaxed\8073480100_2f350b76d0_b.jpg,relaxed
C:\Users\nihar\Documents\ML Projects\Deep Learning Projects\Dog Emotion Detection\Final dog dataset\Final dog dataset\relaxed\35474821510_f143ebda0f_b.jpg,relaxed
C:\Users\nihar\Documents\ML Projects\Deep Learning Projects\Dog Emotion Detection\Final dog dataset\Final dog dataset\happy\616570941_d8c288b9a6_b.jpg,happy
C:\Users\nihar\Documents\ML Projects\Deep Learning Projects\Dog Emotion Detection\Final dog dataset\Final dog dataset\happy\7939076_2dd2ffe67f_b.jpg,happy
C:\Users\nihar\Documents\ML Projects\Deep Learning Projects\Dog Emotion Detection\Final dog dataset\Final dog dataset\relaxed\6924728804_7bdf784d4a_b.jpg,relaxed
C:\Users\nihar\Documents\ML Projects\Deep Learning Projects\Dog Emotion Detection\Final dog dataset\Final dog dataset\angry\3wyDlRUvrWqLEZ0gISgCWXRZFDg8L5332.jpg,angry
C:\Users\nihar\Documents\ML Projects\Deep Learning Projects\Dog Emotion Detection\Final dog dataset\Final dog dataset\relaxed\37381222776_a0fa733f4b_b.jpg,relaxed
C:\Users\nihar\Documents\ML Projects\Deep Learning Projects\Dog Emotion Detection\Final dog dataset\Final dog dataset\happy\6322473855_99fbef1fa7_b.jpg,happy
C:\Users\nihar\Documents\ML Projects\Deep Learning Projects\Dog Emotion Detection\Final dog dataset\Final dog dataset\sad\B4r2zbWVRo0XoQiNkAG8dXySdGWCEx665.jpg,sad
C:\Users\nihar\Documents\ML Projects\Deep Learning Projects\Dog Emotion Detection\Final dog dataset\Final dog dataset\angry\LVkN2kvRzF5DmF40ZbJ6QCgu551Ekj405.jpg,angry
C:\Users\nihar\Documents\ML Projects\Deep Learning Projects\Dog Emotion Detection\Final dog dataset\Final dog dataset\angry\I0wrJshDosLRXWYcwnE5xOaZOluKZi721.jpg,angry
C:\Users\nihar\Documents\ML Projects\Deep Learning Projects\Dog Emotion Detection\Final dog dataset\Final dog dataset\relaxed\45613652494_fd5ee759c4_b.jpg,relaxed
C:\Users\nihar\Documents\ML Projects\Deep Learning Projects\Dog Emotion Detection\Final dog dataset\Final dog dataset\angry\UlQiCF4BuQp9Ux8lJZpWQ16y8v35Gk854.jpg,angry
C:\Users\nihar\Documents\ML Projects\Deep Learning Projects\Dog Emotion Detection\Final dog dataset\Final dog dataset\relaxed\4671224876_7960d81b0b_b.jpg,relaxed
C:\Users\nihar\Documents\ML Projects\Deep Learning Projects\Dog Emotion Detection\Final dog dataset\Final dog dataset\angry\vdG65r7uTBUWliZLbvYyTfJGS9kmJm986.jpeg,angry
C:\Users\nihar\Documents\ML Projects\Deep Learning Projects\Dog Emotion Detection\Final dog dataset\Final dog dataset\happy\5875709182_27d787cedf_b.jpg,happy
C:\Users\nihar\Documents\ML Projects\Deep Learning Projects\Dog Emotion Detection\Final dog dataset\Final dog dataset\angry\xxqVaRUMPMKFhdxVo8ubDTVU96JfHj421.jpg,angry
C:\Users\nihar\Documents\ML Projects\Deep Learning Projects\Dog Emotion Detection\Final dog dataset\Final dog dataset\angry\goPaAqJ5a3Vfsu3X01Lk374e1eQmZC517.jpeg,angry
C:\Users\nihar\Documents\ML Projects\Deep Learning Projects\Dog Emotion Detection\Final dog dataset\Final dog dataset\relaxed\8434611302_12669d0015_b.jpg,relaxed
C:\Users\nihar\Documents\ML Projects\Deep Learning Projects\Dog Emotion Detection\Final dog dataset\Final dog dataset\relaxed\5095761820_2ffd55280f_b.jpg,relaxed
C:\Users\nihar\Documents\ML Projects\Deep Learning Projects\Dog Emotion Detection\Final dog dataset\Final dog dataset\happy\5557791447_cdd8bc47c0_b.jpg,happy
C:\Users\nihar\Documents\ML Projects\Deep Learning Projects\Dog Emotion Detection\Final dog dataset\Final dog dataset\happy\7034119135_372fce5df7_b.jpg,happy
C:\Users\nihar\Documents\ML Projects\Deep Learning Projects\Dog Emotion Detection\Final dog dataset\Final dog dataset\sad\nZa7aEm1bFyfXRgZzVlt7lqVesBNsr959.jpg,sad
C:\Users\nihar\Documents\ML Projects\Deep Learning Projects\Dog Emotion Detection\Final dog dataset\Final dog dataset\angry\KVFYMiKyA5Lq7Vvepw21gx3noGuFuE392.jpg,angry
C:\Users\nihar\Documents\ML Projects\Deep Learning Projects\Dog Emotion Detection\Final dog dataset\Final dog dataset\sad\I90FgvoZ2H8ojHoyyhCu3oaV5cX8cD274.jpg,sad
C:\Users\nihar\Documents\ML Projects\Deep Learning Projects\Dog Emotion Detection\Final dog dataset\Final dog dataset\angry\W3z0i5Li2uN8T6aSMVsTojfcB5VBiW572.jpg,angry
C:\Users\nihar\Documents\ML Projects\Deep Learning Projects\Dog Emotion Detection\Final dog dataset\Final dog dataset\relaxed\494846085_aa03891171_b.jpg,relaxed
C:\Users\nihar\Documents\ML Projects\Deep Learning Projects\Dog Emotion Detection\Final dog dataset\Final dog dataset\happy\46s0XCjaspKpHd8zI5yd0LsC7GDSnq264.jpg,happy
C:\Users\nihar\Documents\ML Projects\Deep Learning Projects\Dog Emotion Detection\Final dog dataset\Final dog dataset\relaxed\33565569203_ce634ea81a_b.jpg,relaxed
C:\Users\nihar\Documents\ML Projects\Deep Learning Projects\Dog Emotion Detection\Final dog dataset\Final dog dataset\angry\buDb5LNVaCUnMvJlwKc3Lm4yIn0JPJ925.jpg,angry
C:\Users\nihar\Documents\ML Projects\Deep Learning Projects\Dog Emotion Detection\Final dog dataset\Final dog dataset\angry\aiQ3pRIXkOeb3rWRcoIpbp5UlXwx4U363.jpg,angry
C:\Users\nihar\Documents\ML Projects\Deep Learning Projects\Dog Emotion Detection\Final dog dataset\Final dog dataset\happy\A2cXjDg9lcFO9HuTruZNgYB940PvM0337.jpg,happy
C:\Users\nihar\Documents\ML Projects\Deep Learning Projects\Dog Emotion Detection\Final dog dataset\Final dog dataset\relaxed\8476077221_ed26cf8da4_b.jpg,relaxed
C:\Users\nihar\Documents\ML Projects\Deep Learning Projects\Dog Emotion Detection\Final dog dataset\Final dog dataset\relaxed\5627836410_1e10b332a1_b.jpg,relaxed
C:\Users\nihar\Documents\ML Projects\Deep Learning Projects\Dog Emotion Detection\Final dog dataset\Final dog dataset\angry\Shk66ji9OHZvg29uWH32eRzGzM1UFJ150.jpg,angry
C:\Users\nihar\Documents\ML Projects\Deep Learning Projects\Dog Emotion Detection\Final dog dataset\Final dog dataset\happy\8CWAVi4YFl4IUu8FcD1xbgBuSTcpri22.jpg,happy
C:\Users\nihar\Documents\ML Projects\Deep Learning Projects\Dog Emotion Detection\Final dog dataset\Final dog dataset\happy\6092023888_b9f036dcd7_b.jpg,happy
C:\Users\nihar\Documents\ML Projects\Deep Learning Projects\Dog Emotion Detection\Final dog dataset\Final dog dataset\relaxed\7266155286_d2afbdf02e_b.jpg,relaxed
C:\Users\nihar\Documents\ML Projects\Deep Learning Projects\Dog Emotion Detection\Final dog dataset\Final dog dataset\sad\lxDKtSfH6N30lQ0N6exwiuXKbvRTyj342.jpg,sad
C:\Users\nihar\Documents\ML Projects\Deep Learning Projects\Dog Emotion Detection\Final dog dataset\Final dog dataset\happy\5579511692_41c3214d62_b.jpg,happy
C:\Users\nihar\Documents\ML Projects\Deep Learning Projects\Dog Emotion Detection\Final dog dataset\Final dog dataset\sad\9mhwiN1WdotG99utu0RdgyaP64vl2a252.jpg,sad
C:\Users\nihar\Documents\ML Projects\Deep Learning Projects\Dog Emotion Detection\Final dog dataset\Final dog dataset\sad\LVPREKbYozsk0MAy6no2o6rM4qH9aq275.jpg,sad
C:\Users\nihar\Documents\ML Projects\Deep Learning Projects\Dog Emotion Detection\Final dog dataset\Final dog dataset\happy\ADrmYzHX2AgmZ6xWL5MPAquix69Mbf191.jpg,happy
C:\Users\nihar\Documents\ML Projects\Deep Learning Projects\Dog Emotion Detection\Final dog dataset\Final dog dataset\relaxed\3272819709_c22a33b640_b.jpg,relaxed
C:\Users\nihar\Documents\ML Projects\Deep Learning Projects\Dog Emotion Detection\Final dog dataset\Final dog dataset\sad\CFJcD7vHgIr6Uw5Avfc5mIvF4v3itz574.jpg,sad
C:\Users\nihar\Documents\ML Projects\Deep Learning Projects\Dog Emotion Detection\Final dog dataset\Final dog dataset\relaxed\4642289546_9970d1b248_b.jpg,relaxed
C:\Users\nihar\Documents\ML Projects\Deep Learning Projects\Dog Emotion Detection\Final dog dataset\Final dog dataset\angry\2561055473_70f68081f4_b - Copy.jpg,angry
C:\Users\nihar\Documents\ML Projects\Deep Learning Projects\Dog Emotion Detection\Final dog dataset\Final dog dataset\angry\UzCOcuLjSDENF1EVg5Zcw30sBLbGXt447.jpg,angry
C:\Users\nihar\Documents\ML Projects\Deep Learning Projects\Dog Emotion Detection\Final dog dataset\Final dog dataset\relaxed\6886746697_ca29d2c3db_b.jpg,relaxed
C:\Users\nihar\Documents\ML Projects\Deep Learning Projects\Dog Emotion Detection\Final dog dataset\Final dog dataset\sad\N35sjnuhA2QIdI4L5a6v15NnLGANSh84.jpg,sad
C:\Users\nihar\Documents\ML Projects\Deep Learning Projects\Dog Emotion Detection\Final dog dataset\Final dog dataset\happy\8723763761_536c2efb01_b.jpg,happy
C:\Users\nihar\Documents\ML Projects\Deep Learning Projects\Dog Emotion Detection\Final dog dataset\Final dog dataset\sad\6bTBUCpBfGirjZCeLuqxajPP9Qxezq396.jpg,sad
C:\Users\nihar\Documents\ML Projects\Deep Learning Projects\Dog Emotion Detection\Final dog dataset\Final dog dataset\happy\809392075_bc2df1668e_b.jpg,happy
C:\Users\nihar\Documents\ML Projects\Deep Learning Projects\Dog Emotion Detection\Final dog dataset\Final dog dataset\relaxed\4029502207_a44c8b3715_b.jpg,relaxed
C:\Users\nihar\Documents\ML Projects\Deep Learning Projects\Dog Emotion Detection\Final dog dataset\Final dog dataset\happy\7892328432_bacf7753e0_b.jpg,happy
C:\Users\nihar\Documents\ML Projects\Deep Learning Projects\Dog Emotion Detection\Final dog dataset\Final dog dataset\sad\2mHGLm7zpIaqy5EH6C0subbBOwuYem766.jpg,sad
C:\Users\nihar\Documents\ML Projects\Deep Learning Projects\Dog Emotion Detection\Final dog dataset\Final dog dataset\relaxed\7260799396_4a8a480e15_b.jpg,relaxed
C:\Users\nihar\Documents\ML Projects\Deep Learning Projects\Dog Emotion Detection\Final dog dataset\Final dog dataset\sad\KmuSsgTTYK5FJ0s49P3Qfc0bWaP5KO628.jpg,sad
C:\Users\nihar\Documents\ML Projects\Deep Learning Projects\Dog Emotion Detection\Final dog dataset\Final dog dataset\relaxed\8797607_f5797b81b4_b.jpg,relaxed
C:\Users\nihar\Documents\ML Projects\Deep Learning Projects\Dog Emotion Detection\Final dog dataset\Final dog dataset\relaxed\36369544774_f1d988f48f_b.jpg,relaxed
C:\Users\nihar\Documents\ML Projects\Deep Learning Projects\Dog Emotion Detection\Final dog dataset\Final dog dataset\angry\DE2GS5HdI9v2OarSFq1YOWgKc73gRx548.jpg,angry
C:\Users\nihar\Documents\ML Projects\Deep Learning Projects\Dog Emotion Detection\Final dog dataset\Final dog dataset\relaxed\37357050315_547a2440f5_b.jpg,relaxed
C:\Users\nihar\Documents\ML Projects\Deep Learning Projects\Dog Emotion Detection\Final dog dataset\Final dog dataset\relaxed\51757799566_ab823d890d_b.jpg,relaxed
C:\Users\nihar\Documents\ML Projects\Deep Learning Projects\Dog Emotion Detection\Final dog dataset\Final dog dataset\angry\OrnpLRVAaVlopDPBkoxTY7O2UOlmvC894.jpg,angry
C:\Users\nihar\Documents\ML Projects\Deep Learning Projects\Dog Emotion Detection\Final dog dataset\Final dog dataset\relaxed\5542536233_904bc5747e_b.jpg,relaxed
C:\Users\nihar\Documents\ML Projects\Deep Learning Projects\Dog Emotion Detection\Final dog dataset\Final dog dataset\happy\7188510454_4519cd63de_b.jpg,happy
C:\Users\nihar\Documents\ML Projects\Deep Learning Projects\Dog Emotion Detection\Final dog dataset\Final dog dataset\relaxed\44242591962_14c7c5db0a_b.jpg,relaxed
C:\Users\nihar\Documents\ML Projects\Deep Learning Projects\Dog Emotion Detection\Final dog dataset\Final dog dataset\relaxed\9631697606_cdd740d872_b.jpg,relaxed
C:\Users\nihar\Documents\ML Projects\Deep Learning Projects\Dog Emotion Detection\Final dog dataset\Final dog dataset\relaxed\375962572_64c8cceadd_b.jpg,relaxed
C:\Users\nihar\Documents\ML Projects\Deep Learning Projects\Dog Emotion Detection\Final dog dataset\Final dog dataset\angry\qikuWbZx8GlzypBdc2m29YtlKXpHkZ580.jpg,angry
C:\Users\nihar\Documents\ML Projects\Deep Learning Projects\Dog Emotion Detection\Final dog dataset\Final dog dataset\sad\OX7dpgs5fS0J8eIlaw0Go506EnGnfU862.jpg,sad
C:\Users\nihar\Documents\ML Projects\Deep Learning Projects\Dog Emotion Detection\Final dog dataset\Final dog dataset\sad\dTIAnPncomgF7IXhwCIZi0koDL1Cfb845.jpg,sad
C:\Users\nihar\Documents\ML Projects\Deep Learning Projects\Dog Emotion Detection\Final dog dataset\Final dog dataset\happy\9303010282_5638b196b8_b.jpg,happy
C:\Users\nihar\Documents\ML Projects\Deep Learning Projects\Dog Emotion Detection\Final dog dataset\Final dog dataset\relaxed\9563515249_0c064192ec_b.jpg,relaxed
C:\Users\nihar\Documents\ML Projects\Deep Learning Projects\Dog Emotion Detection\Final dog dataset\Final dog dataset\happy\6LMDmHxK2Ag55dScEYtac4WFeqkRsM353.jpg,happy
C:\Users\nihar\Documents\ML Projects\Deep Learning Projects\Dog Emotion Detection\Final dog dataset\Final dog dataset\sad\ryenCG5t5sxcOVJxIEguvG32oVYoQe142.jpg,sad
C:\Users\nihar\Documents\ML Projects\Deep Learning Projects\Dog Emotion Detection\Final dog dataset\Final dog dataset\happy\kiyJIYIxs0HB3gP2c7mhQPbz5NwT01244.jpg,happy
C:\Users\nihar\Documents\ML Projects\Deep Learning Projects\Dog Emotion Detection\Final dog dataset\Final dog dataset\angry\NKXrJtaKsScZPGz2sp5aOoGQVLD4Fa440.jpg,angry
C:\Users\nihar\Documents\ML Projects\Deep Learning Projects\Dog Emotion Detection\Final dog dataset\Final dog dataset\sad\YAGicwbRbyOEWY5kl1qLRCq6Kxie3w186.jpg,sad
C:\Users\nihar\Documents\ML Projects\Deep Learning Projects\Dog Emotion Detection\Final dog dataset\Final dog dataset\relaxed\8273144645_8c3088ea15_b.jpg,relaxed
C:\Users\nihar\Documents\ML Projects\Deep Learning Projects\Dog Emotion Detection\Final dog dataset\Final dog dataset\sad\6FJANWlbGLt0XCx20ve17RUnUZeW6S590.jpg,sad
C:\Users\nihar\Documents\ML Projects\Deep Learning Projects\Dog Emotion Detection\Final dog dataset\Final dog dataset\angry\BHPiTPvpl3AIfRmwblH9QX9BnIIae8425.jpg,angry
C:\Users\nihar\Documents\ML Projects\Deep Learning Projects\Dog Emotion Detection\Final dog dataset\Final dog dataset\happy\hgVHdl6fQ8t3ftiEsnQAtZmPqOsT48732.jpg,happy
C:\Users\nihar\Documents\ML Projects\Deep Learning Projects\Dog Emotion Detection\Final dog dataset\Final dog dataset\happy\35AvBz7mbnTW4Sh2MzNuGgR69nnaRV653.jpg,happy
C:\Users\nihar\Documents\ML Projects\Deep Learning Projects\Dog Emotion Detection\Final dog dataset\Final dog dataset\relaxed\8356903864_5550c71421_b.jpg,relaxed
C:\Users\nihar\Documents\ML Projects\Deep Learning Projects\Dog Emotion Detection\Final dog dataset\Final dog dataset\sad\opmAozwKhbBc5IB9Gim4u2FNppvaPd882.jpg,sad
C:\Users\nihar\Documents\ML Projects\Deep Learning Projects\Dog Emotion Detection\Final dog dataset\Final dog dataset\relaxed\36700736434_c4b849d85e_b.jpg,relaxed
C:\Users\nihar\Documents\ML Projects\Deep Learning Projects\Dog Emotion Detection\Final dog dataset\Final dog dataset\sad\vRg0cofkFTNBtnNNn6Ar7agflE8geW736.jpg,sad
C:\Users\nihar\Documents\ML Projects\Deep Learning Projects\Dog Emotion Detection\Final dog dataset\Final dog dataset\relaxed\6891382441_412c9d9c17_b.jpg,relaxed
C:\Users\nihar\Documents\ML Projects\Deep Learning Projects\Dog Emotion Detection\Final dog dataset\Final dog dataset\happy\5910350721_8abc26d691_b.jpg,happy
C:\Users\nihar\Documents\ML Projects\Deep Learning Projects\Dog Emotion Detection\Final dog dataset\Final dog dataset\angry\Lj4JfW9DvD9vB8UhKBXv6QewVeHvCX585.jpg,angry
C:\Users\nihar\Documents\ML Projects\Deep Learning Projects\Dog Emotion Detection\Final dog dataset\Final dog dataset\sad\Rq2zSR1OjAgqClYSU2KwiC60dRG2f268.jpg,sad
C:\Users\nihar\Documents\ML Projects\Deep Learning Projects\Dog Emotion Detection\Final dog dataset\Final dog dataset\sad\0BntC5Yeh254FCqZO9f7Rd88myxmm5172.jpg,sad
C:\Users\nihar\Documents\ML Projects\Deep Learning Projects\Dog Emotion Detection\Final dog dataset\Final dog dataset\angry\tvUXDVEAt56oSaX0mi3SkPsKiZ2HMO210.jpg,angry
C:\Users\nihar\Documents\ML Projects\Deep Learning Projects\Dog Emotion Detection\Final dog dataset\Final dog dataset\relaxed\4861086002_c08386e28e_b.jpg,relaxed
C:\Users\nihar\Documents\ML Projects\Deep Learning Projects\Dog Emotion Detection\Final dog dataset\Final dog dataset\angry\1aHBBQ71qEibU3fl15oivhwKxhiF6C302.jpg,angry
C:\Users\nihar\Documents\ML Projects\Deep Learning Projects\Dog Emotion Detection\Final dog dataset\Final dog dataset\sad\JjIgydCtBN4qMsPOASuIyEQsDds0QC984.jpg,sad
C:\Users\nihar\Documents\ML Projects\Deep Learning Projects\Dog Emotion Detection\Final dog dataset\Final dog dataset\angry\KxJKfof24pIpxsF3JmLjp4IoSHeQks652.jpg,angry
C:\Users\nihar\Documents\ML Projects\Deep Learning Projects\Dog Emotion Detection\Final dog dataset\Final dog dataset\happy\6357381499_c06e003339_b.jpg,happy
C:\Users\nihar\Documents\ML Projects\Deep Learning Projects\Dog Emotion Detection\Final dog dataset\Final dog dataset\relaxed\4990163836_0c27015dbe_b.jpg,relaxed
C:\Users\nihar\Documents\ML Projects\Deep Learning Projects\Dog Emotion Detection\Final dog dataset\Final dog dataset\happy\2ajEK1akISq6AyEMp5LaVnZtylCRCA156.jpg,happy
C:\Users\nihar\Documents\ML Projects\Deep Learning Projects\Dog Emotion Detection\Final dog dataset\Final dog dataset\happy\6768209699_0033200192_b.jpg,happy
C:\Users\nihar\Documents\ML Projects\Deep Learning Projects\Dog Emotion Detection\Final dog dataset\Final dog dataset\relaxed\5525295090_06e4c58005_b.jpg,relaxed
C:\Users\nihar\Documents\ML Projects\Deep Learning Projects\Dog Emotion Detection\Final dog dataset\Final dog dataset\relaxed\9249915702_84025321cc_b.jpg,relaxed
C:\Users\nihar\Documents\ML Projects\Deep Learning Projects\Dog Emotion Detection\Final dog dataset\Final dog dataset\sad\msgJhaADqsELcelNmxMphIhia8jDip698.jpg,sad
C:\Users\nihar\Documents\ML Projects\Deep Learning Projects\Dog Emotion Detection\Final dog dataset\Final dog dataset\happy\9153105676_d9326b86d1_b.jpg,happy
C:\Users\nihar\Documents\ML Projects\Deep Learning Projects\Dog Emotion Detection\Final dog dataset\Final dog dataset\relaxed\536023503_f211a4a078_b.jpg,relaxed
C:\Users\nihar\Documents\ML Projects\Deep Learning Projects\Dog Emotion Detection\Final dog dataset\Final dog dataset\angry\uTUc6wnNkDQr0wKcHQMyaTwIMcPiGL484.jpg,angry
C:\Users\nihar\Documents\ML Projects\Deep Learning Projects\Dog Emotion Detection\Final dog dataset\Final dog dataset\sad\JfeVpMEM3Nz60YY18FBySwmVSYXdju238.jpg,sad
C:\Users\nihar\Documents\ML Projects\Deep Learning Projects\Dog Emotion Detection\Final dog dataset\Final dog dataset\happy\d9IrdjGvwyGsK5eX7f8sW8Bgtx6Ft8379.jpg,happy
C:\Users\nihar\Documents\ML Projects\Deep Learning Projects\Dog Emotion Detection\Final dog dataset\Final dog dataset\angry\8npDb0wmbM4M3hdXavCWLgDXcQFGJ2160.jpg,angry
C:\Users\nihar\Documents\ML Projects\Deep Learning Projects\Dog Emotion Detection\Final dog dataset\Final dog dataset\sad\VCL66S8uZsr0epsJV3GdFS0N0w1PS4906.jpg,sad
C:\Users\nihar\Documents\ML Projects\Deep Learning Projects\Dog Emotion Detection\Final dog dataset\Final dog dataset\sad\0Z1kvjl1hDQNhG5KcpfpS3IESqlhca525.jpg,sad
C:\Users\nihar\Documents\ML Projects\Deep Learning Projects\Dog Emotion Detection\Final dog dataset\Final dog dataset\sad\D0hl6RqPUaEbh3NOMQiKgCiKI4w1vb638.jpg,sad
C:\Users\nihar\Documents\ML Projects\Deep Learning Projects\Dog Emotion Detection\Final dog dataset\Final dog dataset\sad\lIrf8hsi6dfyFNkcrmn5W9c1SWmBjD785.jpg,sad
C:\Users\nihar\Documents\ML Projects\Deep Learning Projects\Dog Emotion Detection\Final dog dataset\Final dog dataset\relaxed\40174542641_2b5dd78007_b.jpg,relaxed
C:\Users\nihar\Documents\ML Projects\Deep Learning Projects\Dog Emotion Detection\Final dog dataset\Final dog dataset\happy\8733131885_f90f0d41cf_b.jpg,happy
C:\Users\nihar\Documents\ML Projects\Deep Learning Projects\Dog Emotion Detection\Final dog dataset\Final dog dataset\angry\GJNK8r24EGy5KX3BqD7KJGUuD1ptzu833.jpg,angry
C:\Users\nihar\Documents\ML Projects\Deep Learning Projects\Dog Emotion Detection\Final dog dataset\Final dog dataset\happy\6860675857_1c67d50a5f_b.jpg,happy
C:\Users\nihar\Documents\ML Projects\Deep Learning Projects\Dog Emotion Detection\Final dog dataset\Final dog dataset\angry\lAWXeDtMiCaSBRzlsyr7s2fJEaY1bI39.jpg,angry
C:\Users\nihar\Documents\ML Projects\Deep Learning Projects\Dog Emotion Detection\Final dog dataset\Final dog dataset\relaxed\4171445028_c5ea6505ba_b.jpg,relaxed
C:\Users\nihar\Documents\ML Projects\Deep Learning Projects\Dog Emotion Detection\Final dog dataset\Final dog dataset\happy\BrRsATilqjZj2lF3u3S0OcDwwrsCXr202.jpg,happy
C:\Users\nihar\Documents\ML Projects\Deep Learning Projects\Dog Emotion Detection\Final dog dataset\Final dog dataset\sad\aGAHZj4YSvLEBJ5eGRKTDkCf7vizLQ816.jpg,sad
C:\Users\nihar\Documents\ML Projects\Deep Learning Projects\Dog Emotion Detection\Final dog dataset\Final dog dataset\sad\WGYDPJFZhXCIk8vDLUBTYl3wqEnZ8K387.jpg,sad
C:\Users\nihar\Documents\ML Projects\Deep Learning Projects\Dog Emotion Detection\Final dog dataset\Final dog dataset\happy\5TwsL07giF0CYBladvu4Op680SE049795.jpg,happy
C:\Users\nihar\Documents\ML Projects\Deep Learning Projects\Dog Emotion Detection\Final dog dataset\Final dog dataset\happy\6100437547_1882ae40d6_b.jpg,happy
C:\Users\nihar\Documents\ML Projects\Deep Learning Projects\Dog Emotion Detection\Final dog dataset\Final dog dataset\happy\7181069325_b6a80efc7d_b.jpg,happy
C:\Users\nihar\Documents\ML Projects\Deep Learning Projects\Dog Emotion Detection\Final dog dataset\Final dog dataset\angry\xgggLB2bMpT38pz8c6hIq6hyIJE0xY26.jpg,angry
C:\Users\nihar\Documents\ML Projects\Deep Learning Projects\Dog Emotion Detection\Final dog dataset\Final dog dataset\sad\ner43UgCeyU7Xd95CA9F3muKRhWj1S415.jpg,sad
C:\Users\nihar\Documents\ML Projects\Deep Learning Projects\Dog Emotion Detection\Final dog dataset\Final dog dataset\sad\d3kuUUv4VT15MHX8JyuZ7pTGHqBYit889.jpg,sad
